ÜRÜN NO;DIÞ ÇAP;YÜKSEKLÝK
1;71,3260;5,8540
2;71,6320;5,8890
3;71,4850;5,8160
4;71,4650;5,8190
5;71,6300;5,8160
6;71,4380;5,8550
7;71,4330;5,8180
8;71,4690;5,9500
9;71,4900;5,8260
10;71,4840;5,8410
11;71,4610;5,8150
12;71,4060;5,8510
13;71,4250;5,8400
14;71,4930;5,8580
15;71,4470;5,8640
16;71,5010;5,8840
17;71,4140;5,8500
18;71,5340;5,8550
19;71,4510;5,8760
20;71,4880;5,8470
21;71,5280;5,8270
22;71,4800;5,8520
23;71,4940;5,8140
24;71,4540;5,8920
25;71,3650;5,8240
26;71,4710;5,8410
27;71,4570;5,8350
28;71,4880;5,9570
29;71,5340;5,8470
30;71,4020;5,8920
31;71,4630;5,8300
32;71,4850;5,8300
33;71,5240;5,8250
34;71,5080;5,8910
35;71,4390;5,8340
36;71,4670;5,8210
37;71,4250;5,8350
38;71,5190;5,8230
39;71,5710;5,8450
40;71,5220;5,8300
41;71,5180;5,8770
42;71,5070;5,8480
43;71,4480;5,8470
44;71,5450;5,8360
45;71,4840;5,8160
46;71,5120;5,8650
47;71,4930;5,8420
48;71,4340;5,8450
49;71,4450;5,8640
50;71,5090;5,8090
51;71,4780;5,8470
52;71,5270;5,9030
53;71,4650;5,8130
54;71,4610;5,8280
55;71,3030;5,8050
56;71,4610;5,8710
57;71,4270;5,8870
58;71,4690;5,8490
59;71,4250;5,8340
60;71,5050;5,8360
61;71,5690;5,9010
62;71,4620;5,8150
63;71,4200;5,8720
64;71,6040;5,8490
65;71,4190;5,9530
66;71,4540;5,9270
67;71,4000;5,8390
68;71,4390;5,8310
69;71,4390;5,7950
70;71,5250;5,8710
71;71,4910;5,8320
72;71,5060;5,8630
73;71,4660;5,8240
74;71,3700;5,8220
75;71,3920;5,8530
76;71,4520;5,8540
77;71,3670;5,8260
78;71,3840;5,8830
79;71,3170;5,7950
80;71,9040;5,8610
81;71,3970;5,8210
82;71,4970;5,8440
83;71,5090;5,8740
84;71,4290;5,8290
85;71,3960;5,8510
86;71,5500;5,9520
87;71,4460;5,8400
88;71,4210;5,8520
89;71,5800;5,8550
90;71,4940;5,8520
91;71,4460;5,8370
92;71,5110;5,8280
93;71,5820;5,8200
94;71,6100;5,8400
95;71,4850;5,8810
96;71,5780;5,8070
97;71,5300;5,8260
98;71,5040;5,8280
99;71,4560;5,8350
100;71,5240;5,8280
101;71,5280;5,8140
102;71,3760;5,8870
103;71,5150;5,8820
104;71,4620;5,8480
105;71,4680;5,8730
106;71,5070;5,8490
107;71,4150;5,8440
108;71,5050;5,8570
109;71,4980;5,8170
110;71,3880;5,9060
111;71,5160;5,8300
112;71,5270;5,8300
113;71,3750;5,8480
114;71,4050;5,8540
115;71,5410;5,8210
116;71,4160;5,8640
117;71,4520;5,8910
118;71,5370;5,7830
119;71,4580;5,8280
120;71,6030;5,8290
121;71,4570;5,8290
122;71,4570;5,8520
123;71,5100;5,8540
124;71,3860;5,8570
125;71,4680;5,8270
126;71,5090;5,8380
127;71,5340;5,8550
128;71,5600;5,8140
129;71,4150;5,8420
130;71,4910;5,8170
131;71,5470;5,8250
132;71,6220;5,8410
133;71,3670;5,9510
134;71,6540;5,8870
135;71,3570;5,8250
136;71,5700;5,8440
137;71,4870;5,8030
138;71,4220;5,8210
139;71,5310;5,8220
140;71,5470;5,8220
141;71,3600;5,8220
142;70,8720;5,7820
143;71,4390;5,8290
144;71,5290;5,8180
145;71,4180;5,8110
146;71,4570;5,8710
147;71,4540;5,8230
148;71,4820;5,8550
149;71,4690;5,8480
150;71,3530;5,8280
151;71,4620;5,8400
152;71,5040;5,8590
153;71,5170;5,8290
154;71,4280;5,8630
155;71,3640;5,8060
156;71,5520;5,8280
157;71,4960;5,8210
158;71,4020;5,8240
159;71,4650;5,8470
160;71,5300;5,8520
161;71,4160;5,8370
162;71,6400;5,8160
163;71,4620;5,8070
164;71,4330;5,8410
165;71,5470;5,9250
166;71,4740;5,8480
167;71,4640;5,8690
168;71,5580;5,8800
169;71,5230;5,8550
170;71,4740;5,8610
171;71,4790;5,8550
172;71,3980;5,8890
173;71,4400;5,8530
174;71,5350;5,8420
175;71,3970;5,8430
176;71,4810;5,8420
177;71,4620;5,8530
178;71,6380;5,8610
179;71,5620;5,8280
180;71,5250;5,8440
181;71,4350;5,8560
182;71,4810;5,9260
183;71,5000;5,8230
184;71,4960;5,8630
185;71,5140;5,8940
186;71,4870;5,8310
187;71,4920;5,8370
188;71,5390;5,8250
189;71,4740;5,8400
190;71,4510;5,8320
191;71,4720;5,8450
192;71,4710;5,8950
193;71,5140;5,8810
194;71,3960;5,8470
195;71,4790;5,8250
196;71,5000;5,8490
197;71,4370;5,8340
198;71,4440;5,8520
199;71,3950;5,8430
200;71,5140;5,8960
201;71,4090;5,8710
202;71,5100;5,8450
203;71,5400;5,8370
204;71,4850;5,8590
205;71,4840;5,8520
206;71,4880;5,8090
207;71,4830;5,8470
208;71,4380;5,8430
209;71,4780;5,9320
210;71,4550;5,8070
211;71,3550;5,8470
212;71,5050;5,8070
213;71,3780;5,9720
214;71,4750;5,8050
215;71,4790;5,7950
216;71,5880;5,8620
217;71,5200;5,8770
218;71,4630;5,8350
219;71,3870;5,8110
220;71,3830;5,8560
221;71,4480;5,8460
222;71,4100;5,8110
223;71,5190;5,8440
224;71,4710;5,8370
225;71,3010;5,8150
226;71,3970;5,8180
227;71,4740;5,8620
228;71,5140;5,9250
229;71,4630;5,7980
230;71,4670;5,8340
231;71,5820;5,8560
232;71,4700;5,8410
233;71,4310;5,8490
234;71,5000;5,8280
235;71,4930;5,8440
236;71,5840;5,7880
237;71,4510;5,8500
238;71,5150;5,8620
239;71,4220;5,8830
240;71,4690;5,8540
241;71,5180;5,8240
242;71,5270;5,8090
243;71,3820;5,8690
244;71,4650;5,8300
245;71,5520;5,8730
246;71,5180;5,8330
247;71,5060;5,8500
248;71,4730;5,8660
249;71,5210;5,8490
250;71,4560;5,8380
251;71,4780;5,8290
252;71,6110;5,8130
253;71,4890;5,8410
254;71,4850;5,8350
255;71,4820;5,8310
256;71,5110;5,8520
257;71,4440;5,8700
258;71,5010;5,8630
259;71,4640;5,8630
260;71,4590;5,8330
261;71,5250;5,8350
262;71,4260;5,8830
263;71,4860;5,8300
264;71,4570;5,8730
265;71,4990;5,8370
266;71,4220;5,8380
267;71,3190;5,6750
268;71,4880;5,8270
269;71,5210;5,8110
270;71,4990;5,8690
271;71,5220;5,8130
272;71,4420;5,8610
273;71,4830;5,8290
274;71,4610;5,8470
275;71,5110;5,8150
276;71,3750;5,8910
277;71,5100;5,8400
278;71,3420;5,8540
279;71,5410;5,8210
280;71,3600;5,8110
281;71,4740;5,8460
282;71,5910;5,8730
283;71,4920;5,8280
284;71,4900;5,8420
285;71,3820;5,8260
286;71,5340;5,8270
287;72,7730;5,7850
288;71,5000;5,8100
289;71,5530;5,8370
290;71,4200;5,8360
291;71,5030;5,8550
292;71,4470;5,8830
293;71,4760;5,8140
294;71,4930;5,8370
295;71,5060;5,8750
296;71,5180;5,8400
297;71,4190;5,8150
298;71,4800;5,8740
299;71,5030;5,8560
300;71,3660;5,8620
301;71,5090;5,8120
302;71,5220;5,8340
303;71,4370;5,8310
304;71,3140;5,8210
305;71,5020;5,8070
306;71,4550;5,8550
307;71,3810;5,8750
308;71,4740;5,8670
309;71,4680;5,8180
310;71,4880;5,8720
311;71,4270;5,8510
312;71,4620;5,8140
313;71,3800;5,8160
314;71,3830;5,8220
315;71,4420;5,8440
316;71,5420;5,8170
317;71,4810;5,8150
318;71,5380;5,8820
319;71,4350;5,8000
320;71,4790;5,8300
321;71,4020;5,8800
322;71,5360;5,8110
323;71,5170;5,8140
324;71,5110;5,8310
325;71,5000;5,8280
326;71,4440;5,8530
327;71,4600;5,8600
328;71,3450;5,8000
329;71,5110;5,8340
330;71,4200;5,8470
331;71,4950;5,8360
332;71,4530;5,8700
333;71,3580;5,8590
334;71,4910;5,8480
335;71,4380;5,8340
336;71,4800;5,8180
337;71,5010;5,9240
338;71,4530;5,8460
339;71,4610;5,8090
340;71,4290;5,8350
341;71,4390;5,8810
342;71,3710;5,8580
343;71,4410;5,8370
344;71,4960;5,8080
345;71,4350;5,8550
346;71,4960;5,8540
347;71,5230;5,8450
348;71,4920;5,8900
349;71,3980;5,8400
350;71,5000;5,9070
351;71,3350;5,8140
352;71,4380;5,8590
353;71,6080;5,8760
354;71,4510;5,8320
355;71,5210;5,8170
356;71,6140;5,8310
357;71,3450;5,8320
358;71,5100;5,8340
359;71,5570;5,8670
360;71,4200;5,8270
361;71,4600;5,8230
362;71,3910;5,8880
363;71,5450;5,7900
364;71,2390;5,8030
365;71,4290;5,8640
366;71,5330;5,8440
367;71,4160;5,8350
368;71,4610;5,8730
369;71,3930;5,8350
370;71,4700;5,8210
371;71,3860;5,8590
372;71,4020;5,8280
373;71,3870;5,8400
374;71,4480;5,8270
375;71,5280;5,8590
376;71,5750;5,8240
377;71,5070;5,9680
378;71,4760;5,8570
379;71,4470;5,8690
380;71,4300;5,8510
381;71,5300;5,9070
382;71,4890;5,8950
383;71,5060;5,8140
384;71,5130;5,8620
385;71,3890;5,9510
386;71,4210;5,9160
387;71,4550;5,8330
388;71,4420;5,8630
389;71,4700;5,8640
390;71,5480;5,8300
391;71,5070;5,7960
392;71,4700;5,9000
393;71,4830;5,8290
394;71,4340;5,8980
395;71,5620;5,8310
396;71,4480;5,8740
397;71,4400;5,8550
398;71,4410;5,8470
399;71,4980;5,8420
400;71,4250;5,8200
401;71,4680;5,9310
402;71,4760;5,8100
403;71,5260;5,8510
404;71,4640;5,8730
405;71,4490;5,8600
406;71,4720;5,8100
407;71,4380;5,8410
408;71,4970;5,8280
409;71,4500;5,8820
410;71,4640;5,8750
411;71,4810;5,8360
412;71,4980;5,8170
413;71,4990;5,8240
414;71,5310;5,8260
415;71,4550;5,8110
416;71,4660;5,8250
417;71,3310;5,8040
418;71,5090;5,8290
419;71,4730;5,8310
420;71,4360;5,8260
421;71,4400;5,8260
422;71,4830;5,8370
423;71,4970;5,8200
424;71,5760;5,8410
425;71,4830;5,8550
426;71,4810;5,8950
427;71,5140;5,7330
428;71,3860;5,8340
429;71,5060;5,8350
430;71,5760;5,8750
431;71,5210;5,8250
432;71,5220;5,8250
433;71,5190;5,8680
434;71,4670;5,8280
435;71,4230;5,8310
436;71,4970;5,8850
437;71,4810;5,8230
438;71,4710;5,8670
439;71,4230;5,8670
440;71,5520;5,8170
441;71,5080;5,8540
442;71,4750;5,8330
443;71,6030;5,8480
444;71,5200;5,8580
445;71,4730;5,8470
446;71,4880;5,8540
447;71,4200;5,8380
448;71,3800;5,8340
449;71,4570;5,8770
450;71,3710;5,8240
451;71,4110;5,8230
452;71,4720;5,8200
453;71,3430;5,8420
454;71,4590;5,8310
455;71,5420;5,8700
456;71,4470;5,8280
457;71,4730;5,8620
458;71,4820;5,8790
459;71,4330;5,8400
460;71,4710;5,8330
461;71,4590;5,8400
462;71,4970;5,8820
463;71,4860;5,8260
464;71,4470;5,8420
465;71,5700;5,8560
466;71,4490;5,8660
467;71,4660;5,7900
468;71,4990;5,8370
469;71,4660;5,8180
470;71,4800;5,8550
471;71,4850;5,8520
472;71,3830;5,8220
473;71,5610;5,8000
474;71,4630;5,8420
475;71,5550;5,8250
476;71,4960;5,8090
477;71,5210;5,8160
478;71,5190;5,8400
479;71,4660;5,8360
480;71,4270;5,8450
481;71,5210;5,8350
482;71,3680;5,8350
483;71,5580;5,8510
484;71,4890;5,8210
485;71,4050;5,8050
486;71,4260;5,8520
487;71,5710;5,8610
488;71,4620;5,8930
489;71,4910;5,8510
490;71,4670;5,8270
491;71,3710;5,8300
492;71,4030;5,7970
493;71,3850;5,8550
494;71,4020;5,8180
495;71,5650;5,8470
496;71,5240;5,8170
497;71,4720;5,8460
498;71,3710;5,8670
499;71,4690;5,8610
500;71,4590;5,8420
501;71,8400;5,8240
502;71,4580;5,8530
503;71,3500;5,8860
504;71,5150;5,8520
505;71,4770;5,7960
506;71,3820;5,8400
507;71,5090;5,8650
508;71,4680;5,8360
509;71,4440;5,8360
510;71,4460;5,8160
511;71,3800;5,8510
512;71,4440;5,8250
513;71,4260;5,8300
514;71,4410;5,8370
515;71,4610;5,8340
516;71,5330;5,8450
517;71,4710;5,8960
518;71,3890;5,7960
519;71,5090;5,8580
520;71,4350;5,8850
521;71,6590;5,8190
522;71,4790;5,8360
523;71,5380;5,8470
524;71,4670;5,8620
525;71,4410;5,8360
526;71,4140;5,8470
527;71,6110;5,8240
528;71,5620;5,8300
529;71,5690;5,8550
530;71,5140;5,9370
531;71,5080;5,9160
532;71,5070;5,8660
533;71,4480;5,8530
534;71,4130;5,8570
535;71,4390;5,8260
536;71,3860;5,8550
537;71,4270;5,8430
538;71,5080;5,8540
539;71,4680;5,8860
540;71,4780;5,8210
541;71,4550;5,8790
542;71,5070;5,8320
543;71,4010;5,8090
544;71,4510;5,8240
545;71,5010;5,8600
546;71,4450;5,8890
547;71,5630;5,8780
548;71,5110;5,8160
549;71,4060;5,8640
550;71,4790;5,8130
551;71,4740;5,8480
552;71,5090;5,9100
553;71,4660;5,8320
554;71,4850;5,8270
555;71,4880;5,8150
556;71,4030;5,8320
557;71,4560;5,8090
558;71,4920;5,7940
559;71,4820;5,8750
560;71,5000;5,8410
561;71,4280;5,8420
562;71,4350;5,8650
563;71,4730;5,8350
564;71,4140;5,8670
565;71,4290;5,8400
566;71,4580;5,8520
567;71,4790;5,8290
568;71,4270;5,8670
569;71,4650;5,8460
570;71,5040;5,8150
571;71,4130;5,8410
572;71,4640;5,8640
573;71,4640;5,8500
574;71,5080;5,8230
575;71,4830;5,8200
576;71,5140;5,8100
577;71,4710;5,8720
578;71,3710;5,8350
579;71,5920;5,8210
580;71,5170;5,8580
581;71,4450;5,8330
582;71,5000;5,8430
583;71,4320;5,8160
584;71,3700;5,9240
585;71,3860;5,8340
586;71,5230;5,8980
587;71,4350;5,8500
588;71,5470;5,8110
589;71,5000;5,8400
590;71,5710;5,8830
591;71,5190;5,8420
592;71,5290;5,8090
593;71,4360;5,8370
594;71,4890;5,8160
595;71,5200;5,8330
596;71,3820;5,8830
597;71,3940;5,8140
598;71,4090;5,8540
599;71,4380;5,8770
600;71,4070;5,8110
601;71,5070;5,9170
602;71,4380;5,8340
603;71,4660;5,8310
604;71,4070;5,8370
605;71,1980;5,8090
606;71,4600;5,8660
607;71,4680;5,8180
608;71,2360;5,8300
609;71,4360;5,8580
610;71,4790;5,8630
611;71,5400;5,8200
612;71,4370;5,8290
613;71,4710;5,8400
614;71,4820;5,8250
615;71,4460;5,8460
616;71,4870;5,8410
617;71,4450;5,8670
618;71,4250;5,8420
619;71,5110;5,8300
620;71,5820;5,8790
621;71,5430;5,8580
622;71,4290;5,8180
623;71,4850;5,8930
624;71,4240;5,8320
625;71,4770;5,8560
626;71,4820;5,8610
627;71,5490;5,8480
628;71,5250;5,8470
629;71,5430;5,8470
630;71,3880;5,9640
631;71,3740;5,8080
632;71,4350;5,8710
633;71,5010;5,8460
634;71,4760;5,8450
635;71,3340;5,8370
636;71,4480;5,8350
637;71,6170;5,8650
638;71,4710;5,8730
639;71,4010;5,8590
640;71,4940;5,8330
641;71,4560;5,8970
642;71,3760;5,8110
643;71,4500;5,8650
644;71,5280;5,8660
645;71,4830;5,8990
646;71,5090;5,9580
647;71,4720;5,8720
648;71,3840;5,8050
649;71,4580;5,8280
650;71,4400;5,8330
651;71,4410;5,8330
652;71,4990;5,8270
653;71,4350;5,8370
654;71,4490;5,8410
655;71,4160;5,8230
656;71,5590;5,8600
657;71,4740;5,8430
658;71,4760;5,8290
659;71,5210;5,8270
660;71,4760;5,8390
661;71,4590;5,8360
662;71,4560;5,8430
663;71,5310;5,8410
664;71,4850;5,8190
665;71,3970;5,8450
666;71,4180;5,8240
667;71,5600;5,8400
668;71,4800;5,8110
669;71,4960;5,8400
670;70,7340;5,8310
671;71,4390;5,7970
672;71,4000;5,8680
673;71,3770;5,8420
674;71,4880;5,8780
675;71,4280;5,9490
676;71,4920;5,8430
677;71,5110;5,8260
678;71,4010;5,8550
679;71,5370;5,8220
680;71,4990;5,8910
681;71,3610;5,8540
682;71,3990;5,8740
683;71,4670;5,8550
684;71,5150;5,7260
685;71,4220;5,8440
686;71,4010;5,8110
687;71,4610;5,8260
688;71,4720;5,8710
689;71,4830;5,8890
690;71,5150;5,8320
691;71,4960;5,8520
692;71,5190;5,8250
693;71,4960;5,8360
694;71,4650;5,8680
695;71,4940;5,8310
696;71,3660;5,8260
697;71,4260;5,8480
698;71,5440;5,8870
699;71,5240;5,8240
700;71,4060;5,8150
701;71,4530;5,8870
702;71,4370;5,7890
703;71,4110;5,8220
704;71,3850;5,8410
705;71,4030;5,8890
706;71,4560;5,8790
707;71,4060;5,8550
708;71,5240;5,8160
709;71,4590;5,8570
710;71,4650;5,8730
711;71,4900;5,8120
712;71,4830;5,8340
713;71,4610;5,8360
714;71,4580;5,8540
715;71,4470;5,8200
716;71,5240;5,8580
717;71,3660;5,8300
718;71,5020;5,8620
719;71,4970;5,8580
720;71,3870;5,8400
721;71,4160;5,8380
722;71,5070;5,8670
723;71,5810;5,8300
724;71,5700;5,8470
725;71,8320;5,8280
726;71,4670;5,8520
727;71,4360;5,8260
728;71,4920;5,8380
729;71,4630;5,8150
730;71,4570;5,8120
731;71,2900;5,8770
732;71,4880;5,8470
733;71,3620;5,8370
734;71,4810;5,8750
735;71,5340;5,8170
736;71,4350;5,8090
737;71,4130;5,8450
738;71,4750;5,8480
739;71,5010;5,8290
740;71,4520;5,9460
741;71,4130;5,8830
742;71,4370;5,8710
743;71,5240;5,8600
744;71,4940;5,8870
745;71,4780;5,8940
746;71,4670;5,8700
747;71,4990;5,8150
748;71,4370;5,8410
749;71,5120;5,8190
750;71,5120;5,8440
751;72,0310;5,8350
752;71,4760;5,8470
753;71,4280;5,8560
754;71,4340;5,8160
755;71,3690;5,8510
756;71,3610;5,8110
757;71,4530;5,8550
758;71,5240;5,8470
759;71,4010;5,8170
760;71,4530;5,8420
761;71,3950;5,8450
762;71,5340;5,8520
763;71,5320;5,7980
764;71,4310;5,8400
765;71,4790;5,8500
766;71,5030;5,8260
767;71,4080;5,8570
768;71,4420;5,8070
769;71,4510;5,8350
770;71,4750;5,8260
771;71,4670;5,8390
772;71,4830;5,8130
773;71,4190;5,8250
774;71,4920;5,8760
775;71,3880;5,8320
776;71,5220;5,8000
777;71,5140;5,8410
778;71,5010;5,8430
779;71,5100;5,8410
780;71,5170;5,8310
781;71,5480;5,8600
782;71,4850;5,8480
783;71,5560;5,8850
784;71,5140;5,8680
785;71,4440;5,8380
786;71,4670;5,8010
787;71,4570;5,8290
788;71,4510;5,8470
789;71,4360;5,8810
790;71,4740;5,8310
791;71,4960;5,8610
792;71,4040;5,8470
793;71,5100;5,8540
794;71,4490;5,8530
795;71,4980;5,8350
796;71,4850;5,8220
797;71,4980;5,8310
798;71,4370;5,8800
799;71,4920;5,8430
800;71,4910;5,7850
801;71,3870;5,8740
802;71,4850;5,8230
803;71,3620;5,8570
804;71,5000;5,8420
805;71,4250;5,8610
806;71,5230;5,8480
807;71,4080;5,8370
808;71,4670;5,8470
809;71,5540;5,8120
810;71,4420;5,8320
811;71,3910;5,8390
812;71,5030;5,8750
813;71,4830;5,8300
814;71,3680;5,8240
815;71,4390;5,8930
816;71,3950;5,8620
817;71,3390;5,8090
818;71,4500;5,8060
819;71,4640;5,8490
820;71,4960;5,9140
821;71,4450;5,8620
822;71,3900;5,9060
823;71,9900;5,8130
824;71,4220;5,8380
825;71,5060;5,8650
826;71,5220;5,8370
827;71,5110;5,8240
828;71,4680;5,8550
829;71,3850;5,8020
830;71,5270;5,8370
831;71,4290;5,8340
832;71,4500;5,8260
833;71,4180;5,8650
834;71,5040;5,8220
835;71,4870;5,8340
836;71,4060;5,8240
837;71,5290;5,8380
838;71,5130;5,8430
839;71,4590;5,8580
840;71,3980;5,8110
841;71,4590;5,8640
842;71,5010;5,8500
843;71,4970;5,8780
844;71,4800;5,8440
845;71,4960;5,8650
846;71,4810;5,8280
847;71,4200;5,8620
848;71,3730;5,8700
849;71,4250;5,8760
850;71,5650;5,9310
851;71,4470;5,8410
852;71,5030;5,8250
853;71,4050;5,8510
854;71,4210;5,8620
855;71,4610;5,8650
856;71,4680;5,8380
857;71,5040;5,8810
858;71,4400;5,8330
859;71,5120;5,8220
860;71,5000;5,9560
861;71,4870;5,8300
862;71,5400;5,8740
863;71,3900;5,8440
864;71,5030;5,8830
865;71,3950;5,8420
866;71,5570;5,8440
867;71,3320;5,8350
868;71,3310;5,7900
869;71,4400;5,8300
870;71,4980;5,8240
871;71,4640;5,8290
872;71,4230;5,8280
873;71,4970;5,8240
874;71,3850;5,8210
875;71,4270;5,8230
876;71,4300;5,8440
877;71,5020;5,8390
878;71,4820;5,8420
879;71,4990;5,8590
880;71,5020;5,8350
881;71,4780;5,8210
882;71,3360;5,8240
883;71,4650;5,8540
884;71,2980;5,8380
885;71,5110;5,8140
886;71,4860;5,8820
887;71,4940;5,8480
888;71,4790;5,8870
889;71,4150;5,8380
890;71,5150;5,8510
891;71,3850;5,8520
892;71,5440;5,8710
893;71,5130;5,8620
894;71,4890;5,8560
895;71,3990;5,8280
896;71,3780;5,8460
897;71,4760;5,8150
898;71,5470;5,8790
899;71,5630;5,8320
900;71,4560;5,8460
901;71,5090;5,8660
902;71,4600;5,8620
903;71,5250;5,8450
904;71,4740;5,8670
905;71,4830;5,8470
906;71,4300;5,8100
907;71,3410;5,8490
908;71,5130;5,8570
909;71,4880;5,8630
910;71,4710;5,7370
911;71,1790;5,8570
912;71,4690;5,8950
913;71,5110;5,8710
914;71,4750;5,8430
915;71,4230;5,7960
916;71,4580;5,8600
917;71,4290;5,8450
918;71,4300;5,8490
919;71,4860;5,8560
920;71,5470;5,8440
921;71,5010;5,8510
922;71,4400;5,8020
923;71,4890;5,8610
924;71,5570;5,8570
925;71,3750;5,8350
926;71,3900;5,8460
927;71,4560;5,8070
928;71,4030;5,8270
929;71,4480;5,8740
930;71,4180;5,8390
931;71,5350;5,8520
932;71,4790;5,8500
933;71,3860;5,8420
934;71,3710;5,8510
935;71,4710;5,8350
936;71,4920;5,8540
937;71,4900;5,8540
938;71,3860;5,8830
939;71,4600;5,8260
940;71,3790;5,8120
941;71,4750;5,8770
942;71,3910;5,8280
943;71,4790;5,8310
944;71,4920;5,8600
945;71,4770;5,8300
946;71,4690;5,8460
947;71,5320;5,8350
948;71,4750;5,8410
949;71,4460;5,8390
950;71,4630;5,8640
951;70,1570;5,8620
952;71,6030;5,8430
953;71,5620;5,8420
954;71,5110;5,8420
955;71,4880;5,8530
956;71,5320;5,8260
957;71,4750;5,8250
958;71,4900;5,8370
959;71,5070;5,8190
960;71,4320;5,8690
961;71,3930;5,8630
962;71,5050;5,8350
963;71,5300;5,8380
964;71,4670;5,8300
965;71,3430;5,8090
966;71,4500;5,8580
967;71,5070;5,8390
968;71,4630;5,8650
969;71,4640;5,9190
970;71,4710;5,8310
971;71,3920;5,8860
972;71,5600;5,8700
973;71,4280;5,8480
974;71,3350;5,8490
975;71,3890;5,8380
976;71,5230;5,8650
977;71,5080;5,8870
978;71,4760;5,8500
979;71,4680;5,8500
980;71,4770;5,8770
981;71,4570;5,8360
982;71,4310;5,8540
983;71,2760;5,8770
984;71,3450;5,8640
985;71,4820;5,8170
986;71,5050;5,8340
987;71,3970;5,8990
988;71,4920;5,9240
989;71,4350;5,8180
990;71,5710;5,8250
991;71,4120;5,8170
992;71,2460;5,8550
993;71,4910;5,8550
994;71,4530;5,9020
995;71,4660;5,8300
996;71,4600;5,8220
997;71,4950;5,8440
998;71,3940;5,8370
999;71,4470;5,8400
1000;71,5150;5,9310
1001;71,5270;5,8240
1002;71,4390;5,8340
1003;71,5100;5,8730
1004;71,4920;5,8660
1005;71,5220;5,8970
1006;71,4820;5,8470
1007;71,3740;5,8170
1008;71,4900;5,8540
1009;71,4410;5,8400
1010;71,4440;5,8190
1011;71,3780;5,8800
1012;71,4900;5,8360
1013;71,5090;5,7910
1014;71,5200;5,7840
1015;71,4010;5,8670
1016;71,4460;5,8460
1017;71,4980;5,8150
1018;71,4570;5,8130
1019;71,5770;5,8720
1020;71,5460;5,8600
1021;71,4930;5,7950
1022;71,4380;5,8260
1023;71,4130;5,8510
1024;71,5190;5,8810
1025;71,5000;5,8200
1026;71,4330;5,8600
1027;71,4590;5,7870
1028;71,5510;5,8540
1029;71,5000;5,8200
1030;71,4190;5,8530
1031;71,4450;5,8760
1032;71,3600;5,8180
1033;71,5140;5,8250
1034;71,5380;5,8300
1035;71,5380;5,8420
1036;71,4790;5,9120
1037;71,4350;5,8820
1038;71,3920;5,8270
1039;71,4670;5,9020
1040;71,3920;5,8340
1041;71,4530;5,8220
1042;71,5130;5,8540
1043;71,5250;5,8460
1044;71,4500;5,8730
1045;71,4440;5,8690
1046;71,3950;5,8210
1047;71,5080;5,8510
1048;71,4160;5,8540
1049;71,3620;5,8420
1050;71,5180;5,8390
1051;71,5280;5,8420
1052;71,4460;5,8330
1053;71,4340;5,8280
1054;71,4560;5,8630
1055;71,4800;5,8420
1056;71,5510;5,8450
1057;71,2540;5,8360
1058;71,4900;5,8040
1059;71,5290;5,8230
1060;71,4370;5,8280
1061;71,3370;5,8990
1062;71,4910;5,8310
1063;71,4770;5,8650
1064;71,4070;5,8460
1065;71,4130;5,8570
1066;71,4630;5,8170
1067;71,5550;5,8770
1068;71,3770;5,8590
1069;71,4460;5,8200
1070;71,4730;5,8330
1071;71,4640;5,8380
1072;71,4300;5,8280
1073;71,4630;5,8400
1074;71,5660;5,8180
1075;71,4110;5,8650
1076;71,4600;5,8090
1077;71,5390;5,8590
1078;71,5370;5,9030
1079;71,4490;5,8190
1080;71,4150;5,8280
1081;71,3830;5,8460
1082;71,4020;5,8430
1083;71,4990;5,8450
1084;71,5120;5,8030
1085;71,4300;5,8540
1086;71,4080;5,8430
1087;71,4720;5,8690
1088;71,5510;5,8880
1089;71,5000;5,8550
1090;71,5140;5,8290
1091;71,4130;5,9140
1092;71,4180;5,9030
1093;71,4730;5,8690
1094;71,4640;5,8140
1095;71,5050;5,8400
1096;71,3880;5,8600
1097;71,5590;5,8960
1098;71,5210;5,8610
1099;71,4810;5,8420
1100;70,6810;5,9400
1101;71,5300;5,8430
1102;71,4740;5,8890
1103;71,4460;5,8210
1104;71,4470;5,8980
1105;71,4110;5,8700
1106;71,4920;5,8390
1107;71,4830;5,8390
1108;71,4550;5,8590
1109;71,4100;5,8410
1110;71,4030;5,8680
1111;71,3790;5,8270
1112;71,4740;5,8290
1113;71,5770;5,9580
1114;71,5480;5,8230
1115;71,4830;5,8070
1116;71,3150;5,8700
1117;71,4480;5,8350
1118;71,4900;5,8980
1119;71,4270;5,8350
1120;71,4690;5,8270
1121;71,3960;5,8590
1122;71,4530;5,8280
1123;71,4780;5,8520
1124;71,4970;5,9200
1125;71,5460;5,8610
1126;71,4970;5,8640
1127;71,4900;5,8950
1128;71,4470;5,8320
1129;71,5110;5,8600
1130;71,4140;5,8590
1131;71,4500;5,8300
1132;71,4910;5,9000
1133;71,4930;5,8500
1134;71,4350;5,8680
1135;71,3350;5,8560
1136;71,3890;5,8000
1137;71,4550;5,7440
1138;71,3630;5,8250
1139;71,5400;5,8060
1140;71,4360;5,8370
1141;71,4410;5,8690
1142;71,4990;5,8490
1143;71,4470;5,8600
1144;71,4300;5,8570
1145;71,2310;5,8170
1146;71,3720;5,8450
1147;71,3300;5,8430
1148;71,5210;5,8290
1149;71,4960;5,8620
1150;71,4750;5,8210
1151;71,5150;5,8420
1152;71,4880;5,8590
1153;71,5620;5,8750
1154;71,4980;5,9020
1155;71,4510;5,8200
1156;71,4740;5,8650
1157;71,4710;5,8300
1158;71,4650;5,8670
1159;71,3300;5,8800
1160;71,4580;5,8710
1161;71,4380;5,8590
1162;71,4980;5,9050
1163;71,3870;5,8280
1164;71,4950;5,8400
1165;71,4490;5,8450
1166;71,3840;5,8600
1167;71,4330;5,8360
1168;71,4010;5,8550
1169;71,5070;5,8340
1170;71,4870;5,8390
1171;71,5020;5,8760
1172;71,4920;5,8810
1173;71,4830;5,8610
1174;71,4650;5,8500
1175;71,5320;5,8320
1176;71,3920;5,8490
1177;71,4390;5,8370
1178;71,4570;5,9080
1179;71,4680;5,8490
1180;71,4270;5,8650
1181;71,3990;5,8740
1182;71,4400;5,8420
1183;71,4670;5,8710
1184;71,5390;5,8290
1185;71,4880;5,8420
1186;71,4160;5,8250
1187;71,5180;5,9850
1188;71,5220;5,8270
1189;71,4900;5,8460
1190;71,5240;5,8280
1191;71,4590;5,8140
1192;71,4190;5,8230
1193;71,4390;5,8560
1194;71,4860;5,8390
1195;71,3340;5,8050
1196;71,5530;5,8540
1197;71,4130;5,8600
1198;71,4790;5,8170
1199;71,5050;5,8340
1200;71,4820;5,8930
1201;71,4000;5,8460
1202;71,4180;5,8370
1203;71,5080;5,8520
1204;71,4780;5,8420
1205;71,5010;5,8010
1206;71,3660;5,8130
1207;71,4530;5,8100
1208;71,4570;5,8400
1209;71,4780;5,8490
1210;71,4400;5,8750
1211;71,4350;5,8190
1212;71,4670;5,8490
1213;71,4400;5,8600
1214;71,3780;5,8420
1215;71,4990;5,8920
1216;71,3780;5,8240
1217;71,4620;5,8060
1218;71,5580;5,8120
1219;71,4430;5,8260
1220;71,4450;5,8590
1221;71,3500;5,8750
1222;71,5100;5,8130
1223;71,4790;5,8530
1224;71,4530;5,8240
1225;71,4980;5,8410
1226;71,4860;5,8320
1227;71,5360;5,6550
1228;71,4590;5,8520
1229;71,5670;5,8220
1230;71,4660;5,8380
1231;71,4570;5,8550
1232;71,5490;5,8870
1233;71,5150;5,8370
1234;71,4410;5,8430
1235;71,3860;5,8790
1236;71,3910;5,8290
1237;71,3370;5,8530
1238;71,3540;5,8170
1239;71,4590;5,8700
1240;71,4800;5,8670
1241;71,3770;5,8040
1242;71,4570;5,8270
1243;71,3830;5,8060
1244;71,4440;5,8010
1245;71,4170;5,8280
1246;71,4760;5,8490
1247;71,5000;5,8520
1248;71,3950;5,8330
1249;71,3970;5,8590
1250;71,4600;5,8750
1251;71,3810;5,8580
1252;71,4890;5,8220
1253;71,4560;5,8570
1254;71,4040;5,8460
1255;71,4270;5,8100
1256;71,4460;5,8130
1257;71,4570;5,8320
1258;71,4160;5,8390
1259;71,4600;5,8690
1260;71,4920;5,8010
1261;71,5300;5,8540
1262;71,4890;5,8380
1263;71,4810;5,8300
1264;70,9610;5,8350
1265;71,3100;5,8250
1266;71,4820;5,8610
1267;71,4370;5,8420
1268;71,4650;5,8580
1269;71,3950;5,8900
1270;71,4360;5,8230
1271;71,4530;5,8600
1272;71,5570;5,8540
1273;71,5360;5,8330
1274;71,4730;5,8400
1275;71,5060;5,8590
1276;71,3850;5,8440
1277;71,4570;5,8480
1278;71,4960;5,8470
1279;71,3680;5,8500
1280;71,4910;5,8340
1281;71,4120;5,8430
1282;71,4940;5,8170
1283;71,4060;5,8380
1284;71,4910;5,8160
1285;71,4030;5,7400
1286;71,4600;5,8190
1287;71,3680;5,8370
1288;71,5040;5,8130
1289;71,3890;5,8450
1290;71,4540;5,8340
1291;71,6030;5,7920
1292;71,4080;5,8240
1293;71,5480;5,8250
1294;71,3530;5,8560
1295;71,4870;5,8350
1296;71,4690;5,8480
1297;71,4860;5,8440
1298;71,5210;5,8460
1299;71,4940;5,8170
1300;71,4520;5,8150
1301;71,4880;5,8160
1302;71,4070;5,8490
1303;71,4520;5,8170
1304;71,2800;5,8460
1305;71,4830;5,8660
1306;71,4920;5,8780
1307;71,3530;5,8010
1308;71,4030;5,8390
1309;71,4630;5,8770
1310;71,4580;5,8490
1311;71,3450;5,8420
1312;71,5530;5,7960
1313;71,5120;5,8590
1314;71,4790;5,8700
1315;71,5070;5,8580
1316;71,4610;5,8350
1317;71,4130;5,8510
1318;71,4190;5,8430
1319;71,5200;5,8460
1320;71,4430;5,8700
1321;71,5090;5,8220
1322;71,3820;5,8400
1323;71,5010;5,8290
1324;71,4820;5,8460
1325;71,4890;5,8390
1326;71,5340;5,8310
1327;71,4990;5,8520
1328;71,5450;5,8300
1329;71,4580;5,8340
1330;71,3750;5,7900
1331;71,4760;5,8490
1332;71,4810;5,8650
1333;71,4630;5,8350
1334;71,4910;5,8330
1335;71,5640;5,8600
1336;71,5740;5,8440
1337;71,3760;5,8320
1338;71,5360;5,8900
1339;71,4250;5,8420
1340;71,5350;5,8930
1341;71,4500;5,8880
1342;71,4870;5,8230
1343;71,4330;5,8420
1344;71,4340;5,8480
1345;71,4530;5,8480
1346;71,4080;5,8490
1347;71,4000;5,9340
1348;71,4550;5,9460
1349;71,3840;5,8500
1350;71,5010;5,8500
1351;71,4780;5,8460
1352;71,4920;5,8760
1353;71,3810;5,8580
1354;71,3860;5,8350
1355;71,2510;5,8720
1356;71,4690;5,8490
1357;71,4950;5,8350
1358;71,4820;5,8570
1359;71,3710;5,8380
1360;71,5250;5,7980
1361;71,3400;5,8390
1362;71,4370;5,8250
1363;71,4890;5,9070
1364;71,3740;5,8260
1365;71,5240;5,8230
1366;71,4600;5,8130
1367;71,3750;5,8280
1368;71,4910;5,8490
1369;71,5460;5,8430
1370;71,3840;5,8170
1371;71,4940;5,8340
1372;71,4640;5,8640
1373;71,5640;5,8610
1374;71,5520;5,8600
1375;71,3930;5,8450
1376;71,5110;5,8260
1377;71,3750;5,8450
1378;71,4740;5,8370
1379;71,4780;5,8290
1380;71,5250;5,8660
1381;71,5370;5,9430
1382;71,5090;5,8280
1383;71,4270;5,8350
1384;71,5520;5,8210
1385;71,4690;5,8040
1386;71,4010;5,8470
1387;71,3610;5,8540
1388;71,4290;5,8280
1389;71,4540;5,8530
1390;71,4560;5,8610
1391;71,4520;5,8460
1392;71,5710;5,8360
1393;71,3300;5,8340
1394;71,4720;5,8260
1395;71,3730;5,8560
1396;71,4740;5,9050
1397;71,5300;5,8200
1398;71,4720;5,8500
1399;71,4480;5,8320
1400;71,4340;5,8390
1401;71,4850;5,8190
1402;71,4340;5,9300
1403;71,5270;5,8500
1404;71,5020;5,9230
1405;71,4970;5,7930
1406;71,4640;5,8560
1407;71,3860;5,8890
1408;71,5240;5,8700
1409;71,4520;5,8460
1410;71,4870;5,8340
1411;71,4570;5,8610
1412;71,3560;5,8690
1413;71,5170;5,8560
1414;71,4320;5,8380
1415;71,5730;5,8760
1416;71,4000;5,8460
1417;71,4070;5,8470
1418;71,4710;5,8550
1419;71,5210;5,8550
1420;71,4950;5,8450
1421;71,3840;5,8440
1422;71,4240;5,8340
1423;71,4570;5,8490
1424;71,4200;5,8730
1425;71,4660;5,8090
1426;71,5380;5,8270
1427;71,5020;5,8350
1428;71,3890;5,8100
1429;71,4280;5,8390
1430;71,4670;5,8640
1431;71,4750;5,8740
1432;71,4480;5,8330
1433;71,4610;5,8260
1434;71,4710;5,8770
1435;71,5020;5,8260
1436;71,3740;5,8390
1437;71,4400;5,8260
1438;71,4970;5,8620
1439;71,5120;5,8290
1440;71,5370;5,8710
1441;71,5150;5,8270
1442;71,4210;5,8270
1443;71,5080;5,8360
1444;71,4680;5,8450
1445;71,4630;5,8360
1446;71,4860;5,8530
1447;71,3840;5,8410
1448;71,4320;5,8510
1449;71,5350;5,8420
1450;71,5020;5,8240
1451;71,3900;5,8180
1452;71,4580;5,8570
1453;71,4130;5,8160
1454;71,4700;5,8360
1455;71,5110;5,8180
1456;71,4280;5,8290
1457;71,4270;5,8190
1458;71,4340;5,8600
1459;71,4060;5,8190
1460;71,4780;5,9040
1461;71,4950;5,8520
1462;71,3760;5,8790
1463;71,4590;5,8720
1464;71,5100;5,8090
1465;71,5270;5,8100
1466;71,5190;5,8530
1467;71,4400;5,8380
1468;71,4460;5,8840
1469;71,4000;5,8370
1470;71,4120;5,8690
1471;71,3520;5,8220
1472;71,4400;5,8280
1473;71,4340;5,8570
1474;71,4130;5,8320
1475;71,4750;5,8880
1476;71,4040;5,8340
1477;71,4850;5,9220
1478;71,5240;5,8430
1479;71,4630;5,8390
1480;71,4750;5,8410
1481;71,4790;5,8550
1482;71,4920;5,8100
1483;71,5050;5,8340
1484;71,4570;5,8490
1485;71,3650;5,8240
1486;71,5100;5,8730
1487;71,4350;5,7970
1488;71,5060;5,8380
1489;71,5120;5,8240
1490;71,4760;5,8440
1491;71,4450;5,8530
1492;71,4440;5,8500
1493;71,4560;5,8470
1494;71,4340;5,7930
1495;71,4500;5,8350
1496;71,5150;5,8410
1497;71,5350;5,8760
1498;71,1900;5,8210
1499;71,5060;5,8170
1500;71,5030;5,8520
1501;71,4630;5,8660
1502;71,4540;5,8190
1503;71,4890;5,8480
1504;71,4810;5,8160
1505;71,4470;5,8420
1506;71,4240;5,8380
1507;71,4430;5,8570
1508;71,3670;5,8620
1509;71,4220;5,7980
1510;71,5280;5,8470
1511;71,4380;5,8420
1512;71,4170;5,8760
1513;71,4680;5,9100
1514;71,5250;5,8190
1515;71,4000;5,8170
1516;71,4690;5,8080
1517;71,4050;5,8660
1518;71,5080;5,8300
1519;71,4960;5,8470
1520;71,4840;5,8140
1521;71,4930;5,8450
1522;71,4130;5,9280
1523;71,4180;5,8160
1524;71,5230;5,8610
1525;71,4710;5,8650
1526;71,3900;5,8520
1527;71,4110;5,8740
1528;71,3850;5,8370
1529;71,5210;5,8400
1530;71,4970;5,8780
1531;71,5110;5,8590
1532;71,4590;5,8530
1533;71,5100;5,8440
1534;71,3630;5,8790
1535;71,5320;5,8270
1536;71,5080;5,8270
1537;71,4890;5,8440
1538;71,4650;5,8260
1539;71,4550;5,8420
1540;71,4450;5,8420
1541;71,4130;5,8360
1542;71,4040;5,8200
1543;71,4720;5,8210
1544;71,5040;5,8520
1545;71,2140;5,8230
1546;71,4950;5,9700
1547;71,4300;5,8480
1548;71,4650;5,8350
1549;71,3880;5,8570
1550;71,4860;5,8230
1551;71,4490;5,8310
1552;71,4660;5,8560
1553;71,5020;5,8510
1554;71,3800;5,8670
1555;71,4560;5,8590
1556;71,4440;5,8290
1557;71,4730;5,8400
1558;71,4280;5,8280
1559;71,4890;5,8800
1560;71,3740;5,8230
1561;71,3150;5,8340
1562;71,4930;5,8210
1563;71,5110;5,8450
1564;71,4820;5,8360
1565;71,4480;5,8340
1566;70,8980;5,8240
1567;71,5460;5,8550
1568;71,4700;5,8380
1569;71,4290;5,8440
1570;71,5320;5,8430
1571;71,4530;5,7900
1572;71,5040;5,8360
1573;71,4290;5,8460
1574;71,5530;5,8510
1575;71,5080;5,8330
1576;71,5520;5,8230
1577;71,2070;5,8470
1578;71,5600;5,8570
1579;71,4540;5,8760
1580;71,4870;5,8340
1581;71,4450;5,8830
1582;71,4140;5,8440
1583;71,4600;5,8550
1584;71,5200;5,8360
1585;71,4870;5,8390
1586;71,4010;5,8320
1587;71,4060;5,8330
1588;71,5300;5,8510
1589;71,5170;5,8340
1590;71,4430;5,8900
1591;71,4150;5,8400
1592;71,3870;5,8380
1593;71,4870;5,8440
1594;71,4630;5,9080
1595;71,4680;5,8100
1596;71,5150;5,8790
1597;71,4840;5,9050
1598;71,4160;5,8030
1599;71,4630;5,8500
1600;71,4370;5,7970
1601;71,4810;5,8280
1602;71,4800;5,8240
1603;71,3760;5,8520
1604;71,4490;5,8070
1605;71,4890;5,8970
1606;71,4900;5,8440
1607;71,4500;5,8270
1608;71,4230;5,8570
1609;71,4810;5,9020
1610;71,4160;5,8940
1611;71,4320;5,8220
1612;71,4930;5,8230
1613;71,4910;5,8430
1614;71,5400;5,8580
1615;71,5000;5,8470
1616;71,5240;5,8190
1617;71,4070;5,8290
1618;71,4360;5,8270
1619;71,5120;5,8440
1620;71,4970;5,8120
1621;71,4060;5,8320
1622;71,5940;5,8350
1623;71,5050;5,8280
1624;71,4940;5,8660
1625;71,3760;5,8440
1626;71,4850;5,8100
1627;71,4720;5,8640
1628;71,4440;5,8450
1629;71,4740;5,8330
1630;71,4590;5,8460
1631;71,4000;5,8170
1632;71,4010;5,8390
1633;71,4970;5,8220
1634;71,5110;5,8400
1635;71,4580;5,8380
1636;71,4570;5,8400
1637;71,4850;5,7080
1638;71,4570;5,8860
1639;71,5340;5,8720
1640;71,4680;5,8540
1641;71,4190;5,8620
1642;71,6020;5,8310
1643;71,4530;5,8390
1644;71,4540;5,8470
1645;71,4350;5,8680
1646;71,4210;5,8260
1647;71,4840;5,8440
1648;71,3800;5,8220
1649;71,4420;5,8330
1650;71,4170;5,8270
1651;71,4330;5,7950
1652;71,4980;5,8300
1653;71,5330;5,8680
1654;71,4320;5,8440
1655;71,5380;5,8500
1656;71,4370;5,8630
1657;71,5880;5,8540
1658;71,4360;5,8350
1659;71,4280;5,8990
1660;71,4130;5,8310
1661;71,4710;5,8400
1662;71,4960;5,8400
1663;71,4610;5,8130
1664;71,5190;5,8300
1665;71,4410;5,8450
1666;71,4910;5,8070
1667;71,4070;5,8250
1668;71,4890;5,8530
1669;71,4300;5,8510
1670;71,2890;5,8300
1671;71,4410;5,8580
1672;71,4910;5,8610
1673;71,4030;5,8210
1674;71,4360;5,8230
1675;71,4810;5,8250
1676;71,4090;5,8590
1677;71,5530;5,8570
1678;71,5080;5,8130
1679;71,4390;5,8290
1680;71,4860;5,8360
1681;71,4460;5,8190
1682;71,5800;5,8570
1683;71,4190;5,9310
1684;71,4040;5,8230
1685;71,4710;5,8470
1686;71,5130;5,8170
1687;71,5280;5,8420
1688;71,4200;5,8430
1689;71,5120;5,8300
1690;71,5610;5,8370
1691;71,4480;5,8210
1692;71,5520;5,8250
1693;71,4860;5,8450
1694;71,5240;5,8260
1695;71,4590;5,8890
1696;71,4710;5,8030
1697;71,5010;5,8570
1698;71,5430;5,8700
1699;71,4930;5,8320
1700;71,4640;5,8350
1701;71,4770;5,8280
1702;71,4760;5,8670
1703;71,4140;5,8350
1704;71,4700;5,8150
1705;71,4600;5,8870
1706;71,6080;5,8550
1707;71,4090;5,9810
1708;71,4410;5,8450
1709;71,5050;5,8560
1710;71,3850;5,8050
1711;71,4840;5,8720
1712;71,5900;5,8410
1713;71,0730;5,8150
1714;71,6230;5,8370
1715;71,4480;5,8590
1716;71,5840;5,8410
1717;71,5360;5,8380
1718;71,5170;5,8350
1719;71,4870;5,8370
1720;71,3940;5,8490
1721;71,4700;5,8530
1722;71,5300;5,8220
1723;71,4630;5,8650
1724;71,5550;5,8180
1725;71,5410;5,8530
1726;72,5650;5,9740
1727;71,4340;5,8380
1728;71,4970;5,8570
1729;71,5360;5,8250
1730;71,4960;5,8160
1731;71,4930;5,8410
1732;71,4790;5,8330
1733;71,6000;5,8640
1734;71,5690;5,8540
1735;71,4940;5,8450
1736;71,5500;5,8400
1737;71,5040;5,8450
1738;71,5290;5,8840
1739;71,5870;5,8260
1740;71,5010;5,8350
1741;71,4450;5,8500
1742;71,5520;5,8310
1743;72,5030;5,9040
1744;71,4990;5,9050
1745;71,5230;5,8410
1746;71,5070;5,8440
1747;71,4520;5,8470
1748;71,5560;5,8160
1749;71,4640;5,8500
1750;71,4500;5,8350
1751;71,3230;5,8180
1752;71,3770;5,8260
1753;71,3970;5,8520
1754;71,4970;5,8180
1755;71,4980;5,8670
1756;71,4810;5,8310
1757;71,3860;5,8440
1758;71,5460;5,8380
1759;71,5420;5,8870
1760;71,5370;5,8730
1761;71,5370;5,8550
1762;71,4620;5,8550
1763;71,3630;5,8200
1764;71,4540;5,8240
1765;71,4760;5,8480
1766;71,4320;5,8380
1767;71,5310;5,8330
1768;71,4480;5,8260
1769;71,4010;5,8490
1770;71,5310;5,8390
1771;71,3830;5,8630
1772;71,4010;5,8330
1773;71,4430;5,8060
1774;71,5010;5,8370
1775;71,5380;5,8430
1776;71,5010;5,8370
1777;71,3900;5,8450
1778;71,5260;5,8860
1779;71,5010;5,8420
1780;71,4320;5,8410
1781;71,3610;5,9160
1782;71,3690;5,8670
1783;71,4910;5,8300
1784;71,5430;5,8690
1785;71,4620;5,8410
1786;71,4370;5,8280
1787;71,5080;5,8300
1788;71,5030;5,8500
1789;71,4370;5,8780
1790;71,4790;5,8390
1791;71,4430;5,8980
1792;71,4120;5,8470
1793;71,4840;5,8780
1794;71,3970;5,8420
1795;71,4940;5,8220
1796;71,4380;5,8500
1797;71,5870;5,8160
1798;71,4880;5,8390
1799;71,1640;5,8780
1800;71,4790;5,8270
1801;71,4930;5,8580
1802;71,4910;5,8300
1803;71,4690;5,8160
1804;71,4470;5,8660
1805;71,5780;5,8730
1806;71,5660;5,7990
1807;71,5230;5,8570
1808;71,4930;5,8370
1809;71,5370;5,8110
1810;71,3950;5,8460
1811;71,5840;5,8370
1812;71,3920;5,8530
1813;71,5300;5,8430
1814;71,4440;5,8380
1815;71,5930;5,8490
1816;71,5210;5,8560
1817;71,4790;5,8310
1818;71,4820;5,8380
1819;71,3410;5,8300
1820;71,5050;5,8330
1821;71,5110;5,8380
1822;71,4400;5,8810
1823;71,4630;5,8640
1824;71,4870;5,8180
1825;71,4720;5,8550
1826;71,4950;5,9080
1827;71,4740;5,8480
1828;71,5100;5,9350
1829;71,4480;5,8010
1830;71,5860;5,8140
1831;71,5130;5,8200
1832;71,5150;5,8500
1833;71,4340;5,8510
1834;71,5510;5,8590
1835;71,4910;5,8480
1836;71,4090;5,8380
1837;71,5370;5,8350
1838;71,5540;5,8590
1839;71,4390;5,8750
1840;71,5160;5,8610
1841;71,4270;5,8590
1842;71,3890;5,8200
1843;71,5600;5,8290
1844;71,5280;5,8460
1845;71,5620;5,8270
1846;71,4600;5,8270
1847;71,4740;5,8670
1848;71,4060;5,8240
1849;71,4050;5,8490
1850;71,5100;5,9460
1851;71,4910;5,8380
1852;71,4420;5,8420
1853;71,4050;5,8480
1854;71,3000;5,8630
1855;71,5110;5,8680
1856;71,4380;5,8550
1857;71,4380;5,8500
1858;71,4080;5,8630
1859;71,4860;5,8280
1860;71,3710;5,8400
1861;71,5230;5,8400
1862;71,3550;5,8540
1863;71,4700;5,8620
1864;71,4880;5,8390
1865;71,5060;5,8400
1866;71,5550;5,8680
1867;71,5300;5,8740
1868;71,4350;5,8370
1869;71,5660;5,8500
1870;71,4640;5,7960
1871;71,5440;5,8240
1872;71,4280;5,8120
1873;71,3630;5,8340
1874;71,4130;5,8420
1875;71,5300;5,8340
1876;71,3880;5,8410
1877;71,5480;5,8160
1878;71,5440;5,8400
1879;71,5500;5,8420
1880;71,3720;5,8440
1881;71,4270;5,8340
1882;71,4980;5,8250
1883;71,4610;5,8020
1884;71,4900;5,8350
1885;71,5160;5,8520
1886;71,4930;5,8570
1887;71,5260;5,8080
1888;71,3940;5,8140
1889;71,4720;5,8280
1890;71,4070;5,8760
1891;71,4920;5,8400
1892;71,5110;5,8770
1893;71,3680;5,8120
1894;71,4370;5,8330
1895;71,5360;5,8250
1896;71,5090;5,7990
1897;71,5100;5,8090
1898;71,4120;5,8290
1899;71,4610;5,8400
1900;71,3440;5,8720
1901;71,4450;5,8480
1902;71,4220;5,8480
1903;71,4780;5,8410
1904;71,5310;5,8230
1905;71,4130;5,8240
1906;71,4720;5,8350
1907;71,4890;5,8600
1908;71,5120;5,8400
1909;71,4580;5,8620
1910;71,4850;5,8610
1911;71,4880;5,8350
1912;71,4060;5,8330
1913;71,4520;5,9930
1914;71,4220;5,8360
1915;71,3570;5,8930
1916;71,4680;5,8370
1917;71,5160;5,8380
1918;71,3650;5,8420
1919;71,4100;5,8180
1920;71,4870;5,8330
1921;71,5060;5,8530
1922;71,5030;5,8840
1923;71,5220;5,8440
1924;71,3670;5,8000
1925;71,4250;5,8770
1926;71,5300;5,8430
1927;71,5340;5,8350
1928;71,3880;5,8290
1929;71,4240;5,8200
1930;71,4600;5,8480
1931;71,3330;5,8640
1932;71,5260;5,8440
1933;71,4790;5,8580
1934;71,4240;5,8480
1935;71,2120;5,8040
1936;71,3960;5,8380
1937;71,4170;5,8610
1938;71,5000;5,8740
1939;71,5440;5,8530
1940;71,4910;5,8430
1941;71,4160;5,8300
1942;71,4040;5,8450
1943;71,4720;5,8250
1944;71,4440;5,8600
1945;71,4460;5,8260
1946;71,5090;5,8230
1947;71,4860;5,8460
1948;71,5320;5,7850
1949;71,3960;5,8770
1950;71,4470;5,8460
1951;71,4060;5,8850
1952;71,4690;5,8480
1953;71,5310;5,8870
1954;71,4730;5,8360
1955;71,4390;5,8350
1956;71,5070;5,8250
1957;71,5310;5,8750
1958;71,5470;5,8250
1959;71,5200;5,8350
1960;71,5010;5,8470
1961;71,4970;5,8500
1962;71,3390;5,8560
1963;71,4080;5,9240
1964;71,3470;5,8360
1965;71,4190;5,8740
1966;71,4550;5,8160
1967;71,4750;5,8540
1968;71,3740;5,8540
1969;71,4400;5,8310
1970;71,4210;5,8540
1971;71,4790;5,8470
1972;71,5330;5,8130
1973;71,5260;5,8380
1974;71,5040;5,8290
1975;71,5520;5,8560
1976;71,5580;5,8670
1977;71,4910;5,9090
1978;71,4730;5,7980
1979;71,4810;5,8440
1980;71,4200;5,8350
1981;71,4500;5,8460
1982;71,4580;5,7980
1983;71,4280;5,7950
1984;71,4290;5,8390
1985;71,4620;5,8600
1986;71,4500;5,8740
1987;71,5060;5,8160
1988;71,5050;5,8320
1989;71,4630;5,8430
1990;71,4650;5,8440
1991;71,4150;5,8880
1992;71,5430;5,8800
1993;71,5010;5,8630
1994;71,4750;5,8110
1995;71,4960;5,8280
1996;71,5320;5,8290
1997;71,4020;5,8380
1998;71,4530;5,8740
1999;71,4930;5,8200
2000;71,3730;5,8560
2001;71,4970;5,8390
2002;71,4280;5,8550
2003;71,4040;5,8280
2004;71,4650;5,8570
2005;71,5090;5,8350
2006;71,4530;5,8160
2007;71,4820;5,8620
2008;71,6210;5,8980
2009;71,5190;5,7970
2010;71,4710;5,8130
2011;71,4760;5,8460
2012;71,4900;5,8260
2013;71,4360;5,8690
2014;71,4740;5,8400
2015;71,4670;5,8340
2016;71,4000;5,8410
2017;71,4540;5,8610
2018;71,4420;5,8620
2019;71,4890;5,8390
2020;71,4960;5,8440
2021;71,4030;5,8620
2022;71,4390;5,8390
2023;71,4490;5,8710
2024;71,4510;5,8560
2025;71,4810;5,8540
2026;71,4510;5,8500
2027;71,4430;5,8330
2028;71,3790;5,8290
2029;71,3900;5,8430
2030;71,4940;5,8250
2031;71,4480;5,8710
2032;71,4750;5,8290
2033;71,4580;5,8270
2034;71,5130;5,8100
2035;71,5490;5,9000
2036;71,4950;5,8360
2037;71,4980;5,8480
2038;71,4810;5,8500
2039;71,4230;5,8230
2040;71,4440;5,8400
2041;71,4400;5,8520
2042;71,4430;5,8790
2043;71,5150;5,8550
2044;71,4640;5,8720
2045;71,4940;5,8460
2046;71,5390;5,8440
2047;71,4640;5,8700
2048;71,4630;5,9650
2049;71,5480;5,8270
2050;71,4550;5,8310
2051;71,4990;5,8610
2052;71,4140;5,9060
2053;71,4380;5,8300
2054;71,4870;5,8210
2055;71,4880;5,8700
2056;71,5080;5,8450
2057;71,4890;5,8750
2058;71,5290;5,8410
2059;71,4110;5,8300
2060;71,4900;5,8550
2061;71,4160;5,8640
2062;71,4630;5,8020
2063;71,4870;5,8730
2064;71,4790;5,8340
2065;71,4700;5,8530
2066;71,5510;5,8160
2067;71,4970;5,8300
2068;71,4310;5,8490
2069;71,4510;5,8400
2070;71,5470;5,8930
2071;71,5470;5,8140
2072;71,5020;5,8480
2073;71,4410;5,8380
2074;71,4550;5,8340
2075;71,4600;5,8140
2076;71,4290;5,8290
2077;71,5440;5,8470
2078;71,4530;5,8290
2079;71,4950;5,8970
2080;71,4610;5,8480
2081;71,4770;5,8690
2082;71,4910;5,8360
2083;71,5650;5,8100
2084;71,4010;5,8080
2085;71,5290;5,8350
2086;71,4370;5,8550
2087;71,5670;5,8350
2088;71,5340;5,8730
2089;71,5460;5,8480
2090;71,4070;5,8440
2091;71,4230;5,8510
2092;71,4760;5,8260
2093;71,4350;5,8300
2094;71,4840;5,8440
2095;71,5030;5,8950
2096;71,5850;5,8620
2097;71,5490;5,8570
2098;71,4740;5,8770
2099;71,4670;5,7990
2100;71,5460;5,8600
2101;71,3850;5,8380
2102;71,4960;5,8490
2103;71,4620;5,8570
2104;71,5030;5,8440
2105;71,4280;5,8460
2106;71,5520;5,8690
2107;71,4550;5,8400
2108;71,5000;5,8870
2109;71,5020;5,8380
2110;71,5100;5,7730
2111;71,3600;5,8730
2112;71,4240;5,8670
2113;71,5450;5,8290
2114;71,5160;5,8180
2115;71,5330;5,8180
2116;71,4830;5,8310
2117;71,4970;5,8140
2118;71,4180;5,8940
2119;71,5060;5,8310
2120;71,5190;5,8630
2121;71,3700;5,8450
2122;71,5250;5,8270
2123;71,4200;5,8700
2124;71,4370;5,9030
2125;71,4750;5,8370
2126;71,3670;5,8390
2127;71,4820;5,8910
2128;71,5340;5,8520
2129;71,4180;5,8320
2130;71,4810;5,8260
2131;71,4280;5,8440
2132;71,4480;5,8650
2133;71,5240;5,8810
2134;71,4390;5,8310
2135;71,3700;5,8270
2136;71,2170;5,8430
2137;71,4350;5,8390
2138;71,5110;5,8170
2139;71,4500;5,8890
2140;71,5750;5,8390
2141;71,4460;5,8640
2142;71,4900;5,8350
2143;71,5220;5,8470
2144;71,4590;5,8250
2145;71,4340;5,8450
2146;71,5040;5,8370
2147;71,4410;5,8440
2148;71,5440;5,8150
2149;71,5130;5,8290
2150;71,5460;5,8550
2151;71,3720;5,8510
2152;71,5130;5,8190
2153;71,4610;5,8480
2154;71,5080;5,8310
2155;71,4540;5,8110
2156;71,5830;5,7850
2157;71,4680;5,7800
2158;71,5310;5,8560
2159;71,4000;5,8310
2160;71,5340;5,8490
2161;71,4990;5,8030
2162;71,4250;5,8330
2163;71,5310;5,8480
2164;71,4450;5,8380
2165;71,4460;5,8250
2166;72,6500;5,8420
2167;71,4570;5,8420
2168;71,4490;5,8400
2169;71,5300;5,8580
2170;71,5050;5,8530
2171;71,4860;5,8600
2172;71,5520;5,8560
2173;71,3730;5,8410
2174;71,4580;5,8460
2175;71,4630;5,8180
2176;71,5590;5,8030
2177;71,5520;5,8470
2178;71,4840;5,8290
2179;71,4710;5,8420
2180;71,5390;5,8370
2181;71,5110;5,8390
2182;71,5160;5,8570
2183;71,3920;5,8400
2184;71,5240;5,8290
2185;71,4380;5,8420
2186;71,4640;5,8590
2187;71,3580;5,8390
2188;71,5200;5,8270
2189;71,4550;5,8240
2190;71,4480;5,9360
2191;71,4860;5,9630
2192;71,4900;5,8360
2193;71,5330;5,8210
2194;71,4650;5,8420
2195;71,4610;5,8670
2196;71,4260;5,8080
2197;71,5570;5,8220
2198;71,4940;5,8520
2199;71,4270;5,8240
2200;71,5000;5,8490
2201;71,5670;5,8460
2202;71,4840;5,8860
2203;71,4070;5,8290
2204;71,4130;5,8430
2205;71,3710;5,8550
2206;71,4810;5,8400
2207;71,5100;5,8240
2208;71,5440;5,8160
2209;71,5170;5,8310
2210;71,4820;5,8530
2211;71,4540;5,8480
2212;71,5020;5,9240
2213;71,5360;5,8120
2214;71,4580;5,8420
2215;71,5140;5,8170
2216;71,4950;5,9780
2217;71,5030;5,8500
2218;71,4680;5,8660
2219;71,5070;5,8420
2220;71,4790;5,8080
2221;71,4120;5,8510
2222;71,4470;5,8300
2223;71,4550;5,8430
2224;71,4730;5,8440
2225;71,4330;5,9630
2226;71,3630;5,8410
2227;71,4430;5,8470
2228;71,4980;5,8610
2229;71,4160;5,8230
2230;71,3590;5,7880
2231;71,5720;5,8510
2232;71,4990;5,8530
2233;71,4430;5,8120
2234;71,4510;5,8360
2235;71,4510;5,8480
2236;71,4220;5,8560
2237;71,4330;5,8960
2238;71,4100;5,8460
2239;71,5280;5,8690
2240;71,5630;5,8590
2241;71,4880;5,8490
2242;71,5020;5,8580
2243;71,3660;5,8050
2244;71,4770;5,8450
2245;71,4120;5,8540
2246;71,4640;5,8230
2247;71,5220;5,8330
2248;71,4260;5,8410
2249;71,4510;5,8050
2250;71,4230;5,8170
2251;71,4470;5,8580
2252;71,4410;5,8460
2253;71,4900;5,8640
2254;71,5000;5,8870
2255;71,5460;5,8040
2256;71,5330;5,8410
2257;71,5380;5,8190
2258;71,4900;5,9180
2259;71,4480;5,8200
2260;71,4830;5,7930
2261;71,4580;5,8530
2262;71,3860;5,8590
2263;71,4690;5,8270
2264;71,4740;5,8660
2265;71,4600;5,8600
2266;71,4830;5,8390
2267;71,3900;5,8590
2268;71,4810;5,8240
2269;71,4670;5,8270
2270;71,5070;5,8270
2271;71,4630;5,8240
2272;71,4760;5,8530
2273;71,4510;5,8700
2274;71,5080;5,8400
2275;71,3450;5,8370
2276;71,4560;5,8520
2277;71,5480;5,8560
2278;71,4880;5,8450
2279;71,4160;5,8480
2280;71,5690;5,8270
2281;71,3960;5,8380
2282;71,4450;5,8170
2283;71,4190;5,8800
2284;71,5070;5,8280
2285;71,2240;5,8240
2286;71,4520;5,8340
2287;71,5830;5,8160
2288;71,3750;5,8330
2289;71,4350;5,8360
2290;71,4010;5,8120
2291;71,4640;5,7990
2292;71,5390;5,8420
2293;71,4540;5,8300
2294;71,4800;5,8340
2295;71,5330;5,8330
2296;71,3920;5,8550
2297;71,4580;5,8210
2298;71,4640;5,8740
2299;71,3800;5,8740
2300;71,0910;5,8600
2301;71,4780;5,8050
2302;71,5290;5,8030
2303;71,4520;5,8230
2304;71,5550;5,8390
2305;71,5350;5,8790
2306;71,5020;5,8580
2307;71,4870;5,8570
2308;71,4820;5,8230
2309;71,4180;5,8370
2310;71,4490;5,8320
2311;71,5630;5,8310
2312;71,4940;5,8530
2313;71,4640;5,8520
2314;71,4770;5,8060
2315;71,4880;5,8660
2316;71,4520;5,8120
2317;71,4740;5,8310
2318;71,5900;5,8120
2319;71,3600;5,8220
2320;71,2260;5,8290
2321;71,4500;5,8470
2322;71,4450;5,8300
2323;71,4640;5,8670
2324;71,4620;5,8670
2325;71,5290;5,8290
2326;71,5520;5,8430
2327;71,4430;5,8540
2328;71,5060;5,7960
2329;71,2800;5,8430
2330;71,5180;5,8140
2331;71,3820;5,8580
2332;71,4000;5,8860
2333;71,4610;5,8440
2334;71,4320;5,8130
2335;71,5100;5,8730
2336;71,4080;5,8170
2337;71,4890;5,8120
2338;71,4760;5,8250
2339;71,4380;5,8360
2340;71,4980;5,8410
2341;71,3660;5,8490
2342;71,4370;5,8500
2343;71,4960;5,8510
2344;71,4460;5,8180
2345;71,4930;5,8580
2346;71,3640;5,8630
2347;71,5280;5,8190
2348;71,4340;5,8390
2349;71,3760;5,8230
2350;71,5070;5,8020
2351;71,5090;5,8380
2352;71,4830;5,8270
2353;71,4730;5,8650
2354;71,4740;5,8110
2355;71,4840;5,8300
2356;71,5850;5,8670
2357;71,3540;5,9740
2358;71,4300;5,8450
2359;71,4190;5,8270
2360;71,5490;5,8330
2361;71,3610;5,8230
2362;71,4750;5,8740
2363;71,4390;5,8460
2364;71,4360;5,8510
2365;71,3760;5,8620
2366;71,5080;5,8170
2367;71,4940;5,8050
2368;71,4030;5,8980
2369;71,4410;5,8310
2370;71,5040;5,8320
2371;71,4560;5,9140
2372;71,4670;5,8730
2373;71,4820;5,8990
2374;71,5000;5,8990
2375;71,5280;5,8530
2376;71,3670;5,8240
2377;71,5450;5,8530
2378;71,5480;5,8310
2379;71,4080;5,8090
2380;71,4030;5,8550
2381;71,4970;5,8260
2382;71,4780;5,8720
2383;71,4520;5,8340
2384;71,5310;5,7940
2385;71,4530;5,8720
2386;71,5040;5,8220
2387;71,3720;5,8510
2388;71,4550;5,8580
2389;71,3840;5,8250
2390;71,5290;5,8400
2391;71,4750;5,8490
2392;71,4570;5,8650
2393;71,3580;5,8640
2394;71,5050;5,8410
2395;71,4480;5,8310
2396;71,4600;5,8700
2397;71,4370;5,8340
2398;71,4950;5,8600
2399;71,4380;5,8620
2400;71,4420;5,8400
2401;71,4290;5,8430
2402;71,4300;5,8390
2403;71,5700;5,8360
2404;71,5260;5,8270
2405;71,5220;5,8230
2406;71,5220;5,8310
2407;71,5400;5,9620
2408;71,5150;5,8130
2409;71,4610;5,8390
2410;71,4340;5,8330
2411;71,5820;5,8640
2412;71,4220;5,8180
2413;71,4170;5,8600
2414;71,4670;5,8270
2415;71,3040;5,8600
2416;71,5090;5,8350
2417;71,4800;5,8490
2418;71,4730;5,8320
2419;71,5540;5,8370
2420;71,4580;5,8430
2421;71,4860;5,8160
2422;71,5030;5,7830
2423;71,4350;5,8420
2424;71,4720;5,8140
2425;71,3430;5,8500
2426;71,5260;5,8480
2427;71,4600;5,8550
2428;71,4500;5,8400
2429;71,3070;5,8550
2430;71,4820;5,8600
2431;71,4200;5,8290
2432;71,5290;5,8500
2433;71,3430;5,8200
2434;71,5190;5,8520
2435;71,5180;5,9290
2436;71,4160;5,8620
2437;71,4900;5,8480
2438;71,3740;5,9030
2439;71,4030;5,8750
2440;71,5090;5,8440
2441;71,4760;5,8360
2442;71,3930;5,8580
2443;71,3810;5,8300
2444;71,4740;5,8700
2445;71,4870;5,8560
2446;71,4390;5,8250
2447;71,4920;5,9160
2448;71,3760;5,8460
2449;71,3950;5,8180
2450;71,5250;5,8340
2451;71,5080;5,8400
2452;71,5550;5,8580
2453;71,3950;5,8360
2454;71,4810;5,8660
2455;71,3990;5,8520
2456;71,4840;5,8280
2457;71,4060;5,8250
2458;71,4850;5,8690
2459;71,5110;5,8340
2460;71,4640;5,8150
2461;71,4280;5,8670
2462;71,4630;5,8630
2463;71,4760;5,8230
2464;71,4330;5,8540
2465;71,4740;5,8340
2466;71,4420;5,8930
2467;71,4560;5,8400
2468;71,4680;5,8170
2469;71,3550;5,8200
2470;71,4430;5,8980
2471;71,4960;5,8550
2472;71,5110;5,8200
2473;71,5530;5,8240
2474;71,4280;5,8640
2475;71,4800;5,8580
2476;71,5690;5,8400
2477;71,4530;5,9120
2478;71,4520;5,8690
2479;71,4110;5,8970
2480;71,4480;5,8380
2481;71,5070;5,8460
2482;71,5050;5,8310
2483;71,4470;5,8240
2484;71,4530;5,8130
2485;71,3760;5,8680
2486;71,3910;5,8160
2487;71,5140;5,8290
2488;71,4940;5,8580
2489;71,4950;5,8270
2490;71,4750;5,8350
2491;71,4890;5,9640
2492;71,4670;5,9150
2493;71,4720;5,8470
2494;71,5210;5,8280
2495;71,3600;5,9770
2496;71,5130;5,8200
2497;71,5080;5,8390
2498;71,4000;5,8520
2499;71,3750;5,8370
2500;71,4310;5,8370
2501;71,4270;5,8740
2502;71,4740;5,9340
2503;71,4780;5,8560
2504;71,5250;5,8290
2505;71,4770;5,8270
2506;71,4290;5,8200
2507;71,4670;5,8600
2508;71,5570;5,8110
2509;71,4610;5,8400
2510;71,4890;5,8330
2511;71,4560;5,8250
2512;71,4200;5,8460
2513;71,4400;5,8430
2514;71,4740;5,8510
2515;71,4040;5,8320
2516;71,5010;5,8530
2517;71,5030;5,8270
2518;71,3770;5,8650
2519;71,4140;5,8540
2520;71,4630;5,8290
2521;71,4230;5,8320
2522;71,4310;5,8340
2523;71,4160;5,8460
2524;71,4480;5,8470
2525;71,4240;5,8680
2526;71,4770;5,8330
2527;71,4800;5,8490
2528;71,4750;5,8310
2529;71,5080;5,8590
2530;71,4970;5,8520
2531;71,4330;5,8410
2532;71,4000;5,8930
2533;71,5160;5,8380
2534;71,4600;5,8240
2535;71,5060;5,8640
2536;71,4580;5,8190
2537;71,3190;5,8090
2538;71,4650;5,9030
2539;71,5270;5,8530
2540;71,5490;5,8480
2541;71,4470;5,8320
2542;71,4490;5,8700
2543;71,5420;5,8190
2544;71,4370;5,8330
2545;71,3890;5,8460
2546;71,3400;5,8610
2547;71,5000;5,8330
2548;71,4140;5,8240
2549;71,4110;5,8570
2550;71,3570;5,8210
2551;71,4660;5,9720
2552;71,3970;5,8400
2553;71,5850;5,8390
2554;71,5560;5,8430
2555;71,4330;5,9140
2556;71,5290;5,9090
2557;71,4440;5,8480
2558;71,4920;5,8200
2559;71,4440;5,8380
2560;71,6180;5,8340
2561;71,4400;5,8480
2562;71,5180;5,8340
2563;71,4830;5,8390
2564;71,4680;5,8280
2565;71,4810;5,8470
2566;71,6070;5,8370
2567;71,4960;5,8390
2568;71,4610;5,8310
2569;71,5580;5,8420
2570;71,3640;5,8400
2571;71,4840;5,8810
2572;71,4630;5,8600
2573;71,4910;5,8440
2574;71,4350;5,8270
2575;71,3910;5,9610
2576;71,4990;5,8340
2577;71,4560;5,8400
2578;71,4800;5,8590
2579;71,4780;5,8160
2580;71,4870;5,8260
2581;71,4810;5,8540
2582;71,5290;5,8360
2583;70,8900;5,8030
2584;71,4920;5,8420
2585;71,3650;5,8330
2586;71,3800;5,8480
2587;71,4830;5,8590
2588;71,4900;5,8220
2589;71,4430;5,8640
2590;71,4720;5,8160
2591;71,4520;5,8570
2592;71,4640;5,8470
2593;71,4820;5,8380
2594;71,4880;5,8720
2595;71,4710;5,8430
2596;71,3750;5,8290
2597;71,4060;5,8330
2598;71,3730;5,8260
2599;71,4040;5,8330
2600;71,4940;5,9860
2601;71,3630;5,8390
2602;71,4150;5,8290
2603;71,4720;5,8710
2604;71,4360;5,8430
2605;71,4380;5,8130
2606;71,4740;5,8250
2607;71,4500;5,8230
2608;71,4610;5,8480
2609;71,4490;5,8480
2610;71,4690;5,8330
2611;71,4410;5,8300
2612;71,4020;5,8600
2613;71,4580;5,8170
2614;71,5070;5,9360
2615;71,4760;5,8480
2616;71,4850;5,8340
2617;71,4320;5,8180
2618;71,3560;5,8540
2619;71,3590;5,8520
2620;71,4350;5,8880
2621;71,5000;5,8370
2622;71,4730;5,8310
2623;71,4450;5,8280
2624;71,3840;5,8620
2625;71,4840;5,8290
2626;71,5090;5,9080
2627;71,4410;5,8450
2628;71,5110;5,8330
2629;71,4320;5,8150
2630;71,5090;5,8660
2631;71,3990;5,8240
2632;71,4420;5,8860
2633;71,5160;5,8340
2634;71,3570;5,8640
2635;71,5050;5,8670
2636;71,5300;5,7990
2637;71,4780;5,8360
2638;71,5110;5,8670
2639;71,5090;5,8270
2640;71,5080;5,8610
2641;71,4720;5,8660
2642;71,4380;5,8340
2643;71,3610;5,8440
2644;71,4950;5,8400
2645;71,4890;5,8520
2646;71,4610;5,8340
2647;71,4290;5,9610
2648;71,5880;5,8490
2649;71,4370;5,8500
2650;71,5170;5,8540
2651;71,4650;5,8490
2652;71,4850;5,8540
2653;71,4640;5,8600
2654;71,4940;5,8690
2655;71,4840;5,8600
2656;71,5220;5,8500
2657;71,3430;5,8260
2658;71,4140;5,8390
2659;71,4920;5,8660
2660;71,5020;5,8160
2661;71,4980;5,8340
2662;71,5100;5,8770
2663;71,5120;5,8290
2664;71,4420;5,8910
2665;71,4190;5,8040
2666;71,4470;5,8370
2667;71,4330;5,8220
2668;71,3880;5,8520
2669;71,4750;5,8930
2670;71,4520;5,9180
2671;71,4800;5,8630
2672;71,4890;5,7890
2673;71,4690;5,8670
2674;71,4020;5,8830
2675;71,4910;5,8490
2676;71,4530;5,8560
2677;71,4890;5,8990
2678;71,4140;5,8480
2679;71,5810;5,8220
2680;71,5250;5,8450
2681;71,4270;5,8480
2682;71,4410;5,8370
2683;71,4960;5,9020
2684;71,5170;5,8020
2685;71,3910;5,8130
2686;71,4230;5,8480
2687;71,4830;5,8460
2688;71,5230;5,8180
2689;71,5270;5,8450
2690;71,4690;5,9310
2691;71,4980;5,8220
2692;71,4610;5,8550
2693;71,4760;5,8140
2694;71,4660;5,8880
2695;71,5120;5,8700
2696;71,4410;5,8760
2697;71,3610;5,8610
2698;71,4800;5,8750
2699;71,3820;5,8430
2700;71,4730;5,8210
2701;71,5190;5,8900
2702;71,5030;5,8100
2703;71,4450;5,8140
2704;71,4870;5,9760
2705;71,4180;5,8740
2706;71,3970;5,8260
2707;71,4990;5,8880
2708;71,4600;5,8450
2709;71,5090;5,8470
2710;71,4770;5,8710
2711;71,3960;5,8450
2712;71,5180;5,8090
2713;71,5260;5,8280
2714;71,5450;5,9220
2715;71,4080;5,8410
2716;71,4640;5,8640
2717;71,4580;5,8140
2718;71,4940;5,8530
2719;71,4670;5,8220
2720;71,4390;5,8510
2721;71,4900;5,8390
2722;71,4960;5,8260
2723;71,4410;5,8250
2724;71,5730;5,8390
2725;71,5090;5,9270
2726;71,4540;5,8400
2727;71,5170;5,8330
2728;71,5300;5,8290
2729;71,4750;5,8100
2730;70,5010;5,8470
2731;71,4980;5,8780
2732;71,4420;5,8320
2733;71,4960;5,8400
2734;71,5010;5,8480
2735;71,4470;5,8850
2736;71,5410;5,9810
2737;71,5580;5,8310
2738;71,5050;5,8360
2739;71,4810;5,8340
2740;71,4880;5,8430
2741;71,4860;5,8400
2742;71,4520;5,8560
2743;71,4630;5,8500
2744;71,4700;5,8180
2745;71,4260;5,8550
2746;71,4500;5,8550
2747;71,4260;5,8420
2748;71,4830;5,9380
2749;71,4680;5,8220
2750;71,4540;5,9330
2751;71,4490;5,8160
2752;71,4660;5,8250
2753;71,5340;5,8330
2754;71,4670;5,8260
2755;71,5090;5,8430
2756;71,3720;5,8690
2757;71,4650;5,8350
2758;71,5260;5,8310
2759;71,4930;5,8700
2760;71,4360;5,7980
2761;71,5000;5,8870
2762;71,4950;5,8600
2763;71,5370;5,8500
2764;71,4820;5,8400
2765;71,4860;5,8730
2766;71,4930;5,8390
2767;71,4110;5,8550
2768;71,4720;5,8600
2769;71,5360;5,8120
2770;71,4690;5,8720
2771;71,4530;5,8210
2772;71,4680;5,7830
2773;71,4800;5,8260
2774;71,5080;5,8360
2775;71,4110;5,8220
2776;71,4870;5,7950
2777;71,4250;5,8460
2778;71,4650;5,8560
2779;71,5330;5,8290
2780;71,4910;5,8190
2781;71,4520;5,8400
2782;71,5460;5,8260
2783;71,5440;5,8170
2784;71,4880;5,8260
2785;71,5110;5,8740
2786;71,4580;5,8510
2787;71,5410;5,7820
2788;71,5730;5,8530
2789;71,5010;5,8410
2790;71,4850;5,8610
2791;71,5140;5,8330
2792;71,4920;5,8370
2793;71,4490;5,8420
2794;71,4530;5,8270
2795;71,4890;5,8200
2796;71,5180;5,8700
2797;71,5480;5,8400
2798;71,4400;5,8430
2799;71,4940;5,8540
2800;71,4970;5,8100
2801;71,4230;5,8350
2802;71,4390;5,8370
2803;71,3920;5,8180
2804;71,3960;5,8340
2805;71,4750;5,8570
2806;71,4310;5,8370
2807;71,4380;5,8120
2808;71,4840;5,8720
2809;71,4470;5,8320
2810;71,4540;5,8430
2811;71,4060;5,8360
2812;71,4870;5,8290
2813;71,5440;5,8360
2814;71,5050;5,8280
2815;71,5210;5,8370
2816;71,5010;5,8230
2817;71,5030;5,8250
2818;71,5640;5,8720
2819;71,5360;5,8310
2820;71,3930;5,8410
2821;71,5340;5,8480
2822;71,4140;5,8260
2823;71,5320;5,8270
2824;71,4920;5,8640
2825;71,4750;5,8650
2826;71,5100;5,8450
2827;71,4860;5,8160
2828;71,4920;5,8490
2829;71,2480;5,8090
2830;71,4990;5,8550
2831;71,4890;5,8250
2832;71,5110;5,8430
2833;71,5200;5,8590
2834;71,4960;5,8430
2835;71,5070;5,8260
2836;71,4750;5,8470
2837;71,4920;5,8430
2838;71,5150;5,8360
2839;71,5150;5,8560
2840;71,5400;5,8580
2841;71,4410;5,8100
2842;71,4880;5,8470
2843;71,5400;5,9530
2844;71,5800;5,8510
2845;71,5130;5,8490
2846;71,5190;5,8200
2847;71,4690;5,8540
2848;71,3360;5,8440
2849;71,4900;5,8250
2850;71,4130;5,8670
2851;71,5430;5,8620
2852;71,4490;5,7850
2853;71,4960;5,8260
2854;71,4830;5,8560
2855;71,4070;5,8210
2856;71,4210;5,8700
2857;71,4960;5,8200
2858;71,4450;5,8400
2859;71,4760;5,8310
2860;71,5200;5,8550
2861;71,4800;5,8180
2862;71,4580;5,8310
2863;71,3830;5,8370
2864;71,5010;5,8400
2865;71,3890;5,8420
2866;71,5640;5,8430
2867;71,4590;5,8320
2868;71,4940;5,8720
2869;71,4960;5,8580
2870;71,4580;5,8340
2871;71,5080;5,8220
2872;71,5820;5,8490
2873;71,5050;5,8130
2874;71,4440;5,8390
2875;71,4890;5,8860
2876;71,4100;5,8440
2877;71,4550;5,8300
2878;71,3860;5,8770
2879;71,5000;5,8490
2880;71,2970;5,8530
2881;71,5660;5,8690
2882;71,3750;5,8030
2883;71,5160;5,8190
2884;71,5380;5,8460
2885;71,2240;5,8410
2886;71,5290;5,8820
2887;71,4700;5,8100
2888;71,4540;5,8470
2889;71,5040;5,8820
2890;71,4570;5,8620
2891;71,5560;5,8390
2892;71,3860;5,8390
2893;71,3940;5,8590
2894;71,3590;5,8270
2895;71,4800;5,8530
2896;71,4670;5,7070
2897;71,3690;5,8470
2898;71,3230;5,8280
2899;71,5370;5,8740
2900;71,4850;5,8630
2901;71,4820;5,8710
2902;71,4810;5,8680
2903;71,4820;5,8340
2904;71,3880;5,8510
2905;71,3210;5,8810
2906;71,3530;5,8320
2907;71,4280;5,8730
2908;71,4830;5,8700
2909;71,3290;5,8440
2910;71,4260;5,8270
2911;71,4140;5,8330
2912;71,4870;5,8330
2913;71,4380;5,8230
2914;71,4110;5,8220
2915;71,4010;5,8280
2916;71,5200;5,8950
2917;71,4880;5,8620
2918;71,4340;5,8460
2919;71,4890;5,8330
2920;71,4560;5,8530
2921;71,5120;5,8350
2922;71,4360;5,8470
2923;71,4670;5,8290
2924;71,4810;5,8470
2925;71,4230;5,8220
2926;71,3880;5,8790
2927;71,5230;5,8510
2928;71,4880;5,8680
2929;71,4630;5,8500
2930;71,4260;5,8380
2931;71,4540;5,8450
2932;71,4730;5,8410
2933;71,5010;5,8490
2934;71,4720;5,8380
2935;71,4420;5,8650
2936;71,5520;5,8270
2937;71,4920;5,8340
2938;71,4030;5,9160
2939;71,4310;5,8440
2940;71,5290;5,8310
2941;71,4590;5,8410
2942;71,4480;5,8610
2943;71,4610;5,9050
2944;71,5060;5,8280
2945;71,4910;5,8280
2946;71,5560;5,9880
2947;71,4520;5,8700
2948;71,5140;5,8480
2949;71,4590;5,8590
2950;71,3830;5,8360
2951;71,4900;5,8640
2952;71,5100;5,9260
2953;71,4510;5,8690
2954;71,4950;5,8450
2955;71,4330;5,8110
2956;71,4970;5,8330
2957;71,5520;5,8520
2958;71,5220;5,8650
2959;71,3880;5,8040
2960;71,4900;5,8470
2961;71,4790;5,8190
2962;71,4610;5,8200
2963;71,4550;5,8320
2964;71,4330;5,8270
2965;71,4120;5,8860
2966;71,4860;5,8430
2967;71,4750;5,8580
2968;71,5520;5,8370
2969;71,4480;5,8140
2970;71,4480;5,8750
2971;71,4520;5,8530
2972;71,4950;5,8320
2973;71,5180;5,8410
2974;71,5200;5,8280
2975;71,4280;5,8090
2976;71,5400;5,8430
2977;71,4200;5,9510
2978;71,4420;5,8400
2979;71,4910;5,8420
2980;71,3970;5,8460
2981;71,3900;5,8610
2982;71,4300;5,8290
2983;71,3870;5,8430
2984;71,4650;5,8350
2985;71,4780;5,8460
2986;71,4130;5,8380
2987;71,3940;5,8450
2988;71,5000;5,8300
2989;71,4560;5,8710
2990;71,4760;5,8960
2991;71,4860;5,8550
2992;71,4550;5,8580
2993;71,5440;5,8360
2994;71,4010;5,8560
2995;71,4700;5,8480
2996;71,5230;5,8310
2997;71,5020;5,8420
2998;71,3940;5,8500
2999;71,4750;5,8880
3000;71,5060;5,8260
3001;71,4610;5,8530
3002;71,4460;5,8440
3003;71,4940;5,8280
3004;71,3910;5,8320
3005;71,4780;5,8340
3006;71,4770;5,8610
3007;71,4780;5,8460
3008;71,4410;5,8290
3009;71,4450;5,8350
3010;71,5340;5,8640
3011;71,4440;5,8470
3012;71,4670;5,8160
3013;71,4820;5,8430
3014;71,4570;5,8480
3015;71,4070;5,8510
3016;71,3440;5,8320
3017;71,4630;5,8480
3018;71,4210;5,8650
3019;71,3860;5,8540
3020;71,3910;5,8460
3021;71,5560;5,8320
3022;71,4840;5,8150
3023;71,3980;5,8440
3024;71,5170;5,8330
3025;71,5720;5,8750
3026;71,2380;5,8630
3027;71,4700;5,8600
3028;71,3930;5,8700
3029;71,4530;5,8860
3030;71,4110;5,8160
3031;71,4940;5,8040
3032;71,3930;5,8590
3033;71,4600;5,8270
3034;71,3830;5,8360
3035;71,4670;5,8450
3036;71,4880;5,8340
3037;71,5180;5,8380
3038;71,4980;5,8600
3039;71,5710;5,8270
3040;71,5250;5,8450
3041;71,4300;5,8670
3042;71,4550;5,8380
3043;71,4630;5,8790
3044;71,5080;5,8600
3045;71,5260;5,8620
3046;71,4090;5,8410
3047;71,3920;5,8690
3048;71,3790;5,7960
3049;71,4380;5,8540
3050;71,4630;5,8430
3051;71,5070;5,8990
3052;71,4720;5,8390
3053;71,4670;5,8710
3054;71,4820;5,8330
3055;71,4780;5,8900
3056;71,4980;5,8870
3057;71,3550;5,8780
3058;71,4750;5,8490
3059;71,4520;5,8250
3060;71,4810;5,9470
3061;71,4620;5,8260
3062;71,4750;5,8340
3063;71,4590;5,8480
3064;71,4990;5,8170
3065;71,4380;5,8560
3066;71,3250;5,8590
3067;71,4640;5,8310
3068;71,4060;5,8500
3069;71,4920;5,8560
3070;71,4720;5,8050
3071;71,3970;5,8590
3072;71,5430;5,8300
3073;71,4560;5,8930
3074;71,4540;5,8420
3075;71,4960;5,8260
3076;71,5210;5,9410
3077;71,4900;5,8400
3078;71,5300;5,8660
3079;71,4560;5,8580
3080;71,5300;5,9470
3081;71,5200;5,8720
3082;71,4020;5,8120
3083;71,5260;5,8360
3084;71,4330;5,8400
3085;71,4500;5,8500
3086;71,4750;5,9040
3087;71,4700;5,8740
3088;71,5430;5,8840
3089;71,4450;5,8410
3090;71,4770;5,8510
3091;71,4110;5,8460
3092;71,5000;5,8370
3093;71,4840;5,8220
3094;71,4810;5,8830
3095;71,4840;5,8460
3096;71,4360;5,8320
3097;71,5370;5,8140
3098;71,4390;5,8710
3099;71,4890;5,8850
3100;71,3740;5,8250
3101;71,4450;5,8430
3102;71,4410;5,8340
3103;71,4660;5,9150
3104;71,3670;5,8560
3105;71,4720;5,8470
3106;71,4790;5,8500
3107;71,4870;5,8590
3108;71,4240;5,8150
3109;71,4710;5,8240
3110;71,4510;5,8240
3111;71,4720;5,8560
3112;71,5370;5,8820
3113;71,4460;5,8200
3114;71,4320;5,8490
3115;71,4660;5,8790
3116;71,4190;5,8750
3117;71,3810;5,9410
3118;71,5230;5,8710
3119;71,4710;5,8720
3120;71,4730;5,9400
3121;71,4780;5,7960
3122;71,3800;5,8020
3123;71,5520;5,8220
3124;71,5060;5,8540
3125;71,4840;5,8500
3126;71,4700;5,8520
3127;71,4810;5,8820
3128;71,5550;5,8310
3129;71,4200;5,8640
3130;71,4610;5,8350
3131;71,5120;5,9430
3132;71,3920;5,8210
3133;71,4320;5,8410
3134;71,4280;5,9070
3135;71,5240;5,8550
3136;71,4600;5,8300
3137;71,4340;5,8330
3138;71,4530;5,8360
3139;71,4080;5,8610
3140;71,4610;5,8260
3141;71,0240;5,9260
3142;71,5100;5,8620
3143;71,2690;5,8520
3144;71,4740;5,8460
3145;71,4230;5,8580
3146;71,3950;5,8160
3147;71,4920;5,8420
3148;71,5200;5,8660
3149;71,3900;5,8460
3150;71,4960;5,8570
3151;71,5350;5,8590
3152;71,4960;5,8650
3153;71,4960;5,8230
3154;71,5660;5,8230
3155;71,4630;5,8160
3156;71,4310;5,8240
3157;71,4220;5,8440
3158;71,4510;5,8770
3159;71,3800;5,8590
3160;71,4850;5,8690
3161;71,4810;5,8540
3162;71,3950;5,8220
3163;71,5140;5,8650
3164;71,4960;5,8160
3165;71,4180;5,8260
3166;71,4930;5,8260
3167;71,4500;5,8550
3168;71,4590;5,8790
3169;71,5080;5,8640
3170;71,3870;5,8860
3171;71,4910;5,6990
3172;71,5460;5,8220
3173;71,5660;5,8510
3174;71,4900;5,8760
3175;71,3450;5,8490
3176;71,4540;5,8450
3177;71,4130;5,9460
3178;71,5000;5,8980
3179;71,5410;5,8290
3180;71,4720;5,8220
3181;71,4500;5,8440
3182;71,4930;5,8220
3183;71,4650;5,8810
3184;71,4970;5,8630
3185;71,4650;5,8750
3186;71,5090;5,8550
3187;71,4770;5,8330
3188;71,4210;5,8400
3189;71,4030;5,8370
3190;71,5120;5,8520
3191;71,3460;5,8290
3192;71,5250;5,8500
3193;71,5080;5,8530
3194;71,4840;5,8820
3195;71,5070;5,8280
3196;71,3910;5,8230
3197;71,4580;5,8350
3198;71,4810;5,8460
3199;71,3950;5,8260
3200;71,4520;5,8590
3201;71,3790;5,8280
3202;71,4860;5,8740
3203;71,5260;5,8140
3204;71,4560;5,8390
3205;71,4940;5,8050
3206;71,5000;5,8480
3207;71,4330;5,8220
3208;71,5070;5,9040
3209;71,3660;5,8510
3210;71,5220;5,8390
3211;71,4300;5,8690
3212;71,4220;5,8180
3213;71,4500;5,8490
3214;71,4380;5,8060
3215;71,4660;5,8390
3216;71,5060;5,8630
3217;71,4440;5,8310
3218;71,3730;5,8490
3219;71,5050;5,8300
3220;71,5100;5,8420
3221;71,5370;5,8610
3222;71,4990;5,8570
3223;71,4600;5,8370
3224;71,5410;5,8330
3225;71,5170;5,8580
3226;71,4890;5,8360
3227;71,4510;5,8410
3228;71,5630;5,8580
3229;71,4650;5,8410
3230;71,4820;5,8690
3231;71,4140;5,8230
3232;71,3940;5,8350
3233;71,4430;5,8250
3234;71,4900;5,8400
3235;71,4780;5,8660
3236;71,4690;5,8570
3237;71,4760;5,8260
3238;71,4820;5,8110
3239;71,5250;5,9180
3240;71,4610;5,8610
3241;71,4520;5,7920
3242;71,5360;5,8260
3243;71,5060;5,8090
3244;71,5230;5,8390
3245;71,5100;5,8490
3246;71,5120;5,8260
3247;71,4160;5,8890
3248;71,5180;5,9090
3249;71,5430;5,8840
3250;71,4930;5,8300
3251;71,4740;5,8700
3252;71,4910;5,8020
3253;71,4520;5,8570
3254;71,5100;5,8720
3255;71,3910;5,8220
3256;71,5600;5,8330
3257;71,4290;5,8290
3258;71,4340;5,8550
3259;71,3090;5,8300
3260;71,4970;5,8800
3261;71,5110;5,8450
3262;71,2730;5,8590
3263;71,4060;5,8370
3264;71,4490;5,8520
3265;71,5230;5,8260
3266;71,4590;5,8680
3267;71,4900;5,8550
3268;71,4620;5,8380
3269;71,3750;5,8010
3270;71,4760;5,8810
3271;71,4690;5,8500
3272;71,4010;5,8500
3273;71,4330;5,8520
3274;71,3840;5,8290
3275;71,4660;5,8600
3276;71,4620;5,8370
3277;71,4510;5,8490
3278;71,4550;5,8660
3279;71,4140;5,8760
3280;71,3760;5,8420
3281;71,4220;5,8400
3282;71,4930;5,9140
3283;71,3820;5,8620
3284;71,4760;5,9030
3285;71,4080;5,8360
3286;71,5310;5,8280
3287;71,4350;5,8420
3288;71,4840;5,8440
3289;71,4980;5,8530
3290;71,4610;5,8390
3291;71,4080;5,8600
3292;71,4430;5,8680
3293;71,4840;5,8780
3294;71,2690;5,8430
3295;71,3190;5,8510
3296;71,4370;5,8150
3297;71,5740;5,8270
3298;71,4930;5,8450
3299;71,5240;5,7960
3300;71,5070;5,8700
3301;71,4480;5,8240
3302;71,4460;5,8290
3303;71,4930;5,8330
3304;71,5510;5,8290
3305;71,4690;5,8240
3306;71,4610;5,8410
3307;71,4450;5,8520
3308;71,5040;5,8130
3309;71,4260;5,8260
3310;71,5210;5,8400
3311;71,5000;5,8560
3312;71,3230;5,8540
3313;71,4140;5,8590
3314;71,4600;5,8350
3315;71,4330;5,8340
3316;71,4490;5,8520
3317;71,4940;5,8950
3318;71,4730;5,8540
3319;71,4130;5,8380
3320;71,4080;5,8340
3321;71,4070;5,8190
3322;71,4670;5,8110
3323;71,5130;5,8600
3324;71,5380;5,8460
3325;71,4150;5,8390
3326;71,4790;5,8360
3327;71,4170;5,8200
3328;71,4980;5,8700
3329;71,5350;5,8650
3330;71,4090;5,8560
3331;71,5640;5,8500
3332;71,4010;5,9970
3333;71,5000;5,8160
3334;71,5080;5,8370
3335;71,4920;5,8470
3336;71,5040;5,8730
3337;71,5380;5,8250
3338;71,4180;5,8570
3339;71,4040;5,8370
3340;71,5440;5,9250
3341;71,5270;5,8490
3342;71,5260;5,8910
3343;71,4120;5,8510
3344;71,3850;5,8520
3345;71,4890;5,8300
3346;71,5660;5,8740
3347;71,4860;5,8250
3348;71,4720;5,8340
3349;71,4780;5,8280
3350;71,5530;5,8580
3351;71,5630;5,8480
3352;71,4990;5,8350
3353;71,4720;5,8370
3354;71,5300;5,8400
3355;71,5060;5,8560
3356;71,5320;5,8460
3357;71,5990;5,8600
3358;71,5380;5,8310
3359;71,4170;5,8530
3360;71,3850;5,8510
3361;71,4570;5,8390
3362;71,4300;5,8710
3363;71,5250;5,8370
3364;71,5970;5,8220
3365;71,5210;5,9020
3366;71,4630;5,8270
3367;71,5810;5,8750
3368;71,4440;5,8440
3369;71,5610;5,8580
3370;71,4010;5,8320
3371;71,4610;5,8560
3372;71,6090;5,8600
3373;71,5660;5,8870
3374;71,4680;5,8490
3375;71,4390;5,8990
3376;71,5240;5,8440
3377;71,4210;5,8620
3378;71,5560;5,8790
3379;71,5390;5,8300
3380;71,4600;5,8380
3381;71,5280;5,8350
3382;71,5690;5,9380
3383;71,4480;5,8720
3384;71,4900;5,8740
3385;71,5460;5,8100
3386;71,5080;5,8900
3387;71,4070;5,8750
3388;71,5310;5,8300
3389;71,4470;5,8350
3390;71,4080;5,8620
3391;71,5980;5,8870
3392;71,4080;5,8550
3393;71,4320;5,8100
3394;71,4590;5,8430
3395;71,5350;5,8410
3396;71,4820;5,8590
3397;71,4320;5,8770
3398;71,6770;5,8170
3399;71,4880;5,8400
3400;71,4800;5,8210
3401;71,4250;5,8320
3402;71,6300;5,8310
3403;71,3980;5,8580
3404;71,4080;5,8120
3405;71,3980;5,8330
3406;71,5370;5,8860
3407;71,0400;5,8330
3408;71,4770;5,8730
3409;71,5240;5,8340
3410;71,5210;5,8100
3411;71,5100;5,8400
3412;71,5000;5,8520
3413;71,2860;5,8570
3414;71,4900;5,8110
3415;71,4220;5,9510
3416;71,4820;5,8610
3417;71,5160;5,8660
3418;71,4510;5,8320
3419;71,5140;5,8620
3420;71,4540;5,8570
3421;71,5310;5,8400
3422;71,5150;5,8660
3423;71,4580;5,8500
3424;71,4070;5,8920
3425;71,4900;5,8210
3426;71,3920;5,8530
3427;71,2900;5,8260
3428;71,4510;5,8470
3429;71,3510;5,8440
3430;71,4640;5,8490
3431;71,5050;5,8670
3432;71,5030;5,8750
3433;71,5110;5,8620
3434;71,5200;5,8410
3435;71,4320;5,8350
3436;71,5760;5,8720
3437;71,4400;5,8120
3438;71,5760;5,8310
3439;71,4360;5,8450
3440;71,5270;5,8640
3441;71,1840;5,8430
3442;71,4540;5,8480
3443;71,4420;5,8590
3444;71,4810;5,8090
3445;71,5190;5,9800
3446;71,4960;5,9160
3447;71,5310;5,8310
3448;71,4810;5,9080
3449;71,5790;5,8730
3450;71,5220;5,8430
3451;71,4830;5,8100
3452;71,4390;5,9200
3453;71,4980;5,8260
3454;71,4850;5,8640
3455;71,4980;5,8180
3456;71,4390;5,8610
3457;71,5610;5,8580
3458;71,4900;5,8560
3459;71,6790;5,8340
3460;71,5110;5,8160
3461;71,5380;5,8240
3462;71,4600;5,8560
3463;71,5620;5,8860
3464;71,6220;5,8270
3465;71,4530;5,8530
3466;71,4080;5,8120
3467;71,5070;5,8420
3468;71,5690;5,8650
3469;71,5040;5,9080
3470;71,4900;5,7970
3471;71,4730;5,8340
3472;71,5550;5,8880
3473;71,6220;5,8400
3474;71,4210;5,8180
3475;71,4560;5,8360
3476;71,5590;5,8060
3477;71,5510;5,8470
3478;71,3940;5,8270
3479;71,5440;5,8520
3480;71,4960;5,8560
3481;71,4630;5,8870
3482;71,4020;5,8720
3483;71,5010;5,8640
3484;71,5070;5,9590
3485;71,4220;5,8460
3486;71,4890;5,8630
3487;71,5270;5,8370
3488;71,3550;5,8690
3489;71,5370;5,8670
3490;71,4090;5,8500
3491;71,4800;5,8580
3492;71,5890;5,8530
3493;71,5190;5,8450
3494;71,4280;5,8660
3495;71,5930;5,8420
3496;71,5140;5,8370
3497;71,4930;5,8280
3498;71,4150;5,8370
3499;71,5250;5,8590
3500;71,4180;5,8250
3501;71,4700;5,8340
3502;71,4290;5,8140
3503;71,3760;5,8450
3504;71,4840;5,8350
3505;71,4590;5,8240
3506;71,4540;5,8560
3507;71,5040;5,8630
3508;71,4720;5,9060
3509;71,4730;5,8440
3510;71,5200;5,8510
3511;71,4260;5,8400
3512;71,5090;5,8450
3513;71,4010;5,8440
3514;71,4980;5,8690
3515;71,4880;5,8330
3516;71,5210;5,8380
3517;71,5560;5,8660
3518;71,5270;5,8400
3519;71,5100;5,8700
3520;71,4650;5,8270
3521;71,4610;5,8330
3522;71,5430;5,8510
3523;71,4740;5,8900
3524;71,4250;5,8300
3525;71,3950;5,8530
3526;71,4560;5,8750
3527;71,4650;5,8250
3528;71,5100;5,8460
3529;71,4270;5,8560
3530;71,4690;5,8220
3531;71,5520;5,8470
3532;71,5170;5,8320
3533;71,5620;5,8140
3534;71,4670;5,8390
3535;71,5160;5,8470
3536;71,5160;5,8530
3537;71,6280;5,8470
3538;71,4780;5,8280
3539;71,4380;5,8320
3540;71,4520;5,8730
3541;71,4950;5,8010
3542;71,5310;5,8790
3543;71,5400;5,9010
3544;71,4100;5,8480
3545;71,4690;5,8310
3546;71,4670;5,8230
3547;71,4020;5,8350
3548;71,4800;5,8840
3549;71,4350;5,8280
3550;71,5150;5,8330
3551;71,6120;5,7760
3552;71,5970;5,8340
3553;71,4240;5,8320
3554;71,5850;5,8280
3555;71,4240;5,8380
3556;71,4720;5,8160
3557;71,4870;5,8750
3558;71,0210;5,8470
3559;71,5490;5,8610
3560;71,5030;5,8420
3561;71,5230;5,8180
3562;71,4990;5,8090
3563;71,4710;5,8170
3564;71,3740;5,8490
3565;71,4030;5,8970
3566;71,3910;5,8110
3567;71,4090;5,8140
3568;71,5760;5,8150
3569;71,4010;5,8570
3570;71,5560;5,8720
3571;71,5820;5,8330
3572;71,5020;5,8460
3573;71,4670;5,8090
3574;71,4760;5,8100
3575;71,4600;5,8740
3576;71,4000;5,8670
3577;71,4370;5,8640
3578;71,5020;5,8400
3579;71,5480;5,8780
3580;71,4470;5,8770
3581;71,4680;5,8340
3582;71,4170;5,8780
3583;71,3080;5,8380
3584;71,4750;5,8610
3585;71,5000;5,8840
3586;71,4730;5,8610
3587;71,4420;5,8270
3588;71,5290;5,8170
3589;71,4190;5,8610
3590;71,4940;5,8400
3591;71,3800;5,8490
3592;71,5150;5,8280
3593;71,4540;5,8700
3594;71,5390;5,8660
3595;71,5240;5,8410
3596;71,3930;5,8240
3597;71,5630;5,8950
3598;71,5230;5,8160
3599;71,4550;5,9000
3600;71,4350;5,8220
3601;71,4440;5,8820
3602;71,5200;5,8570
3603;71,4150;5,8250
3604;71,4730;5,8340
3605;71,4940;5,8270
3606;71,4320;5,8350
3607;71,4890;5,8340
3608;71,5820;5,8510
3609;71,4890;5,8350
3610;71,4550;5,8830
3611;71,4390;5,8730
3612;71,5000;5,8480
3613;71,4730;5,8540
3614;71,4650;5,8630
3615;71,4370;5,8800
3616;71,5180;5,8470
3617;71,5350;5,8210
3618;71,5100;5,8340
3619;71,4220;5,8690
3620;71,4200;5,8320
3621;71,4590;5,8220
3622;71,5380;5,8350
3623;71,4740;5,8840
3624;71,6430;5,8740
3625;71,4230;5,8190
3626;71,4290;5,8520
3627;71,4520;5,8230
3628;71,4020;5,8230
3629;71,4340;5,8590
3630;71,4760;5,8980
3631;71,4910;5,8820
3632;71,5340;5,8400
3633;71,4050;5,8400
3634;71,5090;5,8450
3635;71,4550;5,8130
3636;71,4550;5,8090
3637;71,3790;5,8700
3638;71,5350;5,8610
3639;71,5240;5,8460
3640;71,5740;5,9100
3641;71,4710;5,8030
3642;71,6170;5,8600
3643;71,4410;5,8220
3644;71,4530;5,8200
3645;71,4700;5,8440
3646;71,3940;5,8820
3647;71,5720;5,8520
3648;71,4910;5,8840
3649;71,4860;5,8280
3650;71,4790;5,8360
3651;71,5220;5,9060
3652;71,4440;5,8270
3653;71,4520;5,8280
3654;71,4450;5,8940
3655;71,4350;5,8680
3656;71,4380;5,8840
3657;71,4620;5,8220
3658;71,5040;5,8310
3659;71,5020;5,8280
3660;71,2150;5,8570
3661;71,4020;5,8770
3662;71,4410;5,8500
3663;71,5780;5,8660
3664;71,5570;5,8190
3665;71,5010;5,8320
3666;71,4540;5,8300
3667;71,5030;5,8410
3668;71,4480;5,8350
3669;71,5190;5,8330
3670;71,4210;5,8620
3671;71,5550;5,8340
3672;71,4840;5,9000
3673;71,4520;5,9010
3674;71,4850;5,8460
3675;71,4520;5,9100
3676;71,4640;5,8410
3677;71,4900;5,8410
3678;71,5220;5,8520
3679;71,3690;5,8530
3680;71,4970;5,8340
3681;71,5040;5,8730
3682;71,5180;5,9630
3683;71,4470;5,8340
3684;71,5240;5,8350
3685;71,4910;5,8960
3686;71,3910;5,8350
3687;71,4640;5,8490
3688;71,5780;5,9660
3689;71,5070;5,8680
3690;71,4500;5,8170
3691;71,5200;5,8350
3692;71,3110;5,8610
3693;71,4820;5,8700
3694;71,5400;5,8450
3695;71,4890;5,8360
3696;71,5630;5,8780
3697;71,5040;5,8660
3698;71,4800;5,8840
3699;71,4640;5,8700
3700;71,5220;5,8440
3701;71,3840;5,8190
3702;71,5450;5,8410
3703;71,5000;5,8320
3704;71,5620;5,8950
3705;71,5120;5,8420
3706;71,4380;5,8180
3707;71,4480;5,8420
3708;71,4070;5,8330
3709;71,4710;5,8560
3710;71,4150;5,8700
3711;71,3830;5,8370
3712;71,6330;5,8230
3713;71,1060;5,8790
3714;71,5270;5,8570
3715;71,5300;5,8480
3716;71,4780;5,8350
3717;71,5210;5,8310
3718;71,4500;5,8730
3719;71,4820;5,9160
3720;71,4040;5,8670
3721;71,4810;5,9200
3722;71,4180;5,8350
3723;71,4620;5,8680
3724;71,4780;5,8200
3725;71,4800;5,8880
3726;71,5120;5,8980
3727;71,4900;5,8410
3728;71,4900;5,8210
3729;71,4730;5,8130
3730;71,4770;5,8610
3731;71,5310;5,8200
3732;71,4320;5,9180
3733;71,5190;5,8650
3734;71,4710;5,8620
3735;71,4290;5,8500
3736;71,5090;5,8610
3737;71,4750;5,8550
3738;71,4020;5,8420
3739;71,4840;5,8600
3740;71,5010;5,8360
3741;71,4820;5,8410
3742;71,4470;5,8950
3743;71,4600;5,8630
3744;71,3930;5,8450
3745;71,5070;5,8480
3746;71,5350;5,8520
3747;71,4840;5,8240
3748;71,1180;5,8810
3749;71,4640;5,8430
3750;71,4150;5,8300
3751;71,4720;5,8400
3752;71,4440;5,8540
3753;71,4690;5,8480
3754;71,4970;5,8470
3755;71,5130;5,8530
3756;71,4510;5,7850
3757;71,5420;5,8410
3758;71,5560;5,8350
3759;71,6210;5,8500
3760;71,3810;5,8120
3761;71,4330;5,8420
3762;71,4460;5,8350
3763;71,4600;5,8710
3764;71,5630;5,8550
3765;71,5240;5,8190
3766;71,3710;5,8420
3767;71,5360;5,8480
3768;71,4770;5,8300
3769;71,4380;5,8680
3770;71,5190;5,8670
3771;71,3840;5,8560
3772;71,5840;5,8390
3773;71,4270;5,8210
3774;71,4510;5,8360
3775;71,4940;5,8710
3776;71,4610;5,8190
3777;71,4130;5,8700
3778;71,4450;5,8350
3779;71,4970;5,9700
3780;71,5190;5,8320
3781;71,5040;5,8330
3782;71,5130;5,8800
3783;71,3970;5,8270
3784;71,5000;5,7910
3785;71,4560;5,8240
3786;71,4720;5,8340
3787;71,4680;5,8000
3788;71,5350;5,8350
3789;71,5490;5,8090
3790;71,4160;5,8460
3791;71,4670;5,8410
3792;71,3850;5,9300
3793;71,5360;5,8260
3794;71,3820;5,8430
3795;71,5120;5,8450
3796;71,5420;5,8490
3797;71,4600;5,8730
3798;71,4290;5,8320
3799;71,4240;5,9120
3800;71,4970;5,8440
3801;71,3230;5,8300
3802;71,5030;5,8450
3803;71,4460;5,8430
3804;71,5060;5,8470
3805;71,4790;5,8460
3806;71,4860;5,8360
3807;71,5010;5,8090
3808;71,4410;5,8420
3809;71,4920;5,8430
3810;71,4790;5,8470
3811;71,5150;5,8440
3812;71,4590;5,8290
3813;71,4480;5,9130
3814;71,6320;5,8230
3815;71,4930;5,8420
3816;71,4010;5,8190
3817;71,4180;5,8230
3818;71,4170;5,8480
3819;71,5800;5,8440
3820;71,4650;5,8610
3821;71,3970;5,8780
3822;71,5140;5,8180
3823;71,4010;5,8550
3824;71,3720;5,8280
3825;71,5330;5,8590
3826;71,4510;5,8870
3827;71,4580;5,8660
3828;71,5320;5,8370
3829;71,4550;5,8330
3830;71,5160;5,8270
3831;71,4890;5,8450
3832;71,5360;5,8490
3833;71,5150;5,8390
3834;71,4800;5,8120
3835;71,4320;5,9470
3836;71,5040;5,8590
3837;71,4580;5,8640
3838;71,4760;5,8720
3839;71,4750;5,7280
3840;71,4980;5,8460
3841;71,5400;5,8070
3842;71,4870;5,8420
3843;71,3610;5,8340
3844;71,4870;5,8480
3845;71,5300;5,7920
3846;71,4880;5,9100
3847;71,4420;5,8180
3848;71,4360;5,8550
3849;71,4640;5,8520
3850;71,4190;5,8230
3851;71,4450;5,8550
3852;71,4510;5,8140
3853;71,4090;5,7750
3854;71,4320;5,8490
3855;71,5360;5,8530
3856;71,4600;5,8350
3857;71,5420;5,8420
3858;71,5030;5,8290
3859;71,4820;5,9030
3860;71,4270;5,8310
3861;71,6570;5,8550
3862;71,4570;5,8510
3863;71,5510;5,8750
3864;71,3810;5,9500
3865;71,3270;5,8770
3866;71,5510;5,8260
3867;71,4590;5,8400
3868;71,4170;5,8640
3869;71,4720;5,8450
3870;71,4520;5,8810
3871;71,4250;5,8430
3872;71,5380;5,8730
3873;71,4880;5,9680
3874;71,4850;5,9270
3875;71,3950;5,8820
3876;71,5150;5,8570
3877;71,4720;5,8430
3878;71,5300;5,8270
3879;71,4720;5,8310
3880;71,5830;5,8500
3881;71,3140;5,8540
3882;71,4430;5,8430
3883;71,5000;5,8500
3884;71,4930;5,8420
3885;71,3830;5,8390
3886;71,3770;5,8400
3887;71,4840;5,8310
3888;71,5050;5,8230
3889;71,5360;5,8390
3890;71,5050;5,8680
3891;71,5550;5,8670
3892;71,5240;5,8410
3893;71,4800;5,8650
3894;71,5100;5,8300
3895;71,4840;5,8490
3896;71,3950;5,8400
3897;71,4860;5,8800
3898;71,4670;5,8540
3899;71,5660;5,8140
3900;71,4660;5,8780
3901;71,4220;5,8530
3902;71,5180;5,8550
3903;71,5070;5,8600
3904;71,4740;5,8010
3905;71,5580;5,8460
3906;71,4520;5,8350
3907;71,4520;5,8250
3908;71,4920;5,8580
3909;71,4830;5,8210
3910;71,4600;5,8460
3911;71,4790;5,8130
3912;71,4440;5,8440
3913;71,4520;5,8270
3914;71,4240;5,8370
3915;71,4490;5,8500
3916;71,4280;5,8340
3917;71,5750;5,8500
3918;71,4270;5,9190
3919;71,4240;5,8240
3920;71,3430;5,8490
3921;71,5440;5,8390
3922;71,4090;5,8420
3923;71,4490;5,8150
3924;71,4100;5,8470
3925;71,5390;5,8480
3926;71,2910;5,8560
3927;71,4470;5,8330
3928;71,4670;5,9060
3929;71,5080;5,8470
3930;71,3770;5,9000
3931;71,5150;5,8550
3932;71,4190;5,8450
3933;71,5710;5,8550
3934;71,5070;5,8410
3935;71,4590;5,8660
3936;71,4810;5,8740
3937;71,3960;5,8450
3938;71,4060;5,8470
3939;71,5280;5,8840
3940;71,4200;5,8670
3941;71,5670;5,7970
3942;71,5680;5,9520
3943;71,5670;5,8530
3944;71,4960;5,8500
3945;71,4910;5,9290
3946;71,5160;5,8750
3947;71,3790;5,8550
3948;71,4820;5,8210
3949;71,5800;5,8990
3950;71,4530;5,8210
3951;71,4400;5,8280
3952;71,5060;5,8350
3953;71,5690;5,9420
3954;71,4660;5,8160
3955;71,3840;5,8300
3956;71,4700;5,8440
3957;71,5530;5,8270
3958;71,4100;5,8430
3959;71,4470;5,8520
3960;71,4600;5,8690
3961;71,5120;5,9190
3962;71,5300;5,8150
3963;71,4240;5,8330
3964;71,3810;5,8390
3965;71,5470;5,8230
3966;71,3990;5,8880
3967;71,5260;5,8410
3968;71,4020;5,8670
3969;71,4400;5,8310
3970;71,4590;5,9010
3971;71,4310;5,8310
3972;71,4310;5,8470
3973;71,4090;5,8560
3974;71,5660;5,8710
3975;71,4630;5,8460
3976;71,4280;5,8370
3977;71,4920;5,8390
3978;71,4830;5,8500
3979;71,4680;5,8490
3980;71,4270;5,8430
3981;71,5270;5,8560
3982;71,4940;5,8330
3983;71,3800;5,8280
3984;71,5080;5,8350
3985;71,4950;5,8700
3986;71,4680;5,8470
3987;71,5320;5,8280
3988;71,4300;5,8530
3989;71,5260;5,8250
3990;71,5330;5,8560
3991;71,4830;5,9120
3992;71,5180;5,8300
3993;71,5260;5,8660
3994;71,5110;5,8430
3995;71,4340;5,8510
3996;71,4700;5,8500
3997;71,4010;5,8180
3998;71,4860;5,9200
3999;71,5310;5,8690
4000;71,5290;5,8400
4001;71,4960;5,8390
4002;71,3900;5,8500
4003;71,4170;5,8420
4004;71,4520;5,8690
4005;71,5390;5,8510
4006;71,4730;5,8130
4007;71,5040;5,8200
4008;71,4440;5,9010
4009;71,4200;5,8140
4010;71,4350;5,8170
4011;71,4700;5,8560
4012;71,3680;5,9360
4013;71,5350;5,8440
4014;71,4400;5,8630
4015;71,4050;5,8590
4016;71,5630;5,8550
4017;71,5770;5,8540
4018;71,3980;5,8160
4019;71,4710;5,8430
4020;71,5230;5,8570
4021;71,5300;5,8540
4022;71,5180;5,8430
4023;71,3410;5,8350
4024;71,4720;5,8200
4025;71,5090;5,8320
4026;71,4660;5,8680
4027;71,4280;5,8420
4028;71,5190;5,8150
4029;71,5230;5,8280
4030;71,4200;5,8870
4031;71,4620;5,8740
4032;71,5630;5,8280
4033;71,4610;5,8740
4034;71,4080;5,8670
4035;71,4380;5,8900
4036;71,4810;5,8290
4037;71,5060;5,8850
4038;71,4620;5,8320
4039;71,4380;5,8230
4040;71,4130;5,8330
4041;71,3950;5,8710
4042;71,4860;5,8390
4043;71,3870;5,8340
4044;71,5070;5,8750
4045;71,4850;5,8230
4046;71,3250;5,8400
4047;71,5140;5,8130
4048;71,4860;5,8390
4049;71,3850;5,8390
4050;71,4710;5,8410
4051;71,4950;5,8250
4052;71,5360;5,8490
4053;71,3920;5,8280
4054;71,4980;5,8540
4055;71,4150;5,8390
4056;71,5130;5,8390
4057;71,4270;5,8630
4058;71,5310;5,8360
4059;71,3900;5,8370
4060;71,5290;5,8330
4061;71,4570;5,8290
4062;71,4370;5,8480
4063;71,4050;5,8700
4064;71,5110;5,8410
4065;71,4500;5,8140
4066;71,5190;5,8020
4067;71,5700;5,9530
4068;71,4160;5,7530
4069;71,4790;5,8670
4070;71,5490;5,8230
4071;71,4430;5,8270
4072;71,4860;5,8570
4073;71,4590;5,8200
4074;71,4900;5,8400
4075;71,5160;5,8270
4076;71,4740;5,8770
4077;71,4820;5,9040
4078;71,4420;5,8950
4079;71,3870;5,8220
4080;71,5200;5,8180
4081;71,5130;5,8190
4082;71,4600;5,9000
4083;71,5280;5,7810
4084;71,4010;5,8710
4085;71,4230;5,8410
4086;71,5920;5,8200
4087;71,4850;5,8440
4088;71,4960;5,8260
4089;71,4500;5,8370
4090;71,2390;5,8460
4091;71,5180;5,8680
4092;71,4140;5,8420
4093;71,3920;5,8450
4094;71,5380;5,8280
4095;71,3990;5,8080
4096;71,4250;5,8400
4097;71,4620;5,8280
4098;71,5320;5,8310
4099;71,4500;5,8810
4100;71,4520;5,8430
4101;71,4450;5,8670
4102;71,5150;5,8360
4103;71,4390;5,7980
4104;71,5370;5,8560
4105;71,3290;5,8470
4106;71,4910;5,8360
4107;71,4720;5,8660
4108;71,4770;5,8670
4109;71,5430;5,8300
4110;71,5120;5,8470
4111;71,4250;5,8310
4112;71,4000;5,8570
4113;71,3590;5,8050
4114;71,4260;5,8530
4115;71,4280;5,8680
4116;71,4100;5,8370
4117;71,4530;5,8380
4118;71,4870;5,8560
4119;71,3930;5,8500
4120;71,4830;5,9170
4121;71,4540;5,8800
4122;71,4460;5,8120
4123;71,4580;5,8540
4124;71,4370;5,8450
4125;71,5740;5,8170
4126;71,4450;5,9050
4127;71,4660;5,8750
4128;72,8290;5,9320
4129;71,4210;5,8500
4130;71,5230;5,8000
4131;71,4910;5,8530
4132;71,5020;5,8470
4133;71,4870;5,8250
4134;71,4780;5,8890
4135;71,3990;5,8280
4136;71,4690;5,8490
4137;71,4880;5,8270
4138;71,4700;5,8540
4139;71,4490;5,8490
4140;71,4940;5,8800
4141;71,5200;5,8670
4142;71,5180;5,8300
4143;71,3160;5,8470
4144;71,4800;5,8260
4145;71,5540;5,8480
4146;71,5660;5,8310
4147;71,5970;5,8530
4148;71,4570;5,8060
4149;71,5060;5,8840
4150;71,5610;5,8550
4151;71,4790;5,8670
4152;71,4950;5,8480
4153;71,5050;5,8330
4154;71,4600;5,8300
4155;71,4420;5,8520
4156;71,4780;5,9650
4157;71,5390;5,8370
4158;71,5840;5,8700
4159;71,4100;5,8240
4160;71,3160;5,8180
4161;71,5760;5,8620
4162;71,5020;5,8530
4163;71,2250;5,8620
4164;71,4820;5,8620
4165;71,3920;5,8340
4166;71,4990;5,8720
4167;71,5840;5,8890
4168;71,5310;5,8450
4169;71,4640;5,8300
4170;71,5010;5,8300
4171;71,5460;5,8140
4172;71,8970;5,8440
4173;71,4810;5,8140
4174;71,4120;5,8620
4175;71,4060;5,8710
4176;71,5020;5,8320
4177;71,4490;5,8700
4178;71,3810;5,8430
4179;71,5840;5,8780
4180;71,5220;5,8470
4181;71,4290;5,8360
4182;71,4530;5,8530
4183;71,4640;5,8650
4184;71,4080;5,8220
4185;71,5440;5,8290
4186;71,3970;5,8640
4187;71,4630;5,8150
4188;71,4000;5,8340
4189;71,4760;5,8700
4190;71,4750;5,8720
4191;71,4750;5,8140
4192;71,4030;5,8490
4193;71,3070;5,8280
4194;71,4700;5,8110
4195;71,4590;5,8300
4196;71,4630;5,8340
4197;71,5130;5,8680
4198;71,4340;5,8510
4199;71,4320;5,8290
4200;71,4690;5,8390
4201;71,4810;5,8320
4202;71,4440;5,8650
4203;71,5320;5,8050
4204;71,4340;5,8980
4205;71,5700;5,8750
4206;71,4030;5,8260
4207;71,4510;5,8020
4208;71,4850;5,8240
4209;71,4510;5,8590
4210;71,4700;5,8590
4211;71,5420;5,8430
4212;71,4750;5,8610
4213;71,4680;5,8320
4214;71,5800;5,8370
4215;71,4680;5,8960
4216;71,5050;5,8310
4217;71,5090;5,8390
4218;71,4990;5,8160
4219;71,4840;5,8750
4220;71,4630;5,8490
4221;71,4420;5,8900
4222;71,4190;5,8630
4223;71,4070;5,8630
4224;71,4990;5,8470
4225;71,5130;5,8060
4226;71,2350;5,8030
4227;71,4630;5,8530
4228;71,4730;5,8280
4229;71,4830;5,8280
4230;71,5180;5,8300
4231;71,5830;5,8560
4232;71,4210;5,8170
4233;71,4640;5,8390
4234;71,4490;5,8310
4235;71,4760;5,8510
4236;71,5020;5,9710
4237;71,5000;5,8450
4238;71,4710;5,8460
4239;71,4530;5,9970
4240;71,4950;5,8170
4241;71,4460;5,8220
4242;71,4170;5,8270
4243;71,5020;5,8240
4244;71,4880;5,8450
4245;71,4140;5,8410
4246;71,5070;5,8360
4247;71,4930;5,8390
4248;71,5450;5,8920
4249;71,4620;5,8240
4250;71,4150;5,8220
4251;71,6150;5,8410
4252;71,4270;5,8290
4253;71,5210;5,8470
4254;71,5010;5,8120
4255;71,4710;5,8480
4256;71,4480;5,8560
4257;71,4460;5,8870
4258;71,4350;5,8390
4259;71,4860;5,8410
4260;71,3990;5,8110
4261;71,5470;5,8190
4262;71,4270;5,8520
4263;71,4790;5,8270
4264;71,4950;5,8510
4265;71,3620;5,8130
4266;71,4170;5,8340
4267;71,4890;5,8720
4268;71,5080;5,8450
4269;71,4740;5,8700
4270;71,3530;5,8320
4271;71,4650;5,9590
4272;71,4380;5,8480
4273;71,5530;5,8480
4274;71,4760;5,8930
4275;71,5320;5,8810
4276;71,3630;5,8140
4277;71,5370;5,8530
4278;71,3310;5,8230
4279;71,4060;5,8470
4280;71,4690;5,8560
4281;71,3150;5,8290
4282;71,5130;5,8720
4283;71,4550;5,8320
4284;71,4650;5,8560
4285;71,3760;5,8270
4286;71,4770;5,8450
4287;71,5690;5,9260
4288;71,4330;5,8520
4289;71,4720;5,8230
4290;71,4190;5,8570
4291;71,4660;5,8250
4292;71,5240;5,8390
4293;71,4750;5,8250
4294;71,4710;5,8400
4295;71,5120;5,9310
4296;71,4270;5,8580
4297;71,4780;5,8580
4298;71,4180;5,8670
4299;71,4440;5,8710
4300;71,4730;5,9110
4301;71,4210;5,8460
4302;71,4630;5,8130
4303;71,4990;5,9150
4304;71,4100;5,8500
4305;71,5170;5,8610
4306;71,5300;5,7880
4307;71,5630;5,8430
4308;71,5060;5,8540
4309;71,4770;5,8100
4310;71,4940;5,8490
4311;71,3430;5,8370
4312;71,4500;5,8210
4313;71,4760;5,8290
4314;71,5010;5,8320
4315;71,5310;5,8250
4316;71,4640;5,8970
4317;71,4010;5,8760
4318;71,3570;5,8480
4319;71,4360;5,8070
4320;71,5480;5,8530
4321;71,4520;5,8410
4322;71,4480;5,8390
4323;71,5510;5,8360
4324;71,5540;5,8300
4325;71,5270;5,8240
4326;71,4590;5,8420
4327;71,5150;5,9020
4328;71,4720;5,8380
4329;71,4910;5,8480
4330;71,4200;5,8110
4331;71,4810;5,8890
4332;71,4520;5,8490
4333;71,4280;5,8340
4334;71,4390;5,8580
4335;71,4810;5,9290
4336;71,4640;5,8520
4337;71,4700;5,8250
4338;71,5640;5,8360
4339;71,2930;5,8610
4340;71,4670;5,8980
4341;71,4510;5,8420
4342;71,4250;5,8130
4343;71,5000;5,8310
4344;71,4710;5,8270
4345;71,3910;5,8410
4346;71,5000;5,8430
4347;71,4730;5,8490
4348;71,4630;5,7900
4349;71,4400;5,8580
4350;71,3700;5,8640
4351;71,3830;5,8280
4352;71,4370;5,8700
4353;71,2090;5,8370
4354;71,3920;5,8750
4355;71,4850;5,8640
4356;71,4520;5,8410
4357;71,4630;5,8830
4358;71,4730;5,8350
4359;71,4740;5,8850
4360;71,5660;5,8290
4361;71,5300;5,8390
4362;71,5050;5,8850
4363;71,4340;5,8690
4364;71,4670;5,8610
4365;71,3930;5,8510
4366;71,4630;5,8320
4367;71,4520;5,8680
4368;71,4210;5,8530
4369;71,4450;5,8070
4370;71,5910;5,8410
4371;71,5010;5,9000
4372;71,4190;5,8150
4373;71,4520;5,8300
4374;71,5540;5,8480
4375;71,5020;5,8580
4376;71,4480;5,8820
4377;71,5710;5,8300
4378;71,5000;5,8360
4379;71,4200;5,8440
4380;71,4220;5,8320
4381;71,3990;5,8710
4382;71,4370;5,8290
4383;71,4700;5,8530
4384;71,5310;5,8520
4385;71,4730;5,8990
4386;71,4280;5,8950
4387;71,4460;5,8410
4388;71,5030;5,8410
4389;71,5170;5,8620
4390;71,4540;5,8700
4391;71,4240;5,8410
4392;71,4240;5,8740
4393;71,3670;5,9320
4394;71,5020;5,8340
4395;71,3110;5,8570
4396;71,3780;5,8610
4397;71,2910;5,8840
4398;71,4870;5,8460
4399;71,5760;5,8040
4400;71,4350;5,8810
4401;71,5330;5,8370
4402;71,5410;5,8820
4403;71,4100;5,8480
4404;71,5030;5,8210
4405;71,5490;5,8520
4406;71,4810;5,8770
4407;71,2940;5,8300
4408;71,4370;5,8810
4409;71,4410;5,8220
4410;71,4590;5,8810
4411;71,4030;5,8290
4412;71,4280;5,8120
4413;71,4880;5,8540
4414;71,4190;5,8410
4415;71,3750;5,8280
4416;71,4240;5,8590
4417;71,5560;5,8500
4418;71,6210;5,8350
4419;71,4770;5,8280
4420;71,4540;5,8850
4421;71,4880;5,8230
4422;71,4240;5,8500
4423;71,5130;5,7280
4424;71,5160;5,8380
4425;71,5120;5,8340
4426;71,4230;5,7590
4427;71,5230;5,8450
4428;71,4610;5,8170
4429;71,4470;5,9100
4430;71,0950;5,8400
4431;71,4510;5,8680
4432;71,5240;5,8410
4433;71,4360;5,8440
4434;71,4470;5,8110
4435;71,4090;5,8470
4436;71,4500;5,8570
4437;71,5200;5,8720
4438;71,4750;5,8870
4439;71,4500;5,8830
4440;71,3510;5,8130
4441;71,3780;5,8480
4442;71,4640;5,9150
4443;71,5480;5,8210
4444;71,4910;5,8520
4445;71,5680;5,8270
4446;71,4940;5,9030
4447;71,4400;5,8620
4448;71,4460;5,8430
4449;71,4550;5,8470
4450;71,5140;5,8240
4451;71,4160;5,8430
4452;71,5270;5,8420
4453;71,5120;5,8280
4454;71,5770;5,8140
4455;71,4790;5,8330
4456;71,3780;5,7950
4457;71,5480;5,8700
4458;71,5280;5,8290
4459;71,4390;5,8480
4460;71,3750;5,8470
4461;71,4620;5,9450
4462;71,4750;5,8620
4463;71,4080;5,8740
4464;71,4530;5,8360
4465;71,5660;5,8190
4466;71,4340;5,8400
4467;71,3990;5,8180
4468;71,4680;5,8460
4469;71,5580;5,8370
4470;71,5620;5,9110
4471;71,4830;5,7950
4472;71,4840;5,8270
4473;71,4540;5,8760
4474;71,5340;5,8260
4475;71,3140;5,8330
4476;71,4570;5,8200
4477;71,4560;5,8200
4478;71,4340;5,8560
4479;71,5460;5,8340
4480;71,3710;5,8360
4481;71,4980;5,8750
4482;71,4350;5,8480
4483;71,3900;5,8300
4484;71,3910;5,8630
4485;71,4960;5,8770
4486;71,4730;5,8940
4487;71,3790;5,8810
4488;71,4410;5,8210
4489;71,4430;5,9440
4490;71,5130;5,8670
4491;71,3830;5,8300
4492;71,5930;5,8430
4493;71,4590;5,8500
4494;71,4330;5,8460
4495;71,4770;5,8330
4496;71,2490;5,8530
4497;71,4350;5,8680
4498;71,3790;5,8940
4499;71,3810;5,8460
4500;71,4950;5,8590
4501;71,4550;5,8160
4502;71,4470;5,8280
4503;71,4570;5,8390
4504;71,4770;5,8780
4505;71,4180;5,8520
4506;71,4760;5,8200
4507;71,5310;5,8490
4508;71,3800;5,8490
4509;71,4760;5,8030
4510;71,5090;5,8550
4511;71,4390;5,8580
4512;71,5050;5,8470
4513;71,4230;5,7900
4514;71,4010;5,8370
4515;71,4860;5,8290
4516;71,4550;5,8480
4517;71,3940;5,8500
4518;71,4200;5,8570
4519;71,5530;5,8800
4520;71,4420;5,8490
4521;71,5320;5,8550
4522;71,5610;5,8870
4523;71,5380;5,8320
4524;71,4560;5,8190
4525;71,3870;5,8300
4526;71,4670;5,8440
4527;71,4380;5,8490
4528;71,3840;5,8430
4529;71,5070;5,7690
4530;71,5270;5,8240
4531;71,4460;5,8610
4532;71,5290;5,8570
4533;71,4640;5,8650
4534;71,4310;5,8360
4535;71,4990;5,8350
4536;71,5020;5,8070
4537;71,4800;5,9430
4538;71,5230;5,8370
4539;71,5050;5,8160
4540;71,4530;5,8530
4541;71,4000;5,8420
4542;71,4960;5,8540
4543;71,4740;5,8160
4544;71,5280;5,8260
4545;71,5230;5,8640
4546;71,4750;5,8400
4547;71,4560;5,8220
4548;71,4010;5,8370
4549;71,4810;5,8420
4550;71,4280;5,8810
4551;71,4730;5,8100
4552;71,5070;5,8870
4553;71,4580;5,9310
4554;71,5170;5,8410
4555;71,4530;5,8190
4556;71,3860;5,8500
4557;71,3270;5,8680
4558;71,4810;5,8400
4559;71,4510;5,8640
4560;71,4720;5,8930
4561;71,4610;5,8540
4562;71,4350;5,8480
4563;71,4520;5,8590
4564;71,4980;5,8870
4565;71,3980;5,9680
4566;71,4760;5,8460
4567;71,4130;5,8640
4568;71,4550;5,8280
4569;71,4080;5,8420
4570;71,4420;5,8740
4571;71,3880;5,8510
4572;71,5220;5,8470
4573;71,4430;5,8310
4574;71,4500;5,8620
4575;71,4170;5,8370
4576;71,5170;5,8530
4577;71,4890;5,8810
4578;71,4660;5,8490
4579;71,3920;5,8350
4580;71,5190;5,8260
4581;71,4360;5,9140
4582;71,4790;5,8670
4583;71,4320;5,8220
4584;71,4280;5,8810
4585;71,4590;5,8300
4586;71,5370;5,8410
4587;71,5150;5,8470
4588;71,4310;5,8160
4589;71,4060;5,8670
4590;71,4800;5,8160
4591;71,4850;5,8320
4592;71,4100;5,8320
4593;71,4750;5,8640
4594;71,4950;5,8390
4595;71,4700;5,8500
4596;71,4490;5,8960
4597;71,4430;5,8290
4598;71,4620;5,8270
4599;71,4840;5,9540
4600;71,4950;5,8190
4601;71,5130;5,8140
4602;71,5090;5,8310
4603;71,4590;5,8610
4604;71,4880;5,9020
4605;71,5900;5,8290
4606;71,5010;5,8770
4607;71,4000;5,8480
4608;71,5030;5,8610
4609;71,4960;5,8240
4610;71,4310;5,8540
4611;71,2650;5,8240
4612;71,4260;5,7980
4613;71,4180;5,8380
4614;71,5330;5,8340
4615;71,4650;5,8330
4616;71,4500;5,8290
4617;71,4680;5,8380
4618;71,4650;5,8770
4619;71,3700;5,8510
4620;71,4030;5,8700
4621;71,4650;5,8430
4622;71,5140;5,8390
4623;71,5980;5,8110
4624;71,4840;5,8260
4625;71,5210;5,8250
4626;71,4360;5,9620
4627;71,5360;5,8590
4628;71,5310;5,8550
4629;71,4630;5,8610
4630;71,3650;5,8380
4631;71,4160;5,8610
4632;71,4180;5,8570
4633;71,4310;5,8560
4634;71,4480;5,8240
4635;71,5090;5,8670
4636;71,4060;5,8300
4637;71,5070;5,8270
4638;71,5070;5,8460
4639;71,4300;5,8240
4640;71,4460;5,8470
4641;71,5210;5,8310
4642;71,3710;5,8760
4643;71,4880;5,8250
4644;71,4860;5,8370
4645;71,4860;5,8860
4646;71,4920;5,8600
4647;71,4650;5,8210
4648;71,4700;5,8300
4649;71,4010;5,8190
4650;71,4730;5,8410
4651;71,4850;5,8480
4652;71,4320;5,9480
4653;71,4580;5,8550
4654;71,2610;5,8650
4655;71,5110;5,8520
4656;71,5150;5,8220
4657;71,4640;5,7980
4658;71,3570;5,8350
4659;71,4970;5,8380
4660;71,4440;5,8310
4661;71,3990;5,8370
4662;71,4530;5,8650
4663;71,4490;5,8400
4664;71,4640;5,8630
4665;71,4070;5,8090
4666;71,4510;5,8200
4667;71,4910;5,8260
4668;71,4230;5,8330
4669;71,4830;5,8500
4670;71,4980;5,8490
4671;71,4620;5,8500
4672;71,4170;5,8560
4673;71,4500;5,8420
4674;71,5070;5,8520
4675;71,3320;5,8600
4676;71,4200;5,8370
4677;71,4020;5,8560
4678;71,4390;5,8300
4679;71,2990;5,8700
4680;71,4960;5,8400
4681;71,5030;5,8480
4682;71,3750;5,8180
4683;71,4640;5,8730
4684;71,4820;5,8040
4685;71,5390;5,8230
4686;71,4270;5,8540
4687;71,2120;5,8510
4688;71,5370;5,8130
4689;71,4720;5,8800
4690;71,5010;5,8530
4691;71,4670;5,9370
4692;71,4910;5,8590
4693;71,4960;5,8570
4694;71,4180;5,8230
4695;71,5140;5,8380
4696;71,5360;5,8560
4697;71,4690;5,8670
4698;71,5090;5,8630
4699;71,5860;5,8690
4700;71,4860;5,8460
4701;71,4310;5,8260
4702;71,4670;5,8290
4703;71,5540;5,8080
4704;71,5180;5,8740
4705;71,4870;5,8510
4706;71,4550;5,8670
4707;71,4480;5,8340
4708;71,4900;5,8410
4709;71,4190;5,8590
4710;71,3640;5,8360
4711;71,4700;5,8160
4712;71,5050;5,8410
4713;71,3030;5,8230
4714;71,3910;5,8500
4715;71,4750;5,8590
4716;71,4860;5,8270
4717;71,4540;5,8530
4718;71,5080;5,9310
4719;71,4570;5,8760
4720;71,2800;5,8400
4721;71,4930;5,8390
4722;71,4960;5,8400
4723;71,4740;5,8280
4724;71,4830;5,8260
4725;71,4840;5,8810
4726;71,4520;5,9970
4727;71,4450;5,9350
4728;71,6050;5,8550
4729;71,3880;5,8230
4730;71,5040;5,8200
4731;71,5460;5,8430
4732;71,4180;5,8320
4733;71,3910;5,9550
4734;71,4370;5,6420
4735;71,4890;5,8460
4736;71,4260;5,8300
4737;71,4700;5,8480
4738;71,4850;5,8630
4739;71,4230;5,8410
4740;71,5110;5,9580
4741;71,5210;5,8640
4742;71,4580;5,8470
4743;71,4160;5,8800
4744;71,4450;5,8480
4745;71,5740;5,8730
4746;71,4950;5,8380
4747;71,3650;5,8470
4748;71,5190;5,7530
4749;71,4920;5,8710
4750;71,4650;5,9530
4751;71,3660;5,8130
4752;71,3670;5,8330
4753;71,5310;5,8350
4754;71,4820;5,8670
4755;71,4500;5,9000
4756;71,3830;5,8140
4757;71,3990;5,8460
4758;71,4590;5,8950
4759;71,4580;5,8450
4760;71,5050;5,8360
4761;71,4390;5,8610
4762;71,4760;5,8570
4763;71,5800;5,8530
4764;71,4860;5,8380
4765;71,5250;5,8560
4766;71,4580;5,9510
4767;71,5050;5,8690
4768;71,4860;5,8650
4769;71,5080;5,8640
4770;71,3170;5,8790
4771;71,4120;5,8350
4772;71,5100;5,8320
4773;71,4910;5,8580
4774;71,4190;5,8490
4775;71,4650;5,8610
4776;71,4790;5,8160
4777;71,4660;5,8750
4778;71,4510;5,8130
4779;71,4380;5,8660
4780;71,5140;5,8680
4781;71,4800;5,8560
4782;71,4920;5,8390
4783;71,4670;5,8810
4784;71,4260;5,8180
4785;71,3720;5,8300
4786;71,5470;5,8510
4787;71,4910;5,8650
4788;71,4920;5,8560
4789;71,4450;5,8450
4790;71,5610;5,8410
4791;71,4440;5,8570
4792;71,5010;5,8230
4793;71,4200;5,8640
4794;71,3390;5,8880
4795;71,5270;5,6960
4796;71,5160;5,8580
4797;71,4720;5,8490
4798;71,4680;5,8420
4799;71,4840;5,8410
4800;71,5190;5,9260
4801;71,5010;5,8270
4802;71,4520;5,8610
4803;71,4460;5,8850
4804;71,3980;5,8310
4805;71,4650;5,8660
4806;71,4400;5,8700
4807;71,4480;5,8730
4808;71,5040;5,8430
4809;71,5080;5,8460
4810;71,4540;5,8140
4811;71,4210;5,8380
4812;71,4630;5,8290
4813;71,4280;5,8520
4814;71,5210;5,8290
4815;71,4870;5,8550
4816;71,4290;5,8500
4817;71,4150;5,8480
4818;71,4730;5,8150
4819;71,4630;5,8600
4820;71,4090;5,8780
4821;71,4960;5,8840
4822;71,4390;5,8410
4823;71,4060;5,8630
4824;71,4860;5,8490
4825;71,4390;5,8630
4826;71,4200;5,8260
4827;71,5060;5,8500
4828;71,5160;5,8470
4829;71,4200;5,8230
4830;71,4800;5,7840
4831;71,5630;5,8040
4832;71,4200;5,8570
4833;71,4900;5,8350
4834;71,4260;5,8470
4835;71,3910;5,8420
4836;71,4330;5,8980
4837;71,4330;5,8680
4838;71,4180;5,8390
4839;71,4570;5,8690
4840;71,4920;5,8440
4841;71,5300;5,8520
4842;71,4390;5,8390
4843;71,4040;5,8410
4844;71,4350;5,8030
4845;71,3970;5,8230
4846;71,3860;5,8750
4847;71,5180;5,8520
4848;71,4600;5,8540
4849;71,4710;5,8830
4850;71,5080;5,8260
4851;71,5120;5,8130
4852;71,4530;5,8310
4853;71,4710;5,8450
4854;71,5410;5,8890
4855;71,4770;5,8340
4856;71,3330;5,8400
4857;71,3770;5,8750
4858;71,5250;5,8120
4859;71,4000;5,8110
4860;71,4210;5,8280
4861;71,4530;5,8530
4862;71,4510;5,8300
4863;71,4090;5,9000
4864;71,4320;5,8490
4865;71,4550;5,8700
4866;71,4660;5,8650
4867;71,4530;5,9040
4868;71,4390;5,8520
4869;71,4490;5,8210
4870;71,3790;5,8590
4871;71,5130;5,8430
4872;71,4100;5,8490
4873;71,4190;5,8450
4874;71,4990;5,9150
4875;71,4980;5,8780
4876;71,5910;5,8630
4877;71,4680;5,8320
4878;71,4110;5,8470
4879;71,4470;5,9020
4880;71,2380;5,8430
4881;71,4380;5,8580
4882;71,5240;5,8350
4883;71,3810;5,8500
4884;71,5520;5,8360
4885;71,4310;5,8570
4886;71,4640;5,8340
4887;71,5760;5,8220
4888;71,5120;5,8380
4889;71,4040;5,8830
4890;71,4330;5,8460
4891;71,4460;5,8760
4892;71,4200;5,8290
4893;71,4940;5,8480
4894;71,4500;5,8520
4895;71,4690;5,8460
4896;71,2450;5,8190
4897;71,4030;5,8520
4898;71,5060;5,8130
4899;71,5770;5,8320
4900;71,5020;5,8620
4901;71,4570;5,8620
4902;71,5230;5,8320
4903;71,4540;5,8460
4904;71,5300;5,8530
4905;71,4850;5,8540
4906;71,4560;5,8230
4907;71,4980;5,8440
4908;71,4780;5,8220
4909;71,4350;5,8600
4910;71,4630;5,8550
4911;71,5080;5,8210
4912;71,5210;5,9050
4913;71,4570;5,8350
4914;71,4350;5,8570
4915;71,4290;5,8650
4916;71,4960;5,8500
4917;71,4800;5,8700
4918;71,4560;5,8590
4919;71,5390;5,8230
4920;71,4780;5,8480
4921;71,4370;5,8500
4922;71,4810;5,7890
4923;71,4330;5,8570
4924;71,4440;5,8370
4925;71,4870;5,9160
4926;71,4630;5,8070
4927;71,3860;5,8410
4928;71,5100;5,8210
4929;71,4820;5,8210
4930;71,4310;5,8500
4931;71,4670;5,8320
4932;71,5510;5,8130
4933;71,4560;5,8130
4934;71,5130;5,8440
4935;71,3640;5,8560
4936;71,5480;5,8270
4937;71,4280;5,8480
4938;71,4460;5,8530
4939;71,4780;5,8980
4940;71,5140;5,8530
4941;71,4080;5,8390
4942;71,3990;5,8380
4943;71,5190;5,8510
4944;71,4350;5,8130
4945;71,4470;5,8990
4946;71,5010;5,8310
4947;71,5440;5,8830
4948;71,4760;5,9110
4949;71,3850;5,8640
4950;71,4810;5,8220
4951;71,3710;5,8540
4952;71,4550;5,8050
4953;71,4260;5,8490
4954;71,4490;5,8220
4955;71,4350;5,8420
4956;71,4580;5,8410
4957;71,4890;5,8340
4958;71,4320;5,9240
4959;71,4130;5,8540
4960;71,4170;5,8240
4961;71,4880;5,8450
4962;71,4490;5,8660
4963;71,4510;5,9310
4964;71,4930;5,8500
4965;71,4040;5,8150
4966;71,3970;5,8470
4967;71,4570;5,8430
4968;71,5490;5,8450
4969;71,3370;5,8730
4970;71,4300;5,9220
4971;71,2960;5,8610
4972;71,4690;5,8740
4973;71,5030;5,8900
4974;71,4190;5,8460
4975;71,4250;5,8260
4976;71,4970;5,8300
4977;71,5240;5,8270
4978;71,2970;5,8170
4979;71,4550;5,8480
4980;71,3620;5,8320
4981;71,5280;5,8500
4982;71,4360;5,8240
4983;71,4870;5,8350
4984;71,4300;5,9040
4985;71,3570;5,8570
4986;71,4960;5,8300
4987;71,4740;5,8500
4988;71,7150;5,8270
4989;71,4070;5,8490
4990;71,3460;5,8310
4991;71,3950;5,8420
4992;71,3730;5,8310
4993;71,3980;5,8280
4994;71,5060;5,8400
4995;71,5430;5,8620
4996;71,4430;5,8560
4997;71,4250;5,8560
4998;71,3700;5,8410
4999;71,4980;5,8600
5000;71,5760;5,8380
5001;71,4520;5,9140
5002;71,5580;5,8560
5003;71,5920;5,8290
5004;71,4340;5,8480
5005;71,4740;5,7930
5006;71,5390;5,8090
5007;71,4820;5,8670
5008;71,5450;5,8300
5009;71,4730;5,8510
5010;71,5700;5,8310
5011;71,4850;5,8500
5012;71,4370;5,8800
5013;71,4570;5,8290
5014;71,3650;5,8670
5015;71,4590;5,8590
5016;71,3390;5,8190
5017;71,5620;5,8750
5018;71,4960;5,8360
5019;71,4180;5,8400
5020;71,4090;5,7750
5021;71,3540;5,8400
5022;71,4750;5,8540
5023;71,4660;5,8380
5024;71,5440;5,8570
5025;71,5010;5,8340
5026;71,4100;5,8470
5027;71,3840;5,8240
5028;71,4910;5,8380
5029;71,4740;5,8580
5030;71,4820;5,8120
5031;71,3820;5,8180
5032;71,5390;5,8490
5033;71,3770;5,8380
5034;71,4270;5,8530
5035;71,4180;5,8510
5036;71,4500;5,8600
5037;71,4290;5,8270
5038;71,4560;5,8560
5039;71,4720;5,8570
5040;71,4510;5,8410
5041;71,5700;5,8070
5042;71,4800;5,8360
5043;71,5140;5,8460
5044;71,5640;5,8270
5045;71,5150;5,9170
5046;71,4670;5,8410
5047;71,4480;5,8440
5048;71,5360;5,8280
5049;71,4810;5,8580
5050;71,5570;5,8850
5051;71,4820;5,8830
5052;71,5020;5,8370
5053;71,5300;5,8190
5054;71,4830;5,8500
5055;71,4620;5,8430
5056;71,4730;5,8610
5057;71,4180;5,8520
5058;71,4490;5,8340
5059;71,4580;5,8640
5060;71,4850;5,8730
5061;71,4290;5,8590
5062;71,3740;5,8510
5063;71,5320;5,8480
5064;71,4880;5,8310
5065;71,3640;5,8670
5066;71,5030;5,8460
5067;71,4550;5,8920
5068;71,4990;5,8460
5069;71,3670;5,8580
5070;71,4420;5,8200
5071;71,3820;5,8370
5072;71,5290;5,8820
5073;71,4500;5,8530
5074;71,4590;5,8590
5075;71,4510;5,8450
5076;71,4860;5,8270
5077;71,5160;5,7980
5078;71,3720;5,8690
5079;71,4480;5,8230
5080;71,5230;5,9120
5081;71,4870;5,8320
5082;71,4390;5,8330
5083;71,5270;5,7960
5084;71,5250;5,8310
5085;71,5030;5,8250
5086;71,3850;5,8760
5087;71,5380;5,8200
5088;71,4370;5,8810
5089;71,4640;5,8450
5090;71,3660;5,8240
5091;71,5360;5,8750
5092;71,3920;5,8780
5093;71,4390;5,8690
5094;71,4710;5,8270
5095;71,2620;5,8380
5096;71,4160;5,8960
5097;71,3670;5,8290
5098;71,4870;5,8530
5099;71,3630;5,8550
5100;71,4630;5,9280
5101;71,5270;5,8270
5102;71,5260;5,9500
5103;71,3740;5,7930
5104;71,5180;5,8500
5105;71,3710;5,8910
5106;71,5200;5,8580
5107;71,4940;5,8920
5108;71,3920;5,8390
5109;71,4570;5,8330
5110;71,5730;5,8260
5111;71,5260;5,8730
5112;71,2200;5,8220
5113;71,4910;5,8570
5114;71,4690;5,8540
5115;71,3740;5,8180
5116;71,4210;5,8800
5117;71,4460;5,8340
5118;71,4440;5,8590
5119;71,5120;5,8460
5120;71,5210;5,8000
5121;71,4920;5,7980
5122;71,5020;5,8520
5123;71,4060;5,8710
5124;71,4200;5,8520
5125;71,5070;5,8500
5126;71,4800;5,8260
5127;71,3680;5,8490
5128;71,4660;5,8240
5129;71,4840;5,8430
5130;71,4570;5,8020
5131;71,3780;5,8640
5132;71,4470;5,8360
5133;71,4790;5,8280
5134;71,2500;5,8640
5135;71,4130;5,8470
5136;71,4140;5,8160
5137;71,4640;5,8450
5138;71,4440;5,8470
5139;71,4230;5,8300
5140;71,4680;5,8670
5141;71,4970;5,8230
5142;71,4790;5,8350
5143;71,4260;5,8290
5144;71,4630;5,8710
5145;71,3610;5,8570
5146;71,3720;5,8400
5147;71,4290;5,8820
5148;71,4790;5,8280
5149;71,4220;5,8660
5150;71,4830;5,8490
5151;71,5190;5,8230
5152;71,4330;5,9310
5153;71,5160;5,8540
5154;71,4220;5,8440
5155;71,3380;5,8240
5156;71,4060;5,8150
5157;71,5060;5,8540
5158;71,4820;5,8010
5159;71,5240;5,8790
5160;71,5550;5,8470
5161;71,4340;5,8690
5162;71,5180;5,8840
5163;71,4390;5,8710
5164;71,5550;5,8500
5165;71,4440;5,8320
5166;71,4740;5,9050
5167;71,4890;5,7740
5168;71,5120;5,8230
5169;71,4940;5,8820
5170;71,5630;5,8430
5171;71,4270;5,8280
5172;71,5430;5,8630
5173;71,4560;5,8530
5174;71,4030;5,8540
5175;71,5040;5,8530
5176;71,4890;5,8470
5177;71,5250;5,8680
5178;71,3490;5,8510
5179;71,4860;5,8340
5180;71,4250;5,8750
5181;71,4710;5,9220
5182;71,4960;5,8450
5183;71,3970;5,8380
5184;71,4290;5,8480
5185;71,4340;5,8330
5186;71,4740;5,8780
5187;71,5160;5,8290
5188;71,3990;5,9060
5189;71,4300;5,9180
5190;71,3920;5,8320
5191;71,3650;5,8410
5192;71,5400;5,8410
5193;71,4070;5,8290
5194;71,5110;5,8440
5195;71,4430;5,8310
5196;71,5790;5,8160
5197;71,5380;5,8330
5198;71,4800;5,8480
5199;71,4170;5,8900
5200;71,4560;5,8470
5201;71,5240;5,8410
5202;71,5000;5,8100
5203;71,4420;5,8580
5204;71,3760;5,8310
5205;71,3050;5,8260
5206;71,4670;5,8650
5207;71,4810;5,8410
5208;71,3970;5,7980
5209;71,4440;5,8370
5210;71,4660;5,8560
5211;71,3620;5,8350
5212;71,3530;5,8570
5213;71,4530;5,8810
5214;71,4840;5,9000
5215;71,4830;5,8790
5216;71,4140;5,8320
5217;71,5070;5,8670
5218;71,2660;5,8490
5219;71,6120;5,8850
5220;71,4220;5,8350
5221;71,3470;5,8880
5222;71,4210;5,8180
5223;71,4510;5,8400
5224;71,4410;5,8770
5225;71,4950;5,8760
5226;71,4990;5,8330
5227;71,4780;5,8140
5228;71,4840;5,8680
5229;71,4560;5,8380
5230;71,4770;5,8500
5231;71,4020;5,8620
5232;71,4410;5,8590
5233;71,5260;5,8470
5234;71,5400;5,8800
5235;71,4860;5,8870
5236;71,4560;5,9520
5237;71,4320;5,8730
5238;71,4090;5,8340
5239;71,4190;5,8120
5240;71,3850;5,8990
5241;71,5160;5,8440
5242;71,5540;5,8310
5243;71,4480;5,8610
5244;71,5190;5,8230
5245;71,5200;5,8230
5246;71,4950;5,8530
5247;71,3490;5,8010
5248;71,5200;5,8610
5249;71,4390;5,8160
5250;71,4380;5,8140
5251;71,5790;5,8310
5252;71,4300;5,8230
5253;71,4380;5,8450
5254;71,4770;5,8100
5255;71,3460;5,7960
5256;71,4360;5,8210
5257;71,4590;5,8430
5258;71,4820;5,8240
5259;71,3130;5,8330
5260;71,4400;5,8270
5261;71,4150;5,8060
5262;71,4460;5,8380
5263;71,4290;5,8410
5264;71,3810;5,7990
5265;71,4140;5,8450
5266;71,4740;5,8310
5267;71,4810;5,8350
5268;71,5020;5,8570
5269;71,5950;5,8360
5270;71,4940;5,9290
5271;71,3620;5,8380
5272;71,3930;5,8350
5273;71,4790;5,8410
5274;71,4270;5,8510
5275;71,3930;5,8560
5276;71,5000;5,8590
5277;71,5190;5,8730
5278;71,3740;5,8280
5279;71,3470;5,8240
5280;71,4660;5,8370
5281;71,4640;5,8440
5282;71,4390;5,8410
5283;71,4590;5,8240
5284;71,4770;5,8390
5285;71,4910;5,8300
5286;71,4110;5,8250
5287;71,4490;5,8260
5288;71,4000;5,8580
5289;71,4700;5,8390
5290;71,4840;5,9660
5291;71,4990;5,9150
5292;71,2730;5,8200
5293;71,4070;5,8280
5294;71,4840;5,8150
5295;71,4710;5,8360
5296;71,5310;5,8140
5297;71,4600;5,7810
5298;71,4880;5,8220
5299;71,4460;5,9020
5300;71,4560;5,8880
5301;71,4370;5,8310
5302;71,4540;5,8320
5303;72,9830;5,8190
5304;71,3220;5,8910
5305;71,5240;5,8330
5306;71,4370;5,8860
5307;71,4170;5,8360
5308;71,3910;5,8470
5309;71,4590;5,8220
5310;71,3970;5,8420
5311;71,5660;5,8230
5312;71,4030;5,8260
5313;71,5350;5,8060
5314;71,4380;5,8730
5315;71,4240;5,8910
5316;71,5370;5,8400
5317;71,5370;5,8340
5318;71,4920;5,8230
5319;71,4050;5,8260
5320;71,3840;5,8260
5321;71,4130;5,8330
5322;71,4550;5,8300
5323;71,4380;5,8410
5324;71,5290;5,8150
5325;71,4960;5,8390
5326;71,3730;5,8520
5327;71,4590;5,8820
5328;71,5100;5,8330
5329;71,4950;5,8530
5330;71,4250;5,8260
5331;71,4040;5,8180
5332;71,4090;5,7940
5333;71,4990;5,8270
5334;71,3640;5,8400
5335;71,4170;5,8070
5336;71,4730;5,8310
5337;71,5610;5,8260
5338;71,5560;5,8540
5339;71,4060;5,8640
5340;71,4600;5,9260
5341;71,5280;5,8270
5342;71,5220;5,8550
5343;71,3180;5,8210
5344;71,4120;5,8490
5345;71,4800;5,8200
5346;71,5210;5,8510
5347;71,3640;5,8310
5348;71,4530;5,8590
5349;71,4680;5,8450
5350;71,5060;5,8660
5351;71,4920;5,8490
5352;71,5020;5,8570
5353;71,4200;5,8100
5354;71,5110;5,8280
5355;71,4630;5,8430
5356;71,4460;5,9210
5357;71,5070;5,8590
5358;71,5530;5,8580
5359;71,4060;5,8470
5360;71,4340;5,8360
5361;71,4370;5,8510
5362;71,3610;5,8520
5363;71,4470;5,8850
5364;71,5440;5,8500
5365;71,5420;5,8310
5366;71,3800;5,8520
5367;71,4220;5,8460
5368;71,5790;5,8270
5369;71,4820;5,8580
5370;71,3750;5,9090
5371;71,3610;5,8730
5372;71,3690;5,8870
5373;71,3980;5,8540
5374;71,4890;5,8630
5375;71,3580;5,8250
5376;71,3510;5,8270
5377;71,4860;5,8680
5378;71,4100;5,9270
5379;71,4500;5,8420
5380;71,4170;5,8920
5381;71,4360;5,8600
5382;71,4140;5,8630
5383;71,4950;5,8440
5384;71,4520;5,8450
5385;71,4010;5,8860
5386;71,5210;5,8630
5387;71,3320;5,8340
5388;71,4990;5,8360
5389;71,4810;5,8610
5390;71,3220;5,9500
5391;71,4390;5,8620
5392;71,4190;5,8190
5393;71,2340;5,8350
5394;71,3790;5,8060
5395;71,5030;5,8040
5396;71,5300;5,8540
5397;71,4570;5,8470
5398;71,5240;5,8750
5399;71,4590;5,8510
5400;71,5710;5,8550
5401;71,4830;5,8190
5402;71,4740;5,8350
5403;71,3830;5,8470
5404;71,3570;5,8370
5405;71,5290;5,8610
5406;71,3320;5,8370
5407;71,3340;5,8540
5408;71,5020;5,8440
5409;71,5420;5,8970
5410;71,3630;5,8260
5411;71,5110;5,8980
5412;71,4720;5,8540
5413;71,5910;5,8090
5414;71,5100;5,8290
5415;71,4630;5,8700
5416;71,4140;5,8160
5417;71,4960;5,8940
5418;71,4750;5,8550
5419;71,3940;5,8500
5420;71,5070;5,8580
5421;71,3750;5,8980
5422;71,4750;5,8070
5423;71,4300;5,9010
5424;71,3860;5,8590
5425;71,4630;5,8300
5426;71,4820;5,8020
5427;71,3710;5,8440
5428;71,4790;5,8200
5429;71,5100;5,8120
5430;71,5020;5,8960
5431;71,4420;5,9100
5432;71,4970;5,8480
5433;71,4930;5,8080
5434;71,4150;5,8330
5435;71,4530;5,8350
5436;71,4850;5,8310
5437;71,4330;5,8070
5438;71,4410;5,8370
5439;71,2710;5,8750
5440;71,5590;5,8790
5441;71,4330;5,8520
5442;71,5080;5,9070
5443;71,4680;5,8360
5444;71,4240;5,8530
5445;71,4050;5,7990
5446;71,3510;5,8660
5447;71,4240;5,8350
5448;71,4160;5,8630
5449;71,4800;5,8490
5450;71,4950;5,8400
5451;71,2580;5,8420
5452;71,4120;5,8660
5453;71,3540;5,8390
5454;71,4450;5,8190
5455;71,4520;5,8170
5456;71,5130;5,8370
5457;71,5000;5,8590
5458;71,4560;5,8270
5459;71,4810;5,8030
5460;71,4040;5,8480
5461;71,3630;5,8770
5462;71,3730;5,7250
5463;71,4890;5,8760
5464;71,4860;5,8610
5465;71,4220;5,8330
5466;71,3830;5,8820
5467;71,3850;5,8610
5468;71,5140;5,8400
5469;71,3830;5,8760
5470;71,4450;5,8080
5471;71,4850;5,8460
5472;71,4690;5,8310
5473;71,5080;5,8210
5474;71,4530;5,8460
5475;71,4320;5,9070
5476;71,5370;5,8610
5477;71,3350;5,8590
5478;71,5020;5,8430
5479;71,4550;5,8640
5480;71,4830;5,7660
5481;71,4880;5,8260
5482;71,3980;5,8200
5483;71,4920;5,8580
5484;71,4640;5,8770
5485;71,4550;5,8430
5486;71,4950;5,8480
5487;71,4180;5,8360
5488;71,5050;5,8010
5489;71,4330;5,8320
5490;71,4580;5,8370
5491;71,4590;5,8630
5492;71,4000;5,8340
5493;71,5380;5,8470
5494;71,3950;5,8470
5495;71,5060;5,8540
5496;71,4920;5,8320
5497;71,4470;5,8170
5498;71,4460;5,8460
5499;71,4320;5,8920
5500;71,3560;5,8430
5501;71,5050;5,8220
5502;71,4550;5,8190
5503;71,5010;5,7980
5504;71,4530;5,8830
5505;71,4350;5,8430
5506;71,3880;5,9110
5507;71,3900;5,9020
5508;71,4340;5,8770
5509;71,4290;5,8370
5510;71,4070;5,8640
5511;71,4770;5,8280
5512;71,3780;5,8230
5513;71,3800;5,8420
5514;71,4650;5,8310
5515;71,4940;5,8290
5516;71,4440;5,8020
5517;71,5250;5,8430
5518;71,4870;5,7990
5519;71,5210;5,8710
5520;71,3920;5,8100
5521;71,5040;5,8760
5522;71,4810;5,8450
5523;71,4340;5,8370
5524;71,4030;5,8000
5525;71,3270;5,9150
5526;71,4090;5,8200
5527;71,5020;5,8390
5528;71,4300;5,8370
5529;71,5050;5,8210
5530;71,2070;5,8480
5531;71,4640;5,8220
5532;71,4860;5,8600
5533;71,4920;5,8330
5534;71,4500;5,8840
5535;71,4290;5,8420
5536;71,4080;5,8390
5537;71,4420;5,8230
5538;71,3770;5,8190
5539;71,4950;5,8500
5540;71,3130;5,8170
5541;71,5380;5,8440
5542;71,4010;5,8340
5543;71,6250;5,8330
5544;71,4160;5,8290
5545;71,4940;5,8830
5546;71,4080;5,8230
5547;71,4180;5,8790
5548;71,5360;5,8540
5549;71,3930;5,8570
5550;71,4040;5,8310
5551;71,4350;5,8610
5552;71,4860;5,8390
5553;71,4570;5,8720
5554;71,4990;5,8460
5555;71,4830;5,8450
5556;71,4240;5,8290
5557;71,4860;5,8130
5558;71,4990;5,8490
5559;71,4500;5,8330
5560;71,4450;5,8380
5561;71,4140;5,8560
5562;71,4390;5,8260
5563;71,4780;5,8350
5564;71,5040;5,8500
5565;71,4800;5,8530
5566;71,4960;5,8310
5567;71,4620;5,8210
5568;71,4470;5,8860
5569;71,4000;5,8680
5570;71,4870;5,8250
5571;71,4120;5,8680
5572;71,3630;5,8530
5573;71,4380;5,8320
5574;71,4650;5,8230
5575;71,4720;5,8500
5576;71,5030;5,8350
5577;71,4730;5,8370
5578;71,4910;5,8590
5579;71,4620;5,8380
5580;71,3510;5,8340
5581;71,3960;5,8120
5582;71,4250;5,8290
5583;71,4580;5,8360
5584;71,3590;5,8190
5585;71,4770;5,8230
5586;71,4190;5,8490
5587;71,5080;5,8450
5588;71,3910;5,8340
5589;71,4940;5,8220
5590;71,4120;5,8330
5591;71,3660;5,8210
5592;71,4030;5,8690
5593;71,4920;5,8480
5594;71,4260;5,9130
5595;71,4220;5,8500
5596;71,4140;5,8160
5597;71,5370;5,8680
5598;71,5220;5,8370
5599;71,5060;5,8170
5600;71,4190;5,8390
5601;71,5270;5,9100
5602;71,4670;5,8270
5603;71,4450;5,8850
5604;71,3460;5,9090
5605;71,4870;5,8240
5606;71,2300;5,9090
5607;71,3710;5,9240
5608;71,4610;5,8890
5609;71,4600;5,8550
5610;71,5510;5,8100
5611;71,3890;5,9210
5612;71,5500;5,9450
5613;71,4290;5,9010
5614;71,4290;5,8670
5615;71,4180;5,8180
5616;71,4980;5,8810
5617;71,3510;5,8610
5618;71,4770;5,8390
5619;71,4010;5,8220
5620;71,4870;5,8670
5621;71,4800;5,8790
5622;71,4220;5,8480
5623;71,4910;5,8060
5624;71,3900;5,8430
5625;71,5500;5,8300
5626;71,4670;5,7970
5627;71,4750;5,8360
5628;71,5680;5,8370
5629;71,4800;5,8540
5630;71,5440;5,8630
5631;71,3440;5,8450
5632;71,3830;5,8420
5633;71,4400;5,8450
5634;71,4160;5,8300
5635;71,4810;5,8400
5636;71,4390;5,8080
5637;71,4630;5,8780
5638;71,5090;5,8630
5639;71,3930;5,8580
5640;71,4740;5,8140
5641;71,2780;5,8470
5642;71,4220;5,7970
5643;71,5220;5,8460
5644;71,4540;5,8320
5645;71,4260;5,8420
5646;71,4970;5,8870
5647;71,3750;5,8320
5648;71,5220;5,9390
5649;71,4480;5,8540
5650;71,4720;5,8540
5651;71,4340;5,8480
5652;71,4810;5,8300
5653;71,4820;5,9930
5654;71,4820;5,8330
5655;71,4850;5,8580
5656;71,5090;5,8650
5657;71,4630;5,8280
5658;71,4870;5,8340
5659;71,4130;5,8400
5660;71,4630;5,8200
5661;71,4470;5,8420
5662;71,4250;5,8120
5663;71,5100;5,8090
5664;71,4880;5,8310
5665;71,4500;5,8390
5666;71,4330;5,8140
5667;71,4140;5,8860
5668;71,5560;5,8210
5669;71,4900;5,9220
5670;71,4920;5,8460
5671;71,4810;5,8320
5672;71,3560;5,8780
5673;71,4810;5,8330
5674;71,5010;5,8270
5675;71,4700;5,8510
5676;71,3720;5,8470
5677;71,4790;5,8340
5678;71,5270;5,8350
5679;71,4260;5,8290
5680;71,4570;5,8400
5681;71,4030;5,8620
5682;71,5300;5,8330
5683;71,4630;5,8650
5684;71,4710;5,8260
5685;71,2730;5,8510
5686;71,6140;5,8400
5687;71,4770;5,8220
5688;71,4450;5,8230
5689;71,4610;5,8280
5690;71,4430;5,8130
5691;71,3400;5,8130
5692;71,4930;5,8330
5693;71,4950;5,8010
5694;71,4100;5,8200
5695;71,4190;5,8060
5696;71,5360;5,8500
5697;71,5080;5,8420
5698;71,4290;5,8430
5699;71,5360;5,7850
5700;71,4580;5,8260
5701;71,4740;5,8000
5702;71,5530;5,9510
5703;71,4230;5,8570
5704;71,4090;5,8340
5705;71,3960;5,8760
5706;71,3770;5,8370
5707;71,3930;5,8830
5708;71,4800;5,8840
5709;71,4680;5,8430
5710;71,4160;5,8500
5711;71,4650;5,8780
5712;71,4860;5,8320
5713;71,4730;5,8230
5714;71,4780;5,8720
5715;71,5010;5,8560
5716;71,4710;5,8720
5717;71,4180;5,8720
5718;71,5340;5,8220
5719;71,4200;5,8500
5720;71,5800;5,8220
5721;71,4720;5,8930
5722;71,4520;5,8280
5723;71,4390;5,8770
5724;71,5360;5,8340
5725;71,3470;5,8310
5726;71,4890;5,9250
5727;71,4000;5,8530
5728;71,3730;5,8420
5729;71,4960;5,8160
5730;71,5000;5,9040
5731;71,4360;5,7020
5732;71,4650;5,8590
5733;71,5140;5,8030
5734;71,4490;5,8300
5735;71,5140;5,8490
5736;71,3660;5,8200
5737;71,5000;5,8580
5738;71,4580;5,9120
5739;71,3890;5,8220
5740;71,3970;5,8710
5741;71,4800;5,8310
5742;71,4610;5,8610
5743;71,4580;5,8160
5744;71,4040;5,8570
5745;71,3990;5,8770
5746;71,4260;5,8500
5747;71,5060;5,8280
5748;71,4890;5,8520
5749;71,4150;5,8400
5750;71,4780;5,8440
5751;71,4870;5,8460
5752;71,4770;5,8410
5753;71,4770;5,8370
5754;71,4460;5,8490
5755;71,5430;5,8040
5756;71,4290;5,8550
5757;71,4840;5,8810
5758;71,5060;5,8390
5759;71,5050;5,8150
5760;71,3920;5,8500
5761;71,3790;5,8130
5762;71,5240;5,8790
5763;71,4830;5,8340
5764;71,4040;5,8420
5765;71,4790;5,8730
5766;71,4860;5,8390
5767;71,4590;5,8260
5768;71,4550;5,8620
5769;71,4480;5,8270
5770;71,3210;5,8670
5771;71,4020;5,9220
5772;71,4710;5,6770
5773;71,3890;5,8360
5774;71,4120;5,8500
5775;71,3920;5,9050
5776;71,4580;5,8700
5777;71,4600;5,8750
5778;71,4430;5,9550
5779;71,5340;5,8390
5780;71,3450;5,7890
5781;71,4840;5,8490
5782;71,4030;5,8300
5783;71,5360;5,8320
5784;71,4590;5,8080
5785;71,5130;5,8100
5786;71,5190;5,8200
5787;71,4410;5,8360
5788;71,4080;5,8770
5789;71,4780;5,8630
5790;71,5200;5,8220
5791;71,4560;5,8400
5792;71,4760;5,8320
5793;71,4120;5,8300
5794;71,3770;5,8580
5795;71,3940;5,8750
5796;71,3920;5,8230
5797;71,4980;5,8610
5798;71,4930;5,8390
5799;71,4030;5,8570
5800;71,3980;5,8830
5801;71,4450;5,8580
5802;71,4550;5,8350
5803;71,4530;5,8680
5804;71,4610;5,8400
5805;71,5380;5,8520
5806;71,4180;5,9230
5807;71,4090;5,8710
5808;71,3530;5,8340
5809;71,4570;5,8560
5810;71,5250;5,8710
5811;71,3880;5,8530
5812;71,5300;5,8480
5813;71,4410;5,8670
5814;71,4640;5,8910
5815;71,4490;5,8110
5816;71,4540;5,8630
5817;71,4940;5,8330
5818;71,4490;5,8450
5819;71,3620;5,8710
5820;71,3680;5,8230
5821;71,4140;5,8400
5822;71,4890;5,8390
5823;71,5010;5,8550
5824;71,5310;5,8280
5825;71,4830;5,8510
5826;71,4580;5,8200
5827;71,3910;5,8820
5828;71,4530;5,8250
5829;71,4890;5,8380
5830;71,4560;5,8130
5831;71,3640;5,8600
5832;71,4940;5,8340
5833;71,4160;5,8630
5834;71,4300;5,8300
5835;71,4970;5,8390
5836;71,4560;5,8290
5837;71,4950;5,8310
5838;71,4680;5,8400
5839;71,4590;5,8340
5840;71,3810;5,8540
5841;71,3910;5,8440
5842;71,4830;5,8520
5843;71,3770;5,8470
5844;71,4880;5,8300
5845;71,4560;5,8250
5846;71,5050;5,8710
5847;71,3770;5,9480
5848;71,4340;5,8550
5849;71,5510;5,8280
5850;71,3570;5,8410
5851;71,4380;5,8670
5852;71,4400;5,8020
5853;71,4970;5,8330
5854;71,4380;5,8560
5855;71,5080;5,8160
5856;71,5160;5,8540
5857;71,5040;5,8400
5858;71,4670;5,8170
5859;71,4000;5,8370
5860;71,4140;5,8730
5861;71,4360;5,8740
5862;71,4880;5,8570
5863;71,3830;5,9920
5864;71,3850;5,8880
5865;71,5020;5,8430
5866;71,3200;5,9400
5867;71,5360;5,8180
5868;71,5400;5,8500
5869;71,5180;5,8420
5870;71,5540;5,8480
5871;71,4230;5,8170
5872;71,4670;5,8330
5873;71,4560;5,8250
5874;71,3710;5,8010
5875;71,4030;5,8290
5876;71,4490;5,8750
5877;71,4740;5,8750
5878;71,4000;5,8990
5879;71,5520;5,8650
5880;71,4740;5,8120
5881;71,4550;5,8690
5882;71,4680;5,8050
5883;71,4020;5,8310
5884;71,4770;5,8660
5885;71,3010;5,7790
5886;71,5370;5,8470
5887;71,4100;5,8230
5888;71,4040;5,8580
5889;71,3220;5,8960
5890;71,4380;5,8490
5891;71,4710;5,9020
5892;71,4340;5,8510
5893;71,3260;5,8430
5894;71,4680;5,8320
5895;71,4930;5,8470
5896;71,4430;5,8510
5897;71,4460;5,8540
5898;71,3960;5,8850
5899;71,5200;5,8510
5900;71,4440;5,8420
5901;71,3960;5,8370
5902;71,5150;5,8480
5903;71,5050;5,8620
5904;71,4480;5,8410
5905;71,4480;5,8840
5906;71,5320;5,8370
5907;71,3390;5,8560
5908;71,4320;5,8500
5909;71,4540;5,8550
5910;71,5130;5,8510
5911;71,5040;5,8380
5912;71,3960;5,8610
5913;71,5010;5,8960
5914;71,4710;5,8310
5915;71,3960;5,8600
5916;71,5090;5,8550
5917;71,4290;5,8470
5918;71,5060;5,9190
5919;71,4820;5,8270
5920;71,4610;5,8990
5921;71,5030;5,8570
5922;71,5310;5,8440
5923;71,4890;5,8290
5924;71,3660;5,8450
5925;71,5340;5,7770
5926;71,4130;5,8430
5927;71,4510;5,8600
5928;71,5340;5,8180
5929;71,4440;5,8330
5930;71,4550;5,8130
5931;71,5160;5,8110
5932;71,4930;5,8270
5933;71,5960;5,8300
5934;71,4040;5,8220
5935;71,4810;5,8980
5936;71,3260;5,8350
5937;71,4490;5,8760
5938;71,3900;5,8520
5939;71,5020;5,8180
5940;71,4950;5,8560
5941;71,3480;5,8610
5942;71,3970;5,9140
5943;71,3350;5,8310
5944;71,4440;5,8350
5945;71,4580;5,8460
5946;71,4320;5,8500
5947;71,4150;5,9140
5948;71,3690;5,8360
5949;71,5050;5,8660
5950;71,5270;5,8630
5951;71,3660;5,8240
5952;71,2360;5,8340
5953;71,4280;5,8700
5954;71,3760;5,8710
5955;71,4250;5,8520
5956;71,5090;5,8080
5957;71,4140;5,8300
5958;71,4220;5,8240
5959;71,5310;5,8280
5960;71,4510;5,8430
5961;71,4690;5,8370
5962;71,4080;5,8320
5963;71,4730;5,8330
5964;71,3910;5,8330
5965;71,4870;5,8150
5966;71,4180;5,8210
5967;71,5500;5,8940
5968;71,3930;5,8530
5969;71,4620;5,8480
5970;71,5420;5,8650
5971;71,4320;5,8070
5972;71,4780;5,8310
5973;71,4030;5,8840
5974;71,4900;5,8610
5975;71,4790;5,8970
5976;71,4230;5,8360
5977;71,4250;5,8570
5978;71,5460;5,9290
5979;71,4910;5,8740
5980;71,3380;5,8920
5981;71,4090;5,8150
5982;71,4580;5,8140
5983;71,3980;5,8240
5984;71,4680;5,8170
5985;71,4890;5,9160
5986;71,4810;5,8250
5987;71,4550;5,8480
5988;71,5270;5,8520
5989;71,4660;5,8380
5990;71,4930;5,8200
5991;71,4920;5,8480
5992;71,4970;5,8720
5993;71,4430;5,8480
5994;71,4890;5,8760
5995;71,4380;5,8740
5996;71,5190;5,8800
5997;71,4540;5,8450
5998;71,4650;5,8600
5999;71,2310;5,8400
6000;71,3170;5,8430
6001;71,5040;5,8290
6002;71,4750;5,8150
6003;71,3960;5,8610
6004;71,4680;5,8930
6005;71,4200;5,9020
6006;71,3830;5,8300
6007;71,3310;5,8460
6008;71,3930;5,8490
6009;71,4250;5,8090
6010;71,5220;5,8410
6011;71,4560;5,8520
6012;71,4260;5,8170
6013;71,5100;5,8590
6014;71,3660;5,8480
6015;71,4880;5,8450
6016;71,4880;5,8870
6017;71,4480;5,8740
6018;71,5200;5,8640
6019;71,3900;5,8220
6020;71,4520;5,8620
6021;71,4440;5,9510
6022;71,3960;5,8600
6023;71,4470;5,8440
6024;71,3320;5,8260
6025;71,4260;5,8630
6026;71,4200;5,8280
6027;71,3780;5,8340
6028;71,4760;5,8190
6029;71,3700;5,8760
6030;71,4490;5,8450
6031;71,4260;5,8200
6032;71,4850;5,7970
6033;71,4030;5,9070
6034;71,3820;5,8570
6035;71,4830;5,8540
6036;71,5310;5,8430
6037;71,5030;5,8510
6038;71,3090;5,8480
6039;71,4290;5,8610
6040;71,4950;5,8690
6041;71,4770;5,8360
6042;71,3760;5,8420
6043;71,3010;5,8260
6044;71,4670;5,8200
6045;71,4850;5,9170
6046;71,3810;5,8500
6047;71,4830;5,8710
6048;71,5070;5,8340
6049;71,4290;5,8030
6050;71,4010;5,8390
6051;71,4150;5,8440
6052;71,4800;5,8430
6053;71,4720;5,8400
6054;71,3670;5,8470
6055;71,4270;5,8620
6056;71,4770;5,8270
6057;71,4440;5,8440
6058;71,5030;5,8360
6059;71,4600;5,8640
6060;71,4420;5,8930
6061;71,5110;5,8350
6062;71,4190;5,8580
6063;71,4340;5,8650
6064;71,4860;5,8500
6065;71,4990;5,8440
6066;71,4850;5,8390
6067;71,4570;5,8510
6068;71,4150;5,8490
6069;71,5150;5,8720
6070;71,4860;5,8350
6071;71,5090;5,8340
6072;71,4610;5,8190
6073;71,5040;5,8340
6074;71,5270;5,8880
6075;71,3790;5,7910
6076;71,4840;5,8400
6077;71,4520;5,8120
6078;71,5350;5,8420
6079;71,3800;5,8100
6080;71,3870;5,9040
6081;71,4010;5,8500
6082;71,4140;5,8480
6083;71,5290;5,8340
6084;71,4660;5,7950
6085;71,4190;5,8670
6086;71,4360;5,8410
6087;71,4400;5,8640
6088;71,3540;5,8430
6089;71,4120;5,8600
6090;71,4130;5,8300
6091;71,4170;5,8420
6092;71,3710;5,8290
6093;71,5220;5,8130
6094;71,4710;5,8460
6095;71,4810;5,8550
6096;71,4860;5,8520
6097;71,4470;5,8230
6098;71,3320;5,8890
6099;71,4330;5,8760
6100;71,3250;5,8520
6101;71,4420;5,8300
6102;71,4500;5,8110
6103;71,4470;5,8350
6104;71,5030;5,8640
6105;71,4340;5,8490
6106;71,3820;5,8400
6107;71,4350;5,8280
6108;71,4000;5,8140
6109;71,4810;5,8500
6110;71,4590;5,9200
6111;71,3760;5,8820
6112;71,4450;5,8350
6113;71,3870;5,8800
6114;71,4050;5,8440
6115;71,4110;5,8370
6116;71,4080;5,8470
6117;71,4470;5,8760
6118;71,4500;5,8370
6119;71,5080;5,8310
6120;71,4120;5,8240
6121;71,4750;5,8650
6122;71,4400;5,8080
6123;71,5270;5,8430
6124;71,4370;5,8860
6125;71,3770;5,8560
6126;71,4440;5,8370
6127;71,4000;5,8350
6128;71,5930;5,8290
6129;71,3440;5,8340
6130;71,4450;5,8560
6131;71,4900;5,8360
6132;71,3370;5,8560
6133;71,4830;5,8340
6134;71,4950;5,8260
6135;71,4330;5,8110
6136;71,4860;5,8300
6137;71,4930;5,7590
6138;71,4120;5,8340
6139;71,4450;5,8590
6140;71,4490;5,8560
6141;71,5590;5,8170
6142;71,5670;5,8270
6143;71,5110;5,8150
6144;71,5630;5,9330
6145;71,4690;5,8700
6146;71,4610;5,8460
6147;71,4810;5,8170
6148;71,3400;5,8760
6149;71,4750;5,8960
6150;71,4000;5,8170
6151;71,4310;5,8210
6152;71,4730;5,8350
6153;71,3840;5,8230
6154;71,3830;5,8630
6155;71,4110;5,8360
6156;71,3880;5,9260
6157;71,4260;5,8330
6158;71,3610;5,8640
6159;71,3580;5,8500
6160;71,4790;5,8340
6161;71,5220;5,8220
6162;71,3850;5,7990
6163;71,4330;5,8730
6164;71,5320;5,8960
6165;71,4520;5,8120
6166;71,3990;5,8470
6167;71,4520;5,8540
6168;71,5100;5,8190
6169;71,4930;5,8290
6170;71,4940;5,8720
6171;71,4030;5,8230
6172;71,4290;5,8510
6173;71,4330;5,8330
6174;71,4700;5,8160
6175;71,5310;5,8470
6176;71,4690;5,8230
6177;71,4590;5,8750
6178;71,4110;5,8920
6179;71,4980;5,8630
6180;71,4010;5,8180
6181;71,4640;5,8420
6182;71,4180;5,8170
6183;71,4510;5,7890
6184;71,3980;5,8470
6185;71,4450;5,8420
6186;71,4640;5,8340
6187;71,3910;5,8720
6188;71,4750;5,8280
6189;71,4680;5,8770
6190;71,5050;5,8360
6191;71,5700;5,8670
6192;71,5090;5,8550
6193;71,3950;5,8570
6194;71,5270;5,8070
6195;71,4520;5,8210
6196;71,4750;5,8660
6197;71,4020;5,8050
6198;71,4620;5,8110
6199;71,5230;5,8320
6200;71,4900;5,8280
6201;71,4550;5,8230
6202;71,4820;5,8540
6203;71,4030;5,8090
6204;71,5430;5,8360
6205;71,4720;5,8820
6206;71,3960;5,9040
6207;71,4470;5,8230
6208;71,5650;5,8780
6209;71,4580;5,8550
6210;71,4890;5,8380
6211;71,4780;5,8360
6212;71,5160;5,8260
6213;71,4530;5,8330
6214;71,5260;5,8300
6215;71,5060;5,9020
6216;71,4820;5,8890
6217;71,4030;5,8420
6218;71,4580;5,8560
6219;71,3730;5,8500
6220;71,3690;5,8420
6221;71,4550;5,8380
6222;71,4730;5,8750
6223;71,3190;5,8480
6224;71,4130;5,6580
6225;71,4110;5,8460
6226;71,4430;5,8200
6227;71,4330;5,8440
6228;71,5070;5,8390
6229;71,4760;5,8510
6230;71,4480;5,8260
6231;71,4980;5,8430
6232;71,5040;5,8470
6233;71,4690;5,8400
6234;71,4130;5,8210
6235;71,4660;5,8170
6236;71,3690;5,8450
6237;71,4770;5,8880
6238;71,5130;5,9890
6239;71,3790;5,8540
6240;71,3910;5,8220
6241;71,3980;5,8910
6242;71,5220;5,8180
6243;71,4210;5,8560
6244;71,4640;5,8220
6245;71,4010;5,8520
6246;71,4620;5,8220
6247;71,4400;5,8370
6248;71,3040;5,8360
6249;71,4540;5,8220
6250;71,4130;5,8410
6251;71,3770;5,8310
6252;71,4160;5,8380
6253;71,3950;5,8520
6254;71,4880;5,8600
6255;71,4620;5,8340
6256;71,3970;5,8980
6257;71,5010;5,8620
6258;71,4660;5,8510
6259;71,4150;5,8300
6260;71,5390;5,8370
6261;71,4280;5,8040
6262;71,4220;5,8510
6263;71,5640;5,8410
6264;71,4790;5,8410
6265;71,4660;5,8130
6266;71,4530;5,8160
6267;71,4430;5,8540
6268;71,5300;5,8520
6269;71,4650;5,8470
6270;71,4120;5,8280
6271;71,4590;5,7960
6272;71,4620;5,8400
6273;71,4100;5,8410
6274;71,3950;5,8580
6275;71,4280;5,8290
6276;71,4450;5,8290
6277;71,4460;5,8380
6278;71,4880;5,8670
6279;71,4860;5,8420
6280;71,4900;5,8160
6281;71,4360;5,8490
6282;71,4220;5,8350
6283;71,4060;5,8400
6284;71,4830;5,8500
6285;71,4820;5,8180
6286;71,3970;5,9160
6287;71,4560;5,8430
6288;71,3570;5,8460
6289;71,4140;5,8290
6290;71,5220;5,8060
6291;71,5300;5,9080
6292;71,4260;5,8040
6293;71,3950;5,8710
6294;71,4900;5,8540
6295;71,4070;5,8210
6296;71,5180;5,8660
6297;71,4800;5,8470
6298;71,5110;5,8520
6299;71,3730;5,8630
6300;71,4320;5,8610
6301;71,3830;5,8740
6302;71,4620;5,8430
6303;71,3650;5,8190
6304;71,4630;5,8200
6305;71,4930;5,8250
6306;71,4620;5,8380
6307;71,4180;5,8380
6308;71,4120;5,8360
6309;71,3380;5,8610
6310;71,5050;5,8420
6311;71,3830;5,8610
6312;71,4720;5,8270
6313;71,4930;5,8730
6314;71,4500;5,8750
6315;71,5290;5,8420
6316;71,4770;5,8200
6317;71,5040;5,8440
6318;71,5390;5,8350
6319;71,4510;5,8690
6320;71,5140;5,8210
6321;71,4200;5,8070
6322;71,4000;5,8860
6323;71,4160;5,8400
6324;71,4890;5,8650
6325;71,4630;5,8290
6326;71,4400;5,8150
6327;71,4700;5,8370
6328;71,4000;5,8170
6329;71,4730;5,8320
6330;71,4980;5,8530
6331;71,4280;5,8550
6332;71,4710;5,8460
6333;71,4780;5,9120
6334;71,4720;5,8920
6335;71,5360;5,8370
6336;71,5660;5,8460
6337;71,4490;5,8200
6338;71,5540;5,8400
6339;71,4510;5,8410
6340;71,3930;5,8160
6341;71,4990;5,8280
6342;71,4600;5,8500
6343;71,4360;5,8680
6344;71,4810;5,8140
6345;71,4240;5,8300
6346;71,5100;5,8380
6347;71,5280;5,8330
6348;71,4800;5,8270
6349;71,4760;5,8650
6350;71,2730;5,8240
6351;71,4770;5,8270
6352;71,4110;5,8610
6353;71,5670;5,8370
6354;71,3820;5,8220
6355;71,4840;5,8280
6356;71,4240;5,8160
6357;71,5070;5,8140
6358;71,4840;5,8190
6359;71,4160;5,8150
6360;71,4920;5,8080
6361;71,3890;5,8690
6362;71,3830;5,8260
6363;71,4570;5,8040
6364;71,4860;5,8180
6365;71,4360;5,8680
6366;71,4780;5,8700
6367;71,5580;5,8680
6368;71,5610;5,9740
6369;71,4260;5,8600
6370;71,3670;5,8550
6371;71,4920;5,8130
6372;71,3900;5,8320
6373;71,3970;5,8640
6374;71,4840;5,8650
6375;71,5430;5,8650
6376;71,4620;5,8150
6377;71,4250;5,8600
6378;71,4820;5,8240
6379;71,4170;5,8640
6380;71,4500;5,8260
6381;71,4750;5,8320
6382;71,4560;5,8110
6383;71,3830;5,8320
6384;71,5190;5,8600
6385;71,4550;5,8480
6386;71,3310;5,8570
6387;71,4800;5,8400
6388;71,5100;5,8420
6389;71,4760;5,8420
6390;71,3800;5,8610
6391;71,4650;5,8820
6392;71,3860;5,8750
6393;71,4770;5,8290
6394;71,4870;5,8700
6395;71,4690;5,8950
6396;71,5180;5,8230
6397;71,5040;5,8100
6398;71,4790;5,8720
6399;71,5420;5,8950
6400;71,7890;5,8080
6401;71,5000;5,8330
6402;71,4600;5,8660
6403;71,4820;5,8190
6404;71,4020;5,8200
6405;71,5030;5,8930
6406;71,4200;5,9650
6407;71,4720;5,8230
6408;71,4630;5,8410
6409;71,5480;5,7940
6410;71,4620;5,8360
6411;71,3740;5,8480
6412;71,4760;5,8270
6413;71,4630;5,8460
6414;71,4100;5,8210
6415;71,4090;5,8470
6416;71,4620;5,8320
6417;71,4040;5,8570
6418;71,4250;5,8500
6419;71,4060;5,8650
6420;71,4310;5,8460
6421;71,5020;5,8880
6422;71,4720;5,8310
6423;71,5210;5,8450
6424;71,4130;5,8410
6425;72,2630;5,9270
6426;71,3850;5,8520
6427;71,4200;5,8290
6428;71,3960;5,8410
6429;71,4630;5,8290
6430;71,4870;5,8340
6431;71,4270;5,8470
6432;71,4550;5,8250
6433;71,4110;5,8970
6434;71,3910;5,8410
6435;71,4880;5,8550
6436;71,4560;5,8480
6437;71,4600;5,8710
6438;71,4830;5,7950
6439;71,5090;5,8430
6440;71,4750;5,8500
6441;71,5180;5,8890
6442;71,3890;5,8350
6443;71,5030;5,8170
6444;71,4160;5,8370
6445;71,4620;5,8470
6446;71,4300;5,8870
6447;71,5330;5,8210
6448;71,3550;5,8270
6449;71,4240;5,8340
6450;71,2980;5,8340
6451;71,4990;5,8590
6452;71,4360;5,8490
6453;71,4870;5,8570
6454;71,3850;5,8810
6455;71,4580;5,8560
6456;71,5170;5,8670
6457;71,4360;5,8600
6458;71,5710;5,8090
6459;71,4050;5,8440
6460;71,4890;5,8270
6461;71,5210;5,8350
6462;71,4610;5,8620
6463;71,4790;5,8410
6464;71,4570;5,8490
6465;71,4380;5,8300
6466;71,4260;5,8290
6467;71,4810;5,8400
6468;71,5210;5,8770
6469;71,5400;5,8210
6470;71,4980;5,8450
6471;71,3750;5,8830
6472;71,5370;5,8270
6473;71,4800;5,8570
6474;71,4390;5,9190
6475;71,4800;5,8290
6476;71,4920;5,8230
6477;71,4810;5,9100
6478;71,4310;5,8380
6479;71,4890;5,8410
6480;71,3580;5,8540
6481;71,4130;5,8520
6482;71,4050;5,8380
6483;71,3940;5,8640
6484;71,4250;5,8400
6485;71,4240;5,8510
6486;71,5390;5,8260
6487;71,5600;5,8420
6488;71,3460;5,8900
6489;71,4530;5,8260
6490;71,5220;5,8360
6491;71,4980;5,8650
6492;71,4720;5,8070
6493;71,2090;5,8350
6494;71,4380;5,8370
6495;71,4580;5,8570
6496;71,4890;5,8170
6497;71,5260;5,8520
6498;71,4110;5,8350
6499;71,4690;5,8470
6500;71,4610;5,9370
6501;71,5060;5,8500
6502;71,4600;5,7810
6503;71,4680;5,8300
6504;71,4340;5,8570
6505;71,5180;5,8260
6506;71,3350;5,8400
6507;71,4770;5,8570
6508;71,4550;5,8670
6509;71,4920;5,8560
6510;71,4460;5,8570
6511;71,4110;5,8690
6512;71,5180;5,7970
6513;71,3740;5,8380
6514;71,5610;5,8260
6515;71,4740;5,8990
6516;71,4440;5,8840
6517;71,4140;5,8270
6518;71,4020;5,8300
6519;71,5480;5,8320
6520;71,6740;5,8750
6521;71,4500;5,8920
6522;71,5960;5,9570
6523;71,4550;5,8620
6524;71,5560;5,8410
6525;71,5450;5,8350
6526;71,4880;5,8180
6527;71,4830;5,8350
6528;71,4190;5,8480
6529;71,5420;5,8830
6530;71,1850;5,8080
6531;71,4040;5,7820
6532;71,4630;5,8270
6533;71,5780;5,8140
6534;71,3560;5,8540
6535;71,5580;5,9110
6536;71,4380;5,8890
6537;71,5490;5,8270
6538;71,4910;5,8860
6539;71,5030;5,8430
6540;71,4830;5,8270
6541;71,5350;5,8690
6542;71,4560;5,8390
6543;71,5100;5,8130
6544;71,3880;5,8420
6545;71,4200;5,8680
6546;71,4390;5,8800
6547;71,5460;5,8640
6548;71,4960;5,8930
6549;71,5360;5,8410
6550;71,5390;5,8810
6551;71,5230;5,8350
6552;71,5330;5,9230
6553;71,5390;5,8290
6554;71,3320;5,8090
6555;71,4340;5,8470
6556;71,4970;5,8260
6557;71,5020;5,8540
6558;71,3440;5,8340
6559;71,3800;5,8030
6560;71,5020;5,8220
6561;71,4890;5,8070
6562;71,4940;5,8390
6563;71,4240;5,8090
6564;71,3650;5,8570
6565;71,4680;5,8310
6566;71,4560;5,8340
6567;71,4540;5,8210
6568;71,5620;5,8480
6569;71,4580;5,8210
6570;71,5510;5,8700
6571;71,5240;5,8350
6572;71,4460;5,8630
6573;71,4350;5,8080
6574;71,4490;5,8570
6575;71,4580;5,8430
6576;71,4930;5,8470
6577;71,4790;5,8300
6578;71,4960;5,8330
6579;71,4400;5,8940
6580;71,5070;5,8160
6581;71,5160;5,8240
6582;71,4950;5,8530
6583;71,4550;5,8560
6584;71,4270;5,8520
6585;71,4140;5,8240
6586;71,4760;5,8400
6587;71,4550;5,8410
6588;71,4270;5,8240
6589;71,5080;5,9050
6590;71,4630;5,8400
6591;71,4000;5,8410
6592;71,5340;5,8930
6593;71,5640;5,8270
6594;71,3990;5,8370
6595;71,3820;5,8160
6596;71,5310;5,8450
6597;71,5860;5,8560
6598;71,4710;5,8480
6599;71,4470;5,8370
6600;71,8980;5,8330
6601;71,4680;5,8380
6602;71,3230;5,8500
6603;71,4510;5,8680
6604;71,4950;5,8610
6605;71,4930;5,8160
6606;71,3510;5,8470
6607;71,4570;5,8060
6608;71,4970;5,8500
6609;71,3720;5,8310
6610;71,4820;5,8480
6611;71,3480;5,8330
6612;71,3920;5,8630
6613;71,4790;5,8680
6614;71,4980;5,8670
6615;71,5110;5,8600
6616;71,5250;5,8590
6617;71,4930;5,8430
6618;71,4520;5,8850
6619;71,4060;5,8540
6620;71,4440;5,8640
6621;71,4130;5,9270
6622;71,5200;5,8540
6623;71,4420;5,8590
6624;71,5270;5,8780
6625;71,4790;5,8080
6626;71,4090;5,8380
6627;71,4530;5,8620
6628;71,5020;5,8580
6629;71,4970;5,8530
6630;71,4730;5,8370
6631;71,4490;5,8390
6632;71,4790;5,8440
6633;71,5030;5,8360
6634;71,8980;5,8570
6635;71,4370;5,8290
6636;71,4730;5,8190
6637;71,4530;5,8440
6638;71,4540;5,8050
6639;71,3050;5,8080
6640;71,5120;5,8130
6641;71,5470;5,8590
6642;71,4350;5,8650
6643;71,3540;5,8650
6644;71,4010;5,8540
6645;71,4860;5,8520
6646;71,5030;5,8220
6647;71,4070;5,8860
6648;71,5010;5,8310
6649;71,4720;5,7940
6650;71,4210;5,8310
6651;71,4960;5,8670
6652;71,4550;5,8350
6653;71,3670;5,8260
6654;71,4920;5,8530
6655;71,4120;5,8550
6656;71,3640;5,8620
6657;71,8320;5,8870
6658;71,5180;5,8410
6659;71,4680;5,8530
6660;71,5330;5,8420
6661;71,4810;5,8590
6662;71,4550;5,8340
6663;71,5010;5,8600
6664;71,4240;5,8750
6665;71,4120;5,9070
6666;71,4260;5,8690
6667;71,4800;5,8920
6668;71,3690;5,8370
6669;71,3890;5,7990
6670;71,4730;5,7950
6671;71,4670;5,8740
6672;71,4900;5,8590
6673;71,4560;5,8120
6674;71,5290;5,8290
6675;71,5350;5,8630
6676;71,4300;5,8590
6677;71,4150;5,8160
6678;71,4940;5,8290
6679;71,4850;5,8500
6680;71,3870;5,8220
6681;71,3240;5,9330
6682;71,4530;5,8440
6683;71,3770;5,8210
6684;71,3980;5,8800
6685;71,4210;5,8290
6686;71,5010;5,8300
6687;71,5450;5,8800
6688;71,4590;5,8470
6689;71,4710;5,8350
6690;71,5510;5,8180
6691;71,5220;5,8760
6692;71,5350;5,8400
6693;71,4680;5,8320
6694;71,4560;5,8730
6695;71,5250;5,8620
6696;71,4650;5,8330
6697;71,3740;5,9570
6698;71,4810;5,8350
6699;71,3510;5,8180
6700;71,3920;5,8270
6701;71,5220;5,7120
6702;71,5390;5,8470
6703;71,5100;5,8490
6704;71,4860;5,8430
6705;71,4060;5,8530
6706;71,2910;5,8240
6707;71,4400;5,9010
6708;71,5160;5,8300
6709;71,3770;5,8760
6710;71,3980;5,8260
6711;71,4380;5,8480
6712;71,4110;5,8800
6713;71,5260;5,8440
6714;71,4650;5,8340
6715;71,5020;5,8370
6716;71,4710;5,8720
6717;71,5150;5,8740
6718;71,2610;5,8240
6719;71,4700;5,8340
6720;71,5040;5,8420
6721;71,4850;5,8260
6722;71,4610;5,8320
6723;71,3590;5,8760
6724;71,4780;5,8470
6725;71,4970;5,9410
6726;71,4710;5,8620
6727;71,4030;5,8590
6728;71,4900;5,8320
6729;71,4680;5,8350
6730;71,3900;5,8760
6731;71,5720;5,8810
6732;71,5140;5,7960
6733;71,4600;5,8840
6734;71,5580;5,8830
6735;71,5270;5,8780
6736;71,5210;5,8260
6737;71,3580;5,8490
6738;71,3930;5,8230
6739;71,3770;5,8520
6740;71,4230;5,8670
6741;71,4960;5,9520
6742;71,5220;5,8730
6743;71,4100;5,8440
6744;71,4600;5,8410
6745;71,4410;5,8380
6746;71,3890;5,7970
6747;71,5000;5,8290
6748;71,4950;5,8480
6749;71,4210;5,8290
6750;71,4120;5,8210
6751;71,5080;5,8330
6752;71,3880;5,8350
6753;71,4800;5,8260
6754;71,4150;5,7980
6755;71,5100;5,8510
6756;71,4100;5,8530
6757;71,4760;5,8370
6758;71,4020;5,8190
6759;71,5060;5,8910
6760;71,4160;5,8170
6761;71,4990;5,8370
6762;71,4720;5,8640
6763;71,5520;5,8610
6764;71,4180;5,8300
6765;71,4650;5,8410
6766;71,3770;5,8210
6767;71,4220;5,8480
6768;71,5490;5,8440
6769;71,4090;5,8460
6770;71,3680;5,8340
6771;71,3740;5,9730
6772;71,5020;5,8850
6773;71,5500;5,8590
6774;71,4430;5,8030
6775;71,4410;5,9090
6776;71,4810;5,8300
6777;71,4480;5,8710
6778;71,3890;5,8300
6779;71,4020;5,8730
6780;71,4900;5,8350
6781;71,4790;5,8270
6782;71,2290;5,8490
6783;71,5150;5,9070
6784;71,3680;5,8590
6785;71,4970;5,8260
6786;71,2650;5,9140
6787;71,5310;5,8350
6788;71,4680;5,8860
6789;71,4880;5,8940
6790;71,4410;5,8880
6791;71,4250;5,8480
6792;71,4940;5,9230
6793;71,4750;5,8920
6794;71,3850;5,8580
6795;71,4220;5,8700
6796;71,5230;5,8150
6797;71,3820;5,8340
6798;71,4600;5,8170
6799;71,4240;5,8450
6800;71,3930;5,8220
6801;71,4790;5,8530
6802;71,4670;5,8420
6803;71,4740;5,8420
6804;71,3670;5,8050
6805;71,4910;5,8170
6806;71,4070;5,8830
6807;71,5470;5,8140
6808;71,2110;5,8600
6809;71,5110;5,8230
6810;71,4480;5,9130
6811;71,4800;5,8740
6812;71,4830;5,8470
6813;71,4890;5,8160
6814;71,3690;5,8370
6815;71,5060;5,8220
6816;71,4700;5,8520
6817;71,3880;5,8680
6818;71,4030;5,8200
6819;71,5110;5,8430
6820;71,5040;5,8650
6821;71,5130;5,8340
6822;71,4390;5,8670
6823;71,5210;5,8970
6824;71,3570;5,8340
6825;71,4570;5,8750
6826;71,3770;5,8550
6827;71,4940;5,8520
6828;71,5440;5,8480
6829;71,4460;5,8630
6830;71,4430;5,8250
6831;71,4020;5,8340
6832;71,5000;5,8640
6833;71,4100;5,8780
6834;71,4640;5,8500
6835;71,5550;5,8730
6836;71,4110;5,8380
6837;71,4490;5,8650
6838;71,4940;5,8470
6839;71,4900;5,8250
6840;71,3900;5,8220
6841;71,5120;5,8400
6842;71,3870;5,8050
6843;71,4510;5,8460
6844;71,4150;5,8540
6845;71,3500;5,8690
6846;71,4640;5,8520
6847;71,4440;5,8730
6848;71,4940;5,8520
6849;71,4320;5,8990
6850;71,5380;5,8640
6851;71,4980;5,8320
6852;71,4440;5,8320
6853;71,4370;5,8590
6854;71,5040;5,8050
6855;71,4780;5,8530
6856;71,5060;5,7630
6857;71,5740;5,8400
6858;71,3890;5,8370
6859;71,4720;5,8210
6860;71,5270;5,9290
6861;71,5010;5,8350
6862;71,4370;5,8190
6863;71,5330;5,8640
6864;71,4150;5,8370
6865;71,4980;5,8060
6866;71,4630;5,9010
6867;71,4990;5,8630
6868;71,4970;5,8440
6869;71,4940;5,9070
6870;71,4020;5,8490
6871;71,4410;5,8060
6872;71,4430;5,9390
6873;71,4910;5,8470
6874;71,4570;5,8330
6875;71,4650;5,8220
6876;71,4810;5,8850
6877;71,4310;5,8930
6878;71,3950;5,8560
6879;71,5250;5,8420
6880;71,3970;5,8390
6881;71,4200;5,8190
6882;71,4450;5,8640
6883;71,4740;5,8120
6884;71,5100;5,8230
6885;71,4730;5,8490
6886;71,4050;5,8670
6887;71,4520;5,8070
6888;71,4420;5,8430
6889;71,5270;5,8590
6890;71,4920;5,8850
6891;71,4860;5,8400
6892;71,3800;5,8380
6893;71,3640;5,8530
6894;71,4950;5,8470
6895;71,4460;5,8510
6896;71,4950;5,8620
6897;71,3080;5,9000
6898;71,5090;5,8770
6899;71,4060;5,8660
6900;71,4930;5,8320
6901;71,4650;5,8690
6902;71,3600;5,7380
6903;71,4700;5,8160
6904;71,4640;5,8300
6905;71,3800;5,8570
6906;71,4570;5,8370
6907;71,1040;5,9100
6908;71,4870;5,8340
6909;71,4460;5,8560
6910;71,4150;5,8260
6911;71,5230;5,7770
6912;71,4910;5,8560
6913;71,3780;5,9050
6914;71,4500;5,8340
6915;71,4490;5,8110
6916;71,4830;5,8270
6917;71,4300;5,8190
6918;71,4240;5,8300
6919;71,5070;5,8440
6920;71,5140;5,8350
6921;71,4800;5,8710
6922;71,3950;5,8370
6923;71,3420;5,8540
6924;71,4800;5,8640
6925;71,4210;5,8770
6926;71,4600;5,8310
6927;71,3810;5,8590
6928;71,3640;5,8230
6929;71,3720;5,8050
6930;71,4870;5,8490
6931;71,4870;5,8300
6932;71,3650;5,8270
6933;71,4840;5,8330
6934;71,4330;5,8300
6935;71,4790;5,8380
6936;71,3860;5,8340
6937;71,4800;5,8490
6938;71,3800;5,8590
6939;71,5210;5,8440
6940;71,3600;5,8340
6941;71,4810;5,7980
6942;71,4120;5,8320
6943;71,4620;5,8360
6944;71,4620;5,8800
6945;71,2850;5,8170
6946;71,5130;5,8340
6947;71,3620;5,8420
6948;71,5680;5,8200
6949;71,4180;5,8500
6950;71,5130;5,8490
6951;71,4220;5,8530
6952;71,4460;5,8200
6953;71,4460;5,8170
6954;71,4020;5,8520
6955;71,4630;5,8740
6956;71,3180;5,8480
6957;71,3970;5,8510
6958;71,5310;5,8320
6959;71,4630;5,8090
6960;71,4810;5,8640
6961;71,4220;5,8590
6962;71,4860;5,8330
6963;71,4150;5,8390
6964;71,3220;5,8820
6965;71,4740;5,8300
6966;71,4250;5,8510
6967;71,4680;5,8190
6968;71,4250;5,8050
6969;71,4940;5,8330
6970;71,4720;5,8350
6971;71,4460;5,8140
6972;71,4920;5,8400
6973;71,4840;5,8850
6974;71,5050;5,8470
6975;71,3410;5,8670
6976;71,5010;5,8420
6977;71,4630;5,9410
6978;71,4730;5,8180
6979;71,5260;5,8240
6980;71,4620;5,8200
6981;71,4050;5,8310
6982;71,4670;5,8220
6983;71,3980;5,8560
6984;71,4490;5,8460
6985;71,4700;5,8580
6986;71,4460;5,8430
6987;71,4310;5,8090
6988;71,4900;5,8370
6989;71,5300;5,8150
6990;71,5400;5,8240
6991;71,4390;5,8560
6992;71,4700;5,8600
6993;71,2280;5,8640
6994;71,4930;5,8420
6995;71,3790;5,8280
6996;71,3920;5,8410
6997;71,3740;5,8310
6998;71,3540;5,8510
6999;71,4530;5,8120
7000;71,4780;5,8510
7001;71,4330;5,7770
7002;71,4670;5,8940
7003;71,4700;5,9010
7004;71,3260;5,8760
7005;71,4580;5,8370
7006;71,4370;5,8330
7007;71,3890;5,8660
7008;71,4610;5,8220
7009;71,5150;5,8150
7010;71,3980;5,8170
7011;71,4270;5,8360
7012;71,4640;5,8860
7013;71,4520;5,8590
7014;71,4810;5,8820
7015;71,5090;5,8570
7016;71,4470;5,8220
7017;71,3940;5,8360
7018;71,4420;5,8690
7019;71,4740;5,8360
7020;71,4820;5,8800
7021;71,3900;5,8350
7022;71,4840;5,8550
7023;71,3810;5,8630
7024;71,4770;5,8480
7025;71,3940;5,8540
7026;71,4810;5,7910
7027;71,5260;5,8380
7028;71,3730;5,8700
7029;71,4760;5,8580
7030;71,5030;5,8300
7031;71,5030;5,8750
7032;71,3980;5,8520
7033;71,4710;5,8570
7034;71,0630;5,8760
7035;71,4850;5,8090
7036;71,4890;5,8380
7037;71,4060;5,8040
7038;71,5290;5,8350
7039;71,4720;5,8460
7040;71,4810;5,9050
7041;71,4500;5,8430
7042;71,4050;5,8390
7043;71,5810;5,8590
7044;71,4070;5,8460
7045;71,5350;5,8250
7046;71,4220;5,8240
7047;71,4720;5,8520
7048;71,4540;5,8160
7049;71,4410;5,8380
7050;71,4720;5,8310
7051;71,5320;5,8600
7052;71,5180;5,8580
7053;71,3940;5,8440
7054;71,3890;5,8610
7055;71,3840;5,8810
7056;71,4740;5,9040
7057;71,4160;5,8580
7058;71,5300;5,8470
7059;71,4040;5,8690
7060;71,4530;5,8540
7061;71,3440;5,8370
7062;71,4800;5,8270
7063;71,2920;5,8080
7064;71,5100;5,8170
7065;71,4220;5,8500
7066;71,4420;5,9470
7067;71,4840;5,9020
7068;71,5010;5,8400
7069;71,3760;5,8560
7070;71,4260;5,8670
7071;71,5500;5,8480
7072;71,4730;5,8270
7073;71,4700;5,8490
7074;71,3280;5,8480
7075;71,3960;5,7910
7076;71,4590;5,8520
7077;71,4410;5,8910
7078;71,4540;5,7930
7079;71,4800;5,7440
7080;71,5210;5,8280
7081;71,4560;5,8540
7082;71,4650;5,8550
7083;71,4460;5,8530
7084;71,4870;5,8340
7085;71,4690;5,8290
7086;71,3600;5,8520
7087;71,5260;5,8490
7088;71,4840;5,8420
7089;71,4650;5,8380
7090;71,4900;5,9810
7091;71,4950;5,8370
7092;71,4670;5,8520
7093;71,4830;5,8640
7094;71,4710;5,8530
7095;71,4250;5,8310
7096;71,5230;5,8430
7097;71,4800;5,8570
7098;71,5190;5,8850
7099;71,5380;5,8130
7100;71,4670;5,8840
7101;71,4540;5,8230
7102;71,4610;5,8470
7103;71,3720;5,8460
7104;71,5370;5,8370
7105;71,4880;5,7980
7106;71,1500;5,8480
7107;71,4440;5,8830
7108;71,4110;5,8450
7109;71,4980;5,8730
7110;71,3500;5,8340
7111;71,4010;5,8670
7112;71,4970;5,8960
7113;71,4920;5,8110
7114;71,4010;5,8590
7115;71,5120;5,8610
7116;71,4550;5,8390
7117;71,4930;5,8560
7118;71,3420;5,8420
7119;71,4740;5,8720
7120;71,4230;5,8150
7121;71,3700;5,8370
7122;71,5170;5,8290
7123;71,4340;5,8460
7124;71,4800;5,8310
7125;71,4470;5,9730
7126;71,4430;5,8230
7127;71,5130;5,8880
7128;71,3860;5,8180
7129;71,4630;5,8520
7130;71,4560;5,8520
7131;71,4570;5,8260
7132;71,6910;5,8810
7133;71,4140;5,8360
7134;71,4050;5,8260
7135;71,4720;5,8420
7136;71,4710;5,8540
7137;71,3320;5,8290
7138;71,5180;5,8530
7139;71,4320;5,8290
7140;71,4300;5,8660
7141;71,4460;5,8220
7142;71,4730;5,8890
7143;71,4060;5,8330
7144;71,4200;5,8330
7145;71,4290;5,8220
7146;71,3560;5,8600
7147;71,4600;5,8430
7148;71,4200;5,8090
7149;71,4200;5,8240
7150;71,4690;5,8320
7151;71,3820;5,8410
7152;71,4140;5,8470
7153;71,4200;5,8590
7154;71,4830;5,8390
7155;71,4380;5,8280
7156;71,4690;5,8360
7157;71,4990;5,8590
7158;71,5590;5,8620
7159;71,4470;5,8550
7160;71,4120;5,8770
7161;71,4560;5,9050
7162;71,5770;5,8840
7163;71,3670;5,8380
7164;71,4420;5,8470
7165;71,4590;5,8460
7166;71,4500;5,7810
7167;71,4530;5,8650
7168;71,5050;5,8780
7169;71,3930;5,8920
7170;71,4350;5,8430
7171;71,3840;5,9010
7172;71,4720;5,8430
7173;71,4500;5,8860
7174;71,4730;5,8300
7175;71,4290;5,8770
7176;71,3670;5,8350
7177;71,4560;5,8820
7178;71,4160;5,8250
7179;71,4040;5,8870
7180;71,5340;5,9010
7181;71,4490;5,8000
7182;71,3130;5,8550
7183;71,4380;5,8550
7184;71,3090;5,8500
7185;71,4420;5,8920
7186;71,4040;5,8400
7187;71,4900;5,8430
7188;71,4490;5,8720
7189;71,4730;5,8540
7190;71,5270;5,8660
7191;71,3580;5,8620
7192;71,3340;5,8810
7193;71,4710;5,8470
7194;71,5630;5,8270
7195;71,4200;5,8420
7196;71,4810;5,8070
7197;71,5060;5,8290
7198;71,4050;5,8190
7199;71,4330;5,8950
7200;71,4080;5,9200
7201;71,4070;5,8350
7202;71,5080;5,8720
7203;71,4710;5,8340
7204;71,4490;5,8420
7205;71,5260;5,8680
7206;71,3840;5,8780
7207;71,4370;5,8470
7208;71,4340;5,8570
7209;71,4770;5,8270
7210;71,3650;5,8260
7211;71,5010;5,8560
7212;71,5190;5,8210
7213;71,4310;5,8480
7214;71,5140;5,8380
7215;71,4560;5,8280
7216;71,4310;5,8600
7217;71,4510;5,8310
7218;71,5670;5,8240
7219;71,3490;5,8550
7220;71,3460;5,8680
7221;71,4950;5,8710
7222;71,3790;5,8580
7223;71,4680;5,8350
7224;71,3750;5,9510
7225;71,5130;5,8760
7226;71,4660;5,8620
7227;71,3770;5,8230
7228;71,5360;5,8880
7229;71,4130;5,8460
7230;71,4970;5,8350
7231;71,5350;5,8400
7232;71,5060;5,8910
7233;71,4270;5,8250
7234;71,3670;5,8150
7235;71,4300;5,8310
7236;71,4960;5,7730
7237;71,3790;5,8220
7238;71,4410;5,8500
7239;71,4360;5,9870
7240;71,4850;5,8530
7241;71,3890;5,8480
7242;71,4760;5,8490
7243;71,4920;5,8700
7244;71,4290;5,8620
7245;71,5160;5,8410
7246;71,4010;5,8280
7247;71,4880;5,8510
7248;71,4150;5,8470
7249;71,4750;5,8540
7250;71,4030;5,9090
7251;71,4990;5,8480
7252;71,4330;5,8290
7253;71,4450;5,8470
7254;71,4730;5,8070
7255;71,4400;5,8590
7256;71,4900;5,8720
7257;71,5420;5,8160
7258;71,3620;5,8600
7259;71,5490;5,8680
7260;71,4250;5,8360
7261;71,4630;5,8460
7262;71,3800;5,8420
7263;71,4910;5,8330
7264;71,4650;5,8990
7265;71,3620;5,8410
7266;70,7170;5,8490
7267;71,2640;5,8390
7268;71,4380;5,8480
7269;71,4690;5,8210
7270;71,4740;5,8450
7271;71,4890;5,8330
7272;71,4640;5,8210
7273;71,3540;5,8230
7274;71,4680;5,8420
7275;71,4750;5,8850
7276;71,4350;5,8730
7277;71,4740;5,8660
7278;71,4370;5,8780
7279;71,4320;5,8820
7280;71,5000;5,8330
7281;71,3430;5,8450
7282;71,5060;5,8190
7283;71,4070;5,7950
7284;71,4340;5,8290
7285;71,4200;5,9350
7286;71,5160;5,8400
7287;71,4600;5,8770
7288;71,4190;5,8690
7289;71,4490;5,8450
7290;71,4590;5,8570
7291;71,4980;5,9050
7292;71,5360;5,8750
7293;71,4810;5,8630
7294;71,5220;5,8160
7295;71,4410;5,8270
7296;71,4290;5,8390
7297;71,4440;5,8340
7298;71,4210;5,8160
7299;71,4300;5,9180
7300;71,4280;5,8840
7301;71,3190;5,8580
7302;71,4120;5,8860
7303;71,4330;5,8420
7304;71,3770;5,8270
7305;71,4570;5,8430
7306;71,4410;5,8430
7307;71,4570;5,8050
7308;71,5170;5,9030
7309;71,5170;5,8240
7310;71,4910;5,8010
7311;71,5220;5,9590
7312;71,4170;5,8840
7313;71,4970;5,8390
7314;71,4750;5,8390
7315;71,5060;5,8320
7316;71,4180;5,8430
7317;71,5410;5,8480
7318;71,4260;5,8580
7319;71,4890;5,8660
7320;71,4430;5,8450
7321;71,4170;5,8600
7322;71,5070;5,8010
7323;71,4580;5,9770
7324;71,4370;5,8220
7325;71,3880;5,9580
7326;71,5350;5,8390
7327;71,4950;5,8130
7328;71,4940;5,8400
7329;71,4210;5,8310
7330;71,4420;5,8420
7331;71,3930;5,8790
7332;71,5080;5,9060
7333;71,5150;5,8150
7334;71,4530;5,8280
7335;71,4680;5,8720
7336;71,2410;5,9310
7337;71,4380;5,8730
7338;71,5080;5,8500
7339;71,5020;5,8390
7340;71,4010;5,8750
7341;71,3880;5,8270
7342;71,5100;5,8410
7343;71,4490;5,8350
7344;71,4440;5,8830
7345;71,3790;5,9040
7346;71,4410;5,8310
7347;71,5480;5,8160
7348;71,4790;5,8520
7349;71,4510;5,8360
7350;71,3440;5,8220
7351;71,3150;5,8600
7352;71,4480;5,9950
7353;71,3510;5,8570
7354;71,4870;5,8490
7355;71,4320;5,8470
7356;71,4710;5,8280
7357;71,4830;5,8140
7358;71,4180;5,8140
7359;71,5040;5,9470
7360;71,4140;5,8350
7361;71,4560;5,8240
7362;71,5090;5,8670
7363;71,4320;5,8830
7364;71,4560;5,8660
7365;71,4820;5,8400
7366;71,4290;5,8760
7367;71,4630;5,9030
7368;71,4980;5,8290
7369;71,3870;5,9830
7370;71,3960;5,9130
7371;71,4130;5,8480
7372;71,5000;5,8460
7373;71,4390;5,8550
7374;71,3060;5,8700
7375;71,4380;5,9300
7376;71,4760;5,8220
7377;71,4670;5,8900
7378;71,5010;5,8340
7379;71,5750;5,8780
7380;71,3920;5,8380
7381;71,5590;5,8630
7382;71,4450;5,8960
7383;71,4120;5,8300
7384;71,4460;5,8640
7385;71,3840;5,9590
7386;71,4610;5,8250
7387;71,1890;5,8320
7388;71,4380;5,8600
7389;71,4090;5,8870
7390;71,4180;5,8490
7391;71,4200;5,8480
7392;71,5410;5,8670
7393;71,5060;5,8380
7394;71,4800;5,8160
7395;71,5130;5,8370
7396;71,4070;5,8380
7397;71,4840;5,8300
7398;71,3860;5,8570
7399;71,4390;5,8970
7400;71,3420;5,8210
7401;71,4430;5,8690
7402;71,3640;5,8250
7403;71,5310;5,9530
7404;71,4290;5,8520
7405;71,4320;5,8360
7406;71,4310;5,8490
7407;71,5230;5,8190
7408;71,4170;5,8260
7409;71,5600;5,8770
7410;71,4340;5,8460
7411;71,3450;5,8470
7412;71,3350;5,7900
7413;71,4450;5,8300
7414;71,4210;5,8490
7415;71,5070;5,8570
7416;71,3300;5,8130
7417;71,4300;5,8970
7418;71,5020;5,8080
7419;71,4060;5,8240
7420;71,5190;5,8500
7421;71,4190;5,6370
7422;71,3950;5,8490
7423;71,4630;5,8400
7424;71,3210;5,8120
7425;71,4050;5,7870
7426;71,4760;5,8280
7427;71,4150;5,8590
7428;71,4760;5,8620
7429;71,4370;5,8190
7430;71,3800;5,8560
7431;71,5450;5,9150
7432;71,3580;5,8510
7433;71,4050;5,9620
7434;71,4580;5,8700
7435;71,5300;5,8580
7436;71,4480;5,8640
7437;71,4010;5,8350
7438;71,3560;5,9230
7439;71,2110;5,8500
7440;71,3760;5,8790
7441;71,3800;5,8740
7442;71,3990;5,8310
7443;71,4580;5,8460
7444;71,4040;5,8010
7445;71,3860;5,7500
7446;71,4090;5,8150
7447;71,5220;5,8870
7448;71,4630;5,8140
7449;71,3580;5,8480
7450;71,4530;5,8330
7451;71,4800;5,8830
7452;71,4700;5,8500
7453;71,5670;5,8360
7454;71,4850;5,8420
7455;71,5670;5,8540
7456;71,5140;5,8240
7457;71,4120;5,8520
7458;71,5170;5,8170
7459;71,4090;5,8690
7460;71,5160;5,8370
7461;71,4940;5,8340
7462;71,3960;5,8160
7463;71,5170;5,8640
7464;71,4280;5,8310
7465;71,3560;5,8530
7466;71,4260;5,8640
7467;71,5110;5,8540
7468;71,5060;5,8400
7469;71,4290;5,8520
7470;71,3650;5,8550
7471;71,4220;5,8210
7472;71,3710;5,8380
7473;71,4920;5,8290
7474;71,4900;5,8150
7475;71,4310;5,8440
7476;71,4130;5,8650
7477;71,4960;5,8810
7478;71,4700;5,8680
7479;71,4600;5,8620
7480;71,5090;5,7950
7481;71,3980;5,8110
7482;71,3980;5,8260
7483;71,5120;5,8230
7484;71,6780;5,8090
7485;71,4630;5,6680
7486;71,3900;5,8110
7487;71,3740;5,8230
7488;71,3730;5,8140
7489;71,4430;5,9280
7490;71,4690;5,8490
7491;71,3640;5,8030
7492;71,4650;5,8900
7493;71,5780;5,8560
7494;71,5070;5,8470
7495;71,4890;5,8300
7496;71,4750;5,8360
7497;71,5040;5,8140
7498;71,4250;5,8520
7499;71,3680;5,8550
7500;71,4590;5,8440
7501;71,4730;5,8520
7502;71,4060;5,8890
7503;71,5190;5,8420
7504;71,4490;5,8350
7505;71,4880;5,8460
7506;71,4840;5,8150
7507;71,4540;5,8480
7508;71,4700;5,8110
7509;71,3460;5,8410
7510;71,3910;5,7970
7511;71,5060;5,8370
7512;71,4530;5,8310
7513;71,4000;5,8460
7514;71,5180;5,8340
7515;71,4130;5,8130
7516;71,3790;5,8050
7517;71,2730;5,8420
7518;71,4170;5,8450
7519;71,4850;5,8230
7520;71,4690;5,8370
7521;71,4020;5,8170
7522;71,4320;5,9200
7523;71,4510;5,8360
7524;71,4520;5,8380
7525;71,4700;5,8860
7526;71,4280;5,8370
7527;71,4980;5,8410
7528;71,4180;5,8170
7529;71,3840;5,8580
7530;71,5070;5,8680
7531;71,4670;5,8520
7532;71,3810;5,8310
7533;71,4270;5,8430
7534;71,4800;5,8200
7535;71,3750;5,8640
7536;71,4070;5,9060
7537;71,5140;5,8600
7538;71,3870;5,9010
7539;71,4300;5,8590
7540;71,3600;5,8360
7541;71,5070;5,8710
7542;71,5130;5,8750
7543;71,4890;5,9850
7544;71,3440;5,8890
7545;71,5190;5,8470
7546;71,4960;5,8860
7547;71,3580;5,8460
7548;71,4580;5,8980
7549;71,4720;5,8880
7550;71,4640;5,8400
7551;71,4860;5,7500
7552;71,3390;5,8500
7553;71,4290;5,8440
7554;71,4780;5,7950
7555;71,4350;5,8270
7556;71,4920;5,8490
7557;71,5060;5,8320
7558;71,4320;5,8350
7559;71,4290;5,8810
7560;71,3830;5,8260
7561;71,4590;5,8330
7562;71,4140;5,8330
7563;71,5400;5,8370
7564;71,4400;5,8570
7565;71,3610;5,8740
7566;71,4550;5,8550
7567;71,5200;5,8620
7568;71,4420;5,8860
7569;71,4370;5,8480
7570;71,4300;5,8760
7571;71,5300;5,8280
7572;71,4190;5,8220
7573;71,5020;5,7930
7574;71,4110;5,8470
7575;71,4720;5,8450
7576;71,5690;5,8450
7577;71,4130;5,8540
7578;71,4380;5,8210
7579;71,4170;5,8150
7580;71,4740;5,8280
7581;71,5120;5,8610
7582;72,0090;5,8260
7583;71,4530;5,9140
7584;71,3490;5,8350
7585;71,4740;5,8690
7586;71,4320;5,8730
7587;71,5000;5,8220
7588;71,4210;5,8850
7589;71,5130;5,8420
7590;71,4130;5,8910
7591;71,4560;5,8550
7592;71,4420;5,9030
7593;71,4750;5,8540
7594;71,3340;5,8480
7595;71,4770;5,8310
7596;71,5000;5,8430
7597;71,4980;5,9280
7598;71,4790;5,8300
7599;71,4290;5,9790
7600;71,4050;5,8220
7601;71,4240;5,8590
7602;71,4480;5,8420
7603;71,4120;5,8250
7604;71,4110;5,9100
7605;71,3510;5,8230
7606;71,4430;5,8800
7607;71,4460;5,8580
7608;71,4950;5,8390
7609;71,4620;5,8300
7610;71,3780;5,8590
7611;71,3870;5,8190
7612;71,4790;5,8720
7613;71,3900;5,9170
7614;71,4050;5,8400
7615;71,4500;5,8470
7616;71,4870;5,9480
7617;71,3920;5,8340
7618;71,5360;5,8390
7619;71,5350;5,8740
7620;71,4350;5,8910
7621;71,4010;5,8640
7622;71,3380;5,8410
7623;71,4850;5,8410
7624;71,4890;5,8540
7625;71,4650;5,8260
7626;71,4550;5,8180
7627;71,5400;5,8310
7628;71,5120;5,8490
7629;71,4810;5,8410
7630;71,4930;5,8340
7631;71,4480;5,8480
7632;71,4700;5,8550
7633;71,5150;5,8440
7634;71,4810;5,8260
7635;71,4560;5,8350
7636;71,4060;5,8570
7637;71,3630;5,8680
7638;71,4590;5,8470
7639;71,4090;5,8360
7640;71,4830;5,8410
7641;71,4920;5,8370
7642;71,3610;5,8760
7643;71,3790;5,8670
7644;71,4690;5,8350
7645;71,5470;5,8460
7646;71,4230;5,8360
7647;71,4290;5,8130
7648;71,4890;5,8220
7649;71,4510;5,8560
7650;71,5380;5,8490
7651;71,4720;5,9410
7652;71,4340;5,8620
7653;71,4650;5,8620
7654;71,4600;5,8310
7655;71,3850;5,8720
7656;71,3620;5,8350
7657;71,5430;5,8720
7658;71,4340;5,8580
7659;71,4040;5,8340
7660;71,4150;5,9150
7661;71,2040;5,8210
7662;71,4440;5,8610
7663;71,4210;5,8470
7664;71,4940;5,8400
7665;71,4800;5,8340
7666;71,4650;5,8470
7667;71,4930;5,8420
7668;71,2690;5,8450
7669;71,4650;5,8380
7670;71,4150;5,8510
7671;71,4140;5,9020
7672;71,5180;5,8350
7673;71,4980;5,8500
7674;71,4180;5,8550
7675;71,5560;5,8410
7676;71,4680;5,8870
7677;71,4010;5,8640
7678;71,5380;5,8270
7679;71,4230;5,8070
7680;71,3970;5,8410
7681;71,4260;5,8340
7682;71,3620;5,8410
7683;71,4680;5,8700
7684;71,4420;5,8580
7685;71,4720;5,8540
7686;71,3860;5,8350
7687;71,4210;5,8850
7688;71,5040;5,8820
7689;71,3790;5,8290
7690;71,3530;5,8560
7691;71,3340;5,8270
7692;71,4480;5,8540
7693;71,4640;5,8550
7694;71,4980;5,8270
7695;71,3260;5,8840
7696;71,4740;5,8390
7697;71,4780;5,9040
7698;71,4050;5,8530
7699;71,3900;5,9050
7700;71,4820;5,8610
7701;71,4550;5,8750
7702;71,4050;5,9030
7703;71,4000;5,8120
7704;71,5000;5,8480
7705;71,4890;5,8430
7706;71,4380;5,8220
7707;71,3950;5,8220
7708;71,5080;5,8480
7709;71,4580;5,8370
7710;71,3950;5,8450
7711;71,4260;5,8450
7712;71,4650;5,8900
7713;71,4570;5,8210
7714;71,3020;5,8670
7715;71,4200;5,8270
7716;71,3720;5,8620
7717;71,3890;5,8340
7718;71,5060;5,9280
7719;71,4680;5,8550
7720;71,4380;5,8670
7721;71,4730;5,8610
7722;71,4690;5,8390
7723;71,3970;5,8680
7724;71,5150;5,8550
7725;71,4280;5,8520
7726;71,4990;5,8390
7727;71,4000;5,8820
7728;71,5060;5,8370
7729;71,4490;5,8810
7730;71,5350;5,8680
7731;71,4250;5,8220
7732;71,5020;5,8460
7733;71,5580;5,8520
7734;71,2890;5,8460
7735;71,5110;5,8250
7736;71,4000;5,8850
7737;71,4780;5,9030
7738;71,3950;5,8430
7739;71,4090;5,8250
7740;71,4720;5,8700
7741;71,5270;5,8430
7742;71,4290;5,8340
7743;71,4030;5,8530
7744;71,4850;5,8590
7745;71,4860;5,8880
7746;71,3160;5,8680
7747;71,4870;5,8440
7748;71,4390;5,8330
7749;71,4200;5,8830
7750;71,4480;5,8780
7751;71,5260;5,8890
7752;71,5010;5,8220
7753;71,3770;5,8530
7754;71,3550;5,8490
7755;71,5040;5,8170
7756;71,4450;5,8630
7757;71,3930;5,8600
7758;71,4880;5,8270
7759;71,4040;5,8700
7760;71,5680;5,8550
7761;71,4830;5,8680
7762;71,4760;5,8510
7763;71,4440;5,9510
7764;71,4640;5,8130
7765;71,4350;5,8630
7766;71,2170;5,9680
7767;71,4980;5,8410
7768;71,4660;5,8290
7769;71,4270;5,8920
7770;71,4330;5,8380
7771;71,2950;5,8090
7772;71,4110;5,8370
7773;71,3920;5,8620
7774;71,4450;5,8570
7775;71,4450;5,8510
7776;71,4230;5,8740
7777;71,4950;5,8300
7778;71,4110;5,8460
7779;71,3260;5,8430
7780;71,4000;5,8500
7781;71,5550;5,8420
7782;71,4780;5,8570
7783;71,4370;5,8460
7784;71,4360;5,8310
7785;71,3620;5,9200
7786;71,5060;5,8370
7787;71,3860;5,8140
7788;71,4360;5,8200
7789;71,4940;5,8350
7790;71,5510;5,8190
7791;71,4490;5,8670
7792;71,4890;5,8610
7793;71,4370;5,8530
7794;71,4360;5,8420
7795;71,4120;5,8720
7796;71,5770;5,8370
7797;71,3540;5,8270
7798;71,3310;5,8370
7799;71,5080;5,8480
7800;71,5090;5,8540
7801;71,1960;5,8330
7802;71,4910;5,8340
7803;71,3270;5,8100
7804;71,4510;5,8440
7805;71,5130;5,8610
7806;71,4860;5,8340
7807;71,4560;5,8310
7808;71,4910;5,8340
7809;71,4950;5,8240
7810;71,4250;5,8220
7811;71,4870;5,8460
7812;71,4820;5,8490
7813;71,4050;5,8460
7814;71,4450;5,8610
7815;71,3620;5,8870
7816;71,4970;5,8580
7817;71,3770;5,8440
7818;71,5720;5,8580
7819;71,5280;5,8270
7820;71,4960;5,8380
7821;71,4210;5,8730
7822;71,4520;5,8800
7823;71,3980;5,8290
7824;71,4980;5,8410
7825;71,4720;5,8380
7826;71,4540;5,8970
7827;71,4650;5,8700
7828;71,4570;5,8420
7829;71,4470;5,8470
7830;71,5130;5,8300
7831;71,5280;5,8250
7832;71,5250;5,8540
7833;71,5790;5,8340
7834;71,3690;5,8470
7835;71,4500;5,8330
7836;71,3820;5,8490
7837;71,3750;5,9400
7838;71,4770;5,8520
7839;71,3620;5,8720
7840;71,4470;5,8260
7841;71,3440;5,8300
7842;71,4600;5,8280
7843;71,5080;5,8440
7844;71,4310;5,8280
7845;71,4660;5,8530
7846;71,3740;5,8290
7847;71,3440;5,8350
7848;71,3580;5,8520
7849;71,4470;5,8870
7850;71,4520;5,8180
7851;71,3680;5,8350
7852;71,5000;5,8480
7853;71,4420;5,8170
7854;71,5310;5,8280
7855;71,3430;5,8460
7856;71,3850;5,8340
7857;71,4680;5,8390
7858;71,5560;5,8390
7859;71,5660;5,8700
7860;71,4790;5,9480
7861;71,3950;5,8950
7862;71,3550;5,9530
7863;71,3440;5,8040
7864;71,4760;5,7680
7865;71,5240;5,8410
7866;71,4290;5,8270
7867;71,3690;5,8400
7868;71,4400;5,8300
7869;71,5100;5,8550
7870;71,4450;5,8310
7871;71,4620;5,8480
7872;71,5530;5,8240
7873;71,5720;5,9570
7874;71,4320;5,8190
7875;71,4330;5,8790
7876;71,5080;5,8660
7877;71,3740;5,8750
7878;71,3930;5,9620
7879;71,3800;5,8530
7880;71,4710;5,8380
7881;71,3390;5,8260
7882;71,3890;5,8830
7883;71,4860;5,8390
7884;71,5330;5,8560
7885;71,4960;5,9560
7886;71,3510;5,9150
7887;71,3780;5,8560
7888;71,5020;5,8870
7889;71,4620;5,9190
7890;71,4560;5,8380
7891;71,4030;5,8120
7892;71,4180;5,8350
7893;71,4230;5,8720
7894;71,4850;5,8670
7895;71,4710;5,8370
7896;71,3730;5,8230
7897;71,4660;5,8620
7898;71,4980;5,8380
7899;71,3350;5,8640
7900;71,4390;5,8410
7901;71,5250;5,8290
7902;71,4960;5,8510
7903;71,4110;5,8390
7904;71,4410;5,8720
7905;71,3790;5,8280
7906;71,4340;5,8360
7907;71,5050;5,8770
7908;71,4600;5,8130
7909;71,5050;5,8230
7910;71,3890;5,8570
7911;71,4280;5,8560
7912;71,4500;5,8800
7913;71,5130;5,8210
7914;71,3800;5,8730
7915;71,4590;5,8400
7916;71,4560;5,8470
7917;71,4840;5,8290
7918;71,4650;5,8410
7919;71,4930;5,8780
7920;71,4150;5,8740
7921;71,4310;5,8030
7922;71,3730;5,8550
7923;71,4290;5,8440
7924;71,4830;5,6620
7925;71,3770;5,8290
7926;71,4720;5,8750
7927;71,2650;5,8430
7928;71,4710;5,8510
7929;71,3180;5,9110
7930;71,4360;5,8580
7931;71,4690;5,8500
7932;71,4070;5,8230
7933;71,4830;5,8680
7934;71,4700;5,8370
7935;71,3550;5,9790
7936;71,3980;5,8440
7937;71,4640;5,8360
7938;71,4180;5,8220
7939;71,4690;5,8110
7940;71,3370;5,8230
7941;71,4280;5,8890
7942;71,4040;5,9210
7943;71,4470;5,8680
7944;71,4910;5,8450
7945;71,3120;5,8400
7946;71,4960;5,8510
7947;71,3800;5,8630
7948;71,5010;5,8410
7949;71,4850;5,8670
7950;71,4600;5,8490
7951;71,4900;5,8730
7952;71,4860;5,9420
7953;71,4180;5,7560
7954;71,5090;5,8340
7955;71,4850;5,8320
7956;71,4100;5,8250
7957;71,4760;5,8680
7958;71,4450;5,8350
7959;71,3120;5,8330
7960;71,4670;5,9140
7961;71,5130;5,8530
7962;71,4560;5,8660
7963;70,9830;5,8300
7964;71,5000;5,8540
7965;71,4890;5,8340
7966;71,4690;5,8250
7967;71,4660;5,8440
7968;71,4800;5,8630
7969;71,2290;5,8720
7970;71,4730;5,8810
7971;71,4470;5,8950
7972;71,4570;5,8690
7973;71,4060;5,8510
7974;71,3710;5,8310
7975;71,4320;5,8620
7976;71,5300;5,8520
7977;71,5320;5,8700
7978;71,5960;5,8390
7979;71,5590;5,8430
7980;71,3980;5,8300
7981;71,3580;5,8630
7982;71,3520;5,8290
7983;71,4520;5,8110
7984;71,4600;5,8490
7985;71,4690;5,8580
7986;71,4290;5,8380
7987;71,3870;5,8790
7988;71,5440;5,8360
7989;71,4960;5,8370
7990;71,4410;5,8560
7991;71,4780;5,8350
7992;71,4580;5,8600
7993;71,4000;5,8680
7994;71,3510;5,8720
7995;71,4530;5,8480
7996;71,4930;5,8380
7997;71,3690;5,8250
7998;71,5270;5,9480
7999;71,4780;5,8770
8000;71,3840;5,8650
8001;71,5150;5,8360
8002;71,4280;5,8620
8003;71,3890;5,9140
8004;71,5260;5,8260
8005;71,3510;5,8700
8006;71,4890;5,8490
8007;71,5700;5,8810
8008;71,5170;5,8190
8009;71,4190;5,8640
8010;71,4900;5,8370
8011;71,4650;5,8450
8012;71,4270;5,8270
8013;71,4870;5,8570
8014;71,3980;5,8440
8015;71,4820;5,9270
8016;71,4960;5,8460
8017;71,4160;5,8580
8018;71,4660;5,8350
8019;71,3480;5,8490
8020;71,3630;5,8680
8021;71,4660;5,8530
8022;71,3500;5,9220
8023;71,3960;5,8570
8024;71,4890;5,8720
8025;71,5570;5,8410
8026;71,4260;5,8620
8027;71,3940;5,8230
8028;71,5490;5,8460
8029;71,4710;5,8310
8030;71,4920;5,8710
8031;71,4160;5,8480
8032;70,6370;5,8410
8033;71,4550;5,8810
8034;71,2590;5,8120
8035;71,5140;5,8460
8036;71,3510;5,8370
8037;71,5500;5,8100
8038;71,4390;5,9330
8039;71,4660;5,8850
8040;71,4520;5,8470
8041;71,4770;5,8480
8042;71,4140;5,8370
8043;71,4220;5,9760
8044;71,3600;5,8490
8045;71,4260;5,8420
8046;71,3920;5,8370
8047;71,4350;5,8210
8048;71,4090;5,8990
8049;71,4760;5,8270
8050;71,4690;5,8710
8051;71,3930;5,8340
8052;71,4080;5,8420
8053;71,4450;5,8890
8054;71,4700;5,8600
8055;71,3940;5,8460
8056;71,4230;5,9850
8057;71,4280;5,8420
8058;71,4010;5,8280
8059;71,4560;5,8420
8060;71,4910;5,8430
8061;71,3460;5,8400
8062;71,3700;5,8540
8063;71,3990;5,8430
8064;71,4810;5,8380
8065;71,4700;5,8010
8066;71,4720;5,8410
8067;71,4340;5,7880
8068;71,3990;5,9050
8069;71,5150;5,9010
8070;71,3890;5,9160
8071;71,3860;5,8270
8072;71,4110;5,8360
8073;71,3930;5,8400
8074;71,3370;5,8370
8075;71,4450;5,8920
8076;71,5370;5,8710
8077;71,4650;5,8160
8078;71,5040;5,8820
8079;71,4100;5,8180
8080;71,4390;5,8390
8081;71,3670;5,8140
8082;71,4130;5,8370
8083;71,4730;5,8360
8084;71,4140;5,8540
8085;71,5310;5,8500
8086;71,4550;5,8340
8087;71,5320;5,8200
8088;71,4630;5,8420
8089;71,5550;5,8410
8090;71,4780;5,8450
8091;71,4710;5,8580
8092;71,3480;5,8570
8093;71,5130;5,8470
8094;71,4820;5,8530
8095;71,4380;5,8720
8096;71,4770;5,9060
8097;71,3700;5,8390
8098;71,4340;5,8500
8099;71,4250;5,8510
8100;71,3910;5,8440
8101;71,4350;5,8250
8102;71,5390;5,8190
8103;71,3600;5,9560
8104;71,3080;5,8150
8105;71,4330;5,9210
8106;71,5310;5,8940
8107;71,4070;5,8730
8108;71,4840;5,8490
8109;71,5190;5,8280
8110;71,4480;5,8620
8111;71,5450;5,8280
8112;71,5200;5,8270
8113;71,4190;5,8530
8114;71,5670;5,8120
8115;71,4860;5,8560
8116;71,4290;5,8490
8117;71,5280;5,8450
8118;71,4050;5,8340
8119;71,4230;5,8440
8120;71,4050;5,9790
8121;71,4110;5,8220
8122;71,4620;5,8550
8123;71,4770;5,8510
8124;71,4830;5,8420
8125;71,5210;5,8570
8126;71,3850;5,8940
8127;71,5330;5,8140
8128;71,4130;5,8440
8129;71,4060;5,8340
8130;71,5230;5,8590
8131;71,4330;5,8340
8132;71,5150;5,8460
8133;71,4940;5,8750
8134;71,5430;5,8380
8135;71,4270;5,8370
8136;71,5100;5,8630
8137;71,6150;5,8190
8138;71,4650;5,8350
8139;71,4830;5,8350
8140;71,5280;5,8560
8141;71,4760;5,8890
8142;71,4090;5,8290
8143;71,4320;5,8550
8144;71,4630;5,8830
8145;71,4170;5,8170
8146;71,4820;5,8180
8147;71,4460;5,7900
8148;71,4060;5,8140
8149;71,4580;5,7960
8150;71,4880;5,8090
8151;71,4600;5,8110
8152;71,5470;5,9670
8153;71,5880;5,8140
8154;71,3980;5,7750
8155;71,3580;5,7910
8156;71,5260;5,8090
8157;71,4670;5,7590
8158;71,5050;5,8210
8159;71,4400;5,8090
8160;71,4820;5,8100
8161;71,3450;5,8140
8162;71,3690;5,7720
8163;71,3790;5,7660
8164;71,5480;5,8330
8165;71,4240;5,8260
8166;71,3680;5,8240
8167;71,5370;5,8260
8168;71,5810;5,8290
8169;71,5140;5,8430
8170;71,4720;5,8390
8171;71,4500;5,8350
8172;71,4910;5,8260
8173;71,4730;5,9010
8174;71,5380;5,8800
8175;71,4670;5,8090
8176;71,5880;5,7500
8177;71,4390;5,8240
8178;71,4380;5,8340
8179;71,5090;5,8060
8180;71,5320;5,8180
8181;71,4650;5,7960
8182;71,4720;5,8060
8183;71,5530;5,8610
8184;71,4850;5,8120
8185;71,3910;5,7920
8186;71,4710;5,8150
8187;71,5260;5,8120
8188;71,3820;5,8070
8189;71,4790;5,7960
8190;71,4560;5,8410
8191;71,4000;5,8210
8192;71,4790;5,8050
8193;71,4040;5,8180
8194;71,3690;5,8090
8195;71,4450;5,8230
8196;71,4150;5,8160
8197;71,3810;5,7710
8198;71,4340;5,8110
8199;71,4190;5,8460
8200;71,5040;5,8580
8201;71,5210;5,8110
8202;71,4940;5,7930
8203;71,3360;5,8140
8204;71,5430;5,8180
8205;71,4390;5,8080
8206;71,5130;5,7680
8207;71,4960;5,9560
8208;71,4520;5,8110
8209;71,3470;5,8230
8210;71,4550;5,8000
8211;71,4210;5,8110
8212;71,4030;5,8360
8213;71,3980;5,7760
8214;71,3150;5,7830
8215;71,4460;5,8230
8216;71,4990;5,8440
8217;71,5070;5,8670
8218;71,4860;5,8460
8219;71,1640;5,8390
8220;71,5190;5,8330
8221;71,4230;5,8220
8222;71,4060;5,8440
8223;71,4680;5,8200
8224;71,5670;5,7970
8225;71,5700;5,8960
8226;71,4260;5,8010
8227;71,3040;5,8110
8228;71,3420;5,8210
8229;71,3750;5,8730
8230;71,4980;5,8480
8231;71,4180;5,7950
8232;71,5150;5,8150
8233;71,5580;5,8300
8234;71,4040;5,8060
8235;71,3310;5,8210
8236;71,5780;5,8050
8237;71,3370;5,8160
8238;71,4600;5,8290
8239;71,4800;5,8100
8240;71,3190;5,7750
8241;71,3370;5,8370
8242;71,2050;5,8280
8243;71,5280;5,8110
8244;71,5130;5,8190
8245;71,5260;5,8470
8246;71,4150;5,7910
8247;71,3370;5,8280
8248;71,4510;5,8110
8249;71,4880;5,7730
8250;71,4510;5,8410
8251;71,5240;5,7920
8252;71,4730;5,8240
8253;71,4370;5,8300
8254;71,4000;5,8210
8255;71,3860;5,8260
8256;71,5370;5,8150
8257;71,5140;5,8930
8258;71,5370;5,8220
8259;71,4640;5,8240
8260;71,4290;5,7730
8261;71,4080;5,8020
8262;71,4970;5,8300
8263;71,4220;5,8430
8264;71,4440;5,7900
8265;71,4510;5,8060
8266;71,4180;5,7900
8267;71,4990;5,8450
8268;71,3430;5,7750
8269;71,4810;5,8250
8270;71,4770;5,8200
8271;71,4640;5,8180
8272;71,4700;5,9670
8273;71,4500;5,8410
8274;71,4920;5,8630
8275;71,4640;5,8150
8276;71,3690;5,8100
8277;71,3510;5,8270
8278;71,3780;5,8050
8279;71,4270;5,8130
8280;71,4850;5,7970
8281;71,5050;5,8150
8282;71,4820;5,8110
8283;71,4700;5,8340
8284;71,5180;5,8620
8285;71,3520;5,8100
8286;71,4470;5,7660
8287;71,5960;5,8240
8288;71,5570;5,8050
8289;71,5130;5,8610
8290;71,4140;5,8130
8291;70,7000;5,8450
8292;71,4000;5,8130
8293;71,3920;5,9420
8294;71,3670;5,7940
8295;71,4700;5,7970
8296;71,5570;5,8620
8297;71,4530;5,8030
8298;71,4510;5,8010
8299;71,5140;5,8180
8300;71,4600;5,8160
8301;71,4820;5,7960
8302;71,4350;5,8100
8303;71,3500;5,7820
8304;71,4610;5,8470
8305;71,4400;5,8030
8306;71,5040;5,8030
8307;71,4910;5,8090
8308;71,5470;5,7950
8309;71,3780;5,8290
8310;71,4480;5,8050
8311;71,4410;5,8240
8312;71,4450;5,8180
8313;71,5080;5,8140
8314;71,3990;5,8300
8315;71,5070;5,8110
8316;71,4810;5,8150
8317;71,3610;5,8420
8318;71,4600;5,8090
8319;71,5080;5,8280
8320;71,4950;5,8130
8321;71,3910;5,8020
8322;71,4800;5,8060
8323;71,3430;5,8260
8324;71,5000;5,8640
8325;71,4640;5,8070
8326;71,5020;5,8530
8327;71,4140;5,8250
8328;71,4010;5,8000
8329;71,3200;5,7780
8330;71,4000;5,7990
8331;71,4910;5,8550
8332;71,4850;5,8530
8333;71,3810;5,8040
8334;71,4120;5,7970
8335;71,3830;5,7840
8336;71,3600;5,8710
8337;71,5030;5,8290
8338;71,4390;5,8460
8339;71,5250;5,8050
8340;71,4040;5,8240
8341;71,4570;5,9010
8342;71,5740;5,8430
8343;71,4690;5,8130
8344;71,3910;5,8420
8345;71,4840;5,8600
8346;71,5010;5,8130
8347;71,4910;5,7740
8348;71,4760;5,8350
8349;71,4840;5,8000
8350;71,2930;5,7950
8351;71,3730;5,8210
8352;71,3440;5,8040
8353;71,4870;5,8190
8354;71,4260;5,7730
8355;71,4720;5,8760
8356;71,3440;5,8340
8357;71,3210;5,7900
8358;71,4590;5,8300
8359;71,4470;5,7440
8360;71,3520;5,8370
8361;71,4950;5,8330
8362;71,4170;5,7920
8363;71,4570;5,8120
8364;71,3870;5,8230
8365;71,4500;5,9690
8366;71,4320;5,8210
8367;71,5880;5,8510
8368;71,5060;5,8140
8369;71,4220;5,8220
8370;71,4530;5,8060
8371;71,5520;5,7910
8372;71,4860;5,8260
8373;71,4420;5,9230
8374;71,4560;5,8400
8375;71,2820;5,8370
8376;71,4560;5,7950
8377;71,4370;5,8090
8378;71,4490;5,8220
8379;71,4590;5,8220
8380;71,4890;5,7270
8381;71,5490;5,8120
8382;71,4640;5,8010
8383;71,5610;5,7840
8384;71,4650;5,8090
8385;71,4070;5,7750
8386;71,4530;5,8250
8387;71,4440;5,8010
8388;71,4050;5,8150
8389;71,4370;5,8160
8390;71,4840;5,8060
8391;71,4160;5,8000
8392;71,5070;5,8310
8393;71,2720;5,8520
8394;71,3980;5,8450
8395;71,2480;5,8510
8396;71,5130;5,7920
8397;71,5600;5,8030
8398;71,3350;5,8420
8399;71,4480;5,7920
8400;71,4320;5,8480
8401;71,4910;5,8150
8402;71,4800;5,8110
8403;71,4520;5,8030
8404;71,4620;5,8170
8405;71,3970;5,8080
8406;71,4690;5,8580
8407;71,4310;5,8030
8408;71,5060;5,8560
8409;71,4380;5,8190
8410;71,4900;5,8050
8411;71,4890;5,8140
8412;71,1480;5,8220
8413;71,4830;5,8060
8414;71,4930;5,7850
8415;71,3730;5,7950
8416;71,4820;5,8750
8417;71,4460;5,8210
8418;71,5040;5,8280
8419;71,4970;5,7860
8420;71,4900;5,8110
8421;71,3500;5,8260
8422;71,3660;5,8110
8423;71,4140;5,7890
8424;71,4750;5,7960
8425;71,4530;5,9190
8426;71,4420;5,8690
8427;71,4990;5,8260
8428;71,3920;5,8160
8429;71,3850;5,7880
8430;71,4540;5,8090
8431;71,3780;5,8360
8432;71,3900;5,8370
8433;71,5530;5,7910
8434;71,4740;5,7980
8435;71,4060;5,8070
8436;71,2180;5,8220
8437;71,5580;5,8140
8438;71,4520;5,8450
8439;71,4070;5,8400
8440;71,4480;5,8000
8441;71,4230;5,8910
8442;71,4850;5,8530
8443;71,4630;5,7960
8444;71,4170;5,8410
8445;71,5160;5,7960
8446;71,3240;5,8150
8447;71,4780;5,7940
8448;71,4910;5,7950
8449;71,3420;5,9370
8450;71,4880;5,8250
8451;71,4080;5,8280
8452;71,4590;5,8060
8453;71,4220;5,8190
8454;71,4680;5,8090
8455;71,4760;5,8420
8456;71,4730;5,7920
8457;71,4970;5,8380
8458;71,3530;5,7680
8459;71,4040;5,8060
8460;71,4240;5,8320
8461;71,4330;5,7710
8462;71,4830;5,7820
8463;71,4500;5,8200
8464;71,3680;5,7850
8465;71,4410;5,8910
8466;71,3520;5,8340
8467;71,4360;5,8360
8468;71,4750;5,8210
8469;71,3900;5,7990
8470;71,5290;5,8250
8471;71,4070;5,8630
8472;71,5040;5,8010
8473;71,3950;5,8040
8474;71,5180;5,8100
8475;71,3820;5,8220
8476;71,4440;5,8050
8477;71,4980;5,7910
8478;71,4860;5,8200
8479;71,5190;5,8930
8480;71,3920;5,8370
8481;71,2160;5,8450
8482;71,4560;5,8440
8483;71,3920;5,8140
8484;71,4640;5,8060
8485;71,4840;5,8430
8486;71,4820;5,8190
8487;71,4990;5,7930
8488;71,3950;5,9160
8489;71,4290;5,8830
8490;71,4270;5,8600
8491;71,5250;5,8130
8492;71,3930;5,8330
8493;71,4760;5,7900
8494;71,2420;5,8150
8495;71,4840;5,8090
8496;71,3920;5,8060
8497;71,3500;5,8060
8498;71,4970;5,8000
8499;71,4130;5,7820
8500;71,5340;5,7620
8501;71,4280;5,8160
8502;71,5440;5,8130
8503;71,5660;5,7960
8504;71,4970;5,8070
8505;71,3550;5,8420
8506;71,4010;5,8370
8507;71,5100;5,8210
8508;71,4470;5,8100
8509;71,4060;5,9030
8510;71,4400;5,8680
8511;71,4680;5,8280
8512;71,5150;5,8300
8513;71,5080;5,8140
8514;71,4490;5,8040
8515;71,5250;5,7920
8516;71,4420;5,7970
8517;71,5280;5,8180
8518;71,4270;5,8160
8519;71,3870;5,8830
8520;71,1410;5,8260
8521;71,4300;5,8180
8522;71,4490;5,8130
8523;71,5590;5,7690
8524;71,3720;5,7690
8525;71,3770;5,8250
8526;71,4820;5,7940
8527;71,4470;5,8560
8528;71,4380;5,8110
8529;71,4240;5,8520
8530;71,5020;5,6560
8531;71,3640;5,8130
8532;71,3910;5,8240
8533;71,4120;5,7710
8534;71,4660;5,8180
8535;71,4920;5,7910
8536;71,5290;5,8130
8537;71,5040;5,7850
8538;71,3860;5,8260
8539;71,3680;5,8680
8540;71,4680;5,7920
8541;71,3790;5,8300
8542;71,3690;5,8080
8543;71,4330;5,7870
8544;71,4830;5,7680
8545;71,3640;5,8420
8546;71,4490;5,8200
8547;71,4370;5,8230
8548;71,4660;5,8440
8549;71,3360;5,8280
8550;71,4620;5,7550
8551;71,4340;5,8110
8552;71,4410;5,7970
8553;71,4700;5,8130
8554;71,5790;5,8210
8555;71,4540;5,8550
8556;71,4160;5,8520
8557;71,5080;5,8600
8558;71,3870;5,8910
8559;71,4340;5,8240
8560;71,5100;5,8050
8561;71,4960;5,7730
8562;71,5230;5,8540
8563;71,4490;5,8090
8564;71,5230;5,8230
8565;71,4330;5,8780
8566;71,4560;5,8290
8567;71,3840;5,8110
8568;71,4490;5,8120
8569;71,5150;5,8390
8570;71,4290;5,8270
8571;71,4340;5,7720
8572;71,4120;5,7910
8573;71,4730;5,8230
8574;71,3810;5,7920
8575;71,3930;5,8090
8576;71,4500;5,8340
8577;71,3900;5,8260
8578;71,4890;5,8060
8579;71,4150;5,7980
8580;71,5040;5,9330
8581;71,3890;5,8200
8582;71,4350;5,9070
8583;71,4780;5,7820
8584;71,4500;5,8360
8585;71,4650;5,8220
8586;71,4270;5,8020
8587;71,4790;5,8280
8588;71,4310;5,7940
8589;71,5360;5,7970
8590;71,4470;5,7970
8591;71,3590;5,7970
8592;71,4890;5,8180
8593;71,4910;5,7960
8594;71,4730;5,8090
8595;71,4550;5,8050
8596;71,4040;5,7950
8597;71,4920;5,8390
8598;71,4920;5,8190
8599;71,4430;5,8100
8600;71,5220;5,8410
8601;71,4450;5,8500
8602;71,2650;5,8080
8603;71,5000;5,8490
8604;71,5010;5,7840
8605;71,4710;5,7880
8606;71,3980;5,8180
8607;71,5500;5,8690
8608;71,4270;5,8350
8609;71,3890;5,7890
8610;71,4130;5,8200
8611;71,4270;5,8460
8612;71,4780;5,8020
8613;71,4870;5,8300
8614;71,4960;5,8040
8615;71,4510;5,7930
8616;71,4160;5,7940
8617;71,5070;5,8220
8618;71,4270;5,8490
8619;71,4040;5,8280
8620;71,4700;5,9370
8621;71,5490;5,8410
8622;71,4730;5,7930
8623;71,4570;5,8110
8624;71,4360;5,8120
8625;71,4640;5,8340
8626;71,4220;5,8220
8627;71,4390;5,8260
8628;71,4620;5,8310
8629;71,4750;5,8360
8630;71,3310;5,8200
8631;71,4520;5,8390
8632;71,4400;5,8160
8633;71,3840;5,8130
8634;71,4680;5,8060
8635;71,3860;5,9010
8636;71,4290;5,8240
8637;71,4970;5,8010
8638;71,5050;5,8530
8639;71,4630;5,8110
8640;71,4020;5,7770
8641;71,4420;5,8040
8642;71,4240;5,8130
8643;71,3620;5,8140
8644;71,4570;5,8130
8645;71,4020;5,8130
8646;71,4110;5,8320
8647;71,3340;5,8160
8648;71,4800;5,8140
8649;71,4850;5,8100
8650;71,4500;5,8170
8651;71,5010;5,8110
8652;71,4970;5,8150
8653;71,4680;5,8040
8654;71,4750;5,7960
8655;71,5090;5,7850
8656;71,3290;5,8030
8657;71,5180;5,8170
8658;71,4800;5,7970
8659;71,3970;5,8660
8660;71,4010;5,8490
8661;71,4500;5,8150
8662;71,5570;5,8280
8663;71,4370;5,8000
8664;71,3930;5,7940
8665;71,4160;5,8270
8666;71,3910;5,8260
8667;71,4530;5,9210
8668;71,4930;5,8270
8669;71,4660;5,8140
8670;71,4660;5,8090
8671;71,5060;5,8190
8672;71,3980;5,8080
8673;71,5470;5,8690
8674;71,4760;5,8560
8675;71,4100;5,8070
8676;71,5030;5,8180
8677;71,4600;5,8150
8678;71,4610;5,8550
8679;71,3970;5,8570
8680;71,3970;5,8280
8681;71,4690;5,8300
8682;71,3410;5,8090
8683;71,4040;5,8290
8684;71,4640;5,8060
8685;71,4230;5,8070
8686;71,3540;5,7910
8687;71,4510;5,8030
8688;71,4610;5,8100
8689;71,4990;5,8800
8690;71,4920;5,8670
8691;71,4570;5,8060
8692;71,4430;5,8340
8693;71,4680;5,8090
8694;71,4980;5,8410
8695;71,4310;5,8210
8696;71,5200;5,7860
8697;71,4150;5,8050
8698;71,4420;5,8380
8699;71,5330;5,8190
8700;71,4660;5,7890
8701;71,3920;5,7790
8702;71,2510;5,8180
8703;71,3620;5,8210
8704;71,4450;5,8480
8705;71,4230;5,8060
8706;71,4780;5,8470
8707;71,3700;5,8420
8708;71,5680;5,8180
8709;71,5080;5,8180
8710;71,5100;5,8150
8711;71,4050;5,8030
8712;71,4740;5,7980
8713;71,3820;5,8550
8714;71,4000;5,7890
8715;71,5010;5,7980
8716;71,4440;5,8590
8717;71,4310;5,8000
8718;71,5110;5,7950
8719;71,4830;5,8250
8720;71,4260;5,8380
8721;71,4560;5,8380
8722;71,4790;5,7810
8723;71,5170;5,8250
8724;71,4440;5,8440
8725;71,4930;5,7950
8726;71,4620;5,8620
8727;71,5140;5,8260
8728;71,3970;5,8350
8729;71,4440;5,8100
8730;71,4310;5,7910
8731;71,4120;5,8430
8732;71,4320;5,8020
8733;71,3980;5,7990
8734;71,4430;5,8210
8735;71,3400;5,8900
8736;71,4630;5,8250
8737;71,3430;5,7900
8738;71,3690;5,8190
8739;71,4720;5,8040
8740;71,5010;5,7440
8741;71,4530;5,7760
8742;71,3650;5,8690
8743;71,4720;5,8070
8744;71,5400;5,8020
8745;71,5300;5,7940
8746;71,4650;5,7780
8747;71,5350;5,8320
8748;71,3950;5,8650
8749;71,4430;5,8060
8750;71,3360;5,8080
8751;71,4240;5,8180
8752;71,3460;5,8140
8753;71,5140;5,8050
8754;71,3760;5,8160
8755;71,4830;5,8490
8756;71,4710;5,8710
8757;71,3750;5,8050
8758;71,4800;5,8020
8759;71,4320;5,8050
8760;71,4590;5,8140
8761;71,3850;5,8150
8762;71,4190;5,8230
8763;71,4460;5,8230
8764;71,4870;5,8400
8765;71,4990;5,9800
8766;71,4640;5,7980
8767;71,4780;5,7780
8768;71,3600;5,8030
8769;71,4310;5,8130
8770;71,3930;5,8440
8771;71,3590;5,8100
8772;71,4400;5,8460
8773;71,5330;5,8100
8774;71,4100;5,8330
8775;71,3390;5,7920
8776;71,4780;5,8180
8777;71,4670;5,8310
8778;71,4730;5,8020
8779;71,3520;5,8220
8780;71,4180;5,8040
8781;71,4670;5,8080
8782;71,5020;5,8030
8783;71,4190;5,8060
8784;71,4450;5,8120
8785;71,4720;5,8120
8786;71,4140;5,7980
8787;71,4800;5,8490
8788;71,5800;5,8530
8789;71,3710;5,8150
8790;71,4010;5,8000
8791;71,4230;5,7640
8792;71,4150;5,7940
8793;71,3320;5,8220
8794;71,5290;5,8180
8795;71,5260;5,8240
8796;71,3800;5,9370
8797;71,4580;5,8230
8798;71,4630;5,8070
8799;71,4450;5,8990
8800;71,4330;5,8200
8801;71,4540;5,8330
8802;71,4930;5,8060
8803;71,3530;5,8180
8804;71,4340;5,7930
8805;71,4900;5,8060
8806;71,5140;5,7910
8807;71,4990;5,7910
8808;71,4750;5,8040
8809;71,4340;5,8330
8810;71,3990;5,8240
8811;71,4740;5,8270
8812;71,3150;5,8100
8813;71,4310;5,8170
8814;71,3560;5,8250
8815;71,4800;5,8170
8816;71,4160;5,8000
8817;71,3600;5,7750
8818;71,4450;5,8430
8819;71,3300;5,8220
8820;71,5370;5,8420
8821;71,4830;5,9510
8822;71,5040;5,8010
8823;71,4200;5,8150
8824;71,3310;5,8540
8825;71,4580;5,8170
8826;71,4830;5,8780
8827;71,4810;5,8020
8828;71,4970;5,8090
8829;71,3280;5,8500
8830;71,4960;5,8210
8831;71,4170;5,8120
8832;71,5250;5,7940
8833;71,4640;5,8010
8834;71,3290;5,8180
8835;71,4470;5,8240
8836;71,3900;5,7980
8837;71,3970;5,8070
8838;71,4840;5,7980
8839;71,3680;5,8280
8840;71,4990;5,8150
8841;71,4010;5,8310
8842;71,5130;5,7990
8843;71,4060;5,8160
8844;71,5280;5,8130
8845;71,4860;5,7620
8846;71,4880;5,7860
8847;71,5640;5,8810
8848;71,4110;5,7660
8849;71,3600;5,8460
8850;71,5020;5,8490
8851;71,4860;5,8090
8852;71,3970;5,7940
8853;71,4150;5,8330
8854;71,4910;5,8230
8855;71,4410;5,8250
8856;71,4840;5,7980
8857;71,4510;5,8010
8858;71,4430;5,8350
8859;71,4330;5,8290
8860;71,4480;5,7950
8861;71,3870;5,8360
8862;71,3680;5,8410
8863;71,4330;5,8400
8864;71,4320;5,8510
8865;71,4180;5,8090
8866;71,4120;5,8310
8867;71,4880;5,8070
8868;72,7450;5,8410
8869;71,4840;5,8090
8870;71,4900;5,8300
8871;71,3330;5,7630
8872;71,5150;5,8360
8873;71,3880;5,8350
8874;71,4570;5,8170
8875;71,3880;5,8070
8876;71,4970;5,7830
8877;71,4750;5,7920
8878;71,4950;5,8030
8879;71,3900;5,7880
8880;71,3780;5,8640
8881;71,2550;5,8020
8882;71,4490;5,8210
8883;71,4960;5,8450
8884;71,4020;5,8410
8885;71,4340;5,7970
8886;71,4410;5,7990
8887;71,4530;5,8380
8888;71,5800;5,8460
8889;71,2800;5,8170
8890;71,5210;5,8020
8891;71,4440;5,8010
8892;71,4940;5,8090
8893;71,4610;5,8090
8894;71,3700;5,7930
8895;71,3990;5,8470
8896;71,5100;5,8590
8897;71,5480;5,8350
8898;71,4320;5,7880
8899;71,4650;5,7750
8900;71,4960;5,8150
8901;71,5170;5,8460
8902;71,3860;5,8100
8903;71,4540;5,8260
8904;71,4840;5,8040
8905;71,5520;5,7870
8906;71,5940;5,8200
8907;71,4110;5,8150
8908;71,4740;5,8320
8909;71,5770;5,8760
8910;71,5440;5,8020
8911;71,5200;5,8590
8912;71,4640;5,8170
8913;71,4490;5,7790
8914;71,5000;5,8130
8915;71,5590;5,7850
8916;71,4350;5,7910
8917;71,3880;5,7900
8918;71,3570;5,8200
8919;71,3950;5,8260
8920;71,4210;5,8140
8921;71,3710;5,9660
8922;71,4080;5,7790
8923;71,3670;5,8250
8924;71,5120;5,8030
8925;71,5170;5,8150
8926;71,4190;5,8100
8927;71,4710;5,8090
8928;71,4870;5,8150
8929;71,3630;5,9400
8930;71,4660;5,8610
8931;71,5010;5,8060
8932;71,3880;5,8270
8933;71,4210;5,8150
8934;71,5180;5,8210
8935;71,4280;5,8540
8936;71,5790;5,8060
8937;71,4680;5,8070
8938;71,3390;5,8460
8939;71,4150;5,8140
8940;71,4310;5,8180
8941;71,4620;5,8150
8942;71,5290;5,8070
8943;71,4480;5,8250
8944;71,4200;5,8170
8945;71,3530;5,8480
8946;71,4110;5,8310
8947;71,3780;5,8270
8948;71,4320;5,8170
8949;71,4420;5,8250
8950;71,4230;5,8050
8951;71,3790;5,8260
8952;71,5010;5,8020
8953;71,4350;5,8120
8954;71,4560;5,7890
8955;71,4330;5,8070
8956;71,3740;5,7980
8957;71,3770;5,8130
8958;71,5170;5,8080
8959;71,3880;5,7670
8960;71,4350;5,8050
8961;71,3370;5,8340
8962;71,3570;5,7940
8963;71,4370;5,7280
8964;71,4560;5,8790
8965;71,5450;5,8430
8966;71,4510;5,8030
8967;71,4050;5,8170
8968;71,3740;5,8280
8969;71,4930;5,8120
8970;71,3820;5,8450
8971;71,3930;5,8290
8972;71,3760;5,8290
8973;71,4720;5,8310
8974;71,3560;5,8080
8975;71,4430;5,8330
8976;71,5330;5,8280
8977;71,3580;5,8130
8978;71,3810;5,8620
8979;71,4250;5,8300
8980;71,4680;5,8500
8981;71,4400;5,8160
8982;71,4800;5,9090
8983;71,3260;5,8190
8984;71,4270;5,8060
8985;71,3940;5,8040
8986;71,4970;5,7890
8987;71,3890;5,8870
8988;71,5460;5,8310
8989;71,4730;5,8050
8990;71,5170;5,8240
8991;71,4870;5,8050
8992;71,3400;5,8110
8993;71,3350;5,8820
8994;71,4120;5,8080
8995;71,4370;5,8560
8996;71,5030;5,8880
8997;71,4200;5,8020
8998;71,3660;5,8010
8999;71,4660;5,7960
9000;71,3820;5,8490
9001;71,4750;5,8320
9002;71,3810;5,8090
9003;71,4710;5,8160
9004;71,4880;5,8080
9005;71,4740;5,7980
9006;71,4570;5,8050
9007;71,4400;5,8350
9008;71,3480;5,8610
9009;71,3920;5,8830
9010;71,4640;5,8420
9011;71,4600;5,8180
9012;71,3690;5,8180
9013;71,4490;5,8530
9014;71,4010;5,8020
9015;71,3030;5,8090
9016;71,4310;5,8020
9017;71,3650;5,7900
9018;71,4840;5,8080
9019;71,5160;5,8290
9020;71,4320;5,8400
9021;71,4740;5,8210
9022;71,4480;5,8110
9023;71,4320;5,9040
9024;71,4020;5,8030
9025;71,4460;5,8110
9026;71,4630;5,8290
9027;71,4510;5,7940
9028;71,3490;5,8070
9029;71,5070;5,8030
9030;71,4240;5,8260
9031;71,4150;5,8260
9032;71,4840;5,8710
9033;71,4440;5,8060
9034;71,4940;5,8220
9035;71,5280;5,8390
9036;71,4600;5,7910
9037;71,3750;5,8370
9038;71,4860;5,8220
9039;71,4610;5,8190
9040;71,5480;5,8150
9041;71,5010;5,7890
9042;71,3730;5,8200
9043;71,4610;5,8450
9044;71,3470;5,8330
9045;71,4880;5,9000
9046;71,5010;5,7820
9047;71,3720;5,8160
9048;71,3780;5,8000
9049;71,5010;5,8000
9050;71,4290;5,8090
9051;71,3750;5,8080
9052;71,4600;5,7930
9053;71,3900;5,8220
9054;71,3840;5,8330
9055;71,1370;5,8080
9056;71,4110;5,8080
9057;71,4190;5,8270
9058;71,4360;5,8380
9059;71,5090;5,8500
9060;71,4700;5,8040
9061;71,5210;5,8280
9062;71,4230;5,8130
9063;71,5380;5,8500
9064;71,4850;5,8240
9065;71,3520;5,7920
9066;71,4640;5,8220
9067;71,4840;5,8240
9068;71,4360;5,8190
9069;71,4720;5,7890
9070;71,4890;5,8130
9071;71,4990;5,8520
9072;71,4390;5,8250
9073;71,5150;5,8340
9074;71,4810;5,8130
9075;71,4690;5,8920
9076;71,5090;5,8430
9077;71,4040;5,8220
9078;71,4830;5,8250
9079;71,4200;5,8250
9080;71,4020;5,8240
9081;71,4400;5,8040
9082;71,5090;5,7810
9083;71,4490;5,8450
9084;71,4490;5,8470
9085;71,4820;5,8010
9086;71,3670;5,9250
9087;71,6140;5,7770
9088;71,4010;5,8330
9089;71,4420;5,8230
9090;71,4070;5,8150
9091;71,4690;5,8050
9092;71,4240;5,8220
9093;71,4210;5,8070
9094;71,3910;5,8180
9095;71,3840;5,8190
9096;71,4270;5,8500
9097;71,4650;5,8060
9098;71,4780;5,8210
9099;71,4020;5,8230
9100;71,5150;5,8020
9101;71,4170;5,8300
9102;71,4540;5,8220
9103;71,4370;5,8150
9104;71,3940;5,7850
9105;71,5460;5,8280
9106;71,4830;5,8030
9107;71,4750;5,8560
9108;71,4430;5,8310
9109;71,2550;5,7840
9110;71,5070;5,8020
9111;71,3330;5,7960
9112;71,4570;5,8400
9113;71,4380;5,8150
9114;71,3200;5,8200
9115;71,3930;5,8430
9116;71,4530;5,8400
9117;71,3010;5,9170
9118;71,4280;5,8030
9119;71,4560;5,8180
9120;71,3690;5,8510
9121;71,5040;5,7690
9122;71,5010;5,8570
9123;71,4240;5,8320
9124;71,4970;5,7840
9125;71,4860;5,8180
9126;71,4860;5,8470
9127;71,4370;5,8200
9128;71,5000;5,8210
9129;71,4440;5,8060
9130;71,5100;5,8200
9131;71,4830;5,8040
9132;71,4480;5,8200
9133;71,5130;5,8470
9134;71,3770;5,8260
9135;71,4690;5,8050
9136;71,4620;5,8640
9137;71,4730;5,8320
9138;71,4630;5,8320
9139;71,4070;5,8110
9140;71,4330;5,8180
9141;71,4070;5,8160
9142;71,4700;5,8150
9143;71,4370;5,8030
9144;71,5120;5,8190
9145;71,5250;5,8740
9146;71,4320;5,8040
9147;71,5560;5,8330
9148;71,4150;5,8150
9149;71,4310;5,8390
9150;71,5030;5,8060
9151;71,4810;5,8500
9152;71,4560;5,7940
9153;71,5100;5,8130
9154;71,4520;5,8150
9155;71,3550;5,8640
9156;71,4340;5,8070
9157;71,5030;5,7670
9158;71,4290;5,7730
9159;71,3750;5,8090
9160;71,4920;5,8140
9161;71,4290;5,8330
9162;71,4900;5,8220
9163;71,4100;5,8440
9164;71,5000;5,8610
9165;71,5980;5,7720
9166;71,4390;5,8230
9167;71,4070;5,8130
9168;71,4190;5,7860
9169;71,4560;5,8360
9170;71,4200;5,8350
9171;71,4020;5,8280
9172;71,5280;5,8140
9173;71,4370;5,8040
9174;71,4160;5,7940
9175;71,4860;5,8480
9176;71,3730;5,8310
9177;71,4610;5,8040
9178;71,4970;5,8170
9179;71,3890;5,8320
9180;71,4300;5,8380
9181;71,5500;5,8310
9182;71,4110;5,8310
9183;71,4820;5,8110
9184;71,3720;5,8040
9185;71,4610;5,7990
9186;71,4920;5,8740
9187;71,4930;5,7850
9188;71,4200;5,8640
9189;71,4780;5,8000
9190;71,4170;5,8010
9191;71,4500;5,8050
9192;71,4420;5,8140
9193;71,3970;5,8820
9194;71,4520;5,8080
9195;71,2910;5,8080
9196;71,3160;5,8270
9197;71,3840;5,7760
9198;71,5500;5,7920
9199;71,4470;5,8280
9200;71,4560;5,8350
9201;71,4350;5,8100
9202;71,4590;5,8330
9203;71,4760;5,7910
9204;71,4130;5,7850
9205;71,4730;5,8310
9206;71,4380;5,8170
9207;71,4160;5,8090
9208;71,3720;5,8550
9209;71,4290;5,7970
9210;71,4240;5,8430
9211;71,4700;5,8040
9212;71,3890;5,8270
9213;71,4620;5,8060
9214;71,5380;5,8270
9215;71,4620;5,8040
9216;71,4440;5,8110
9217;71,3330;5,8230
9218;71,4010;5,8110
9219;71,3130;5,7930
9220;71,4690;5,8220
9221;71,4390;5,8110
9222;71,4170;5,8060
9223;71,4030;5,8380
9224;71,4470;5,8140
9225;71,4740;5,8030
9226;71,3780;5,7870
9227;71,4100;5,8310
9228;71,5420;5,8050
9229;71,3940;5,7910
9230;71,4770;5,8490
9231;71,5260;5,8330
9232;71,5030;5,8240
9233;71,3430;5,8170
9234;71,4650;5,7980
9235;71,4270;5,7930
9236;71,3600;5,8530
9237;71,5220;5,8020
9238;71,3800;5,8290
9239;71,4660;5,8180
9240;71,3710;5,8410
9241;71,4560;5,8330
9242;71,5130;5,8050
9243;71,4660;5,8090
9244;71,4810;5,8010
9245;71,3790;5,8090
9246;71,3670;5,8320
9247;71,3830;5,8070
9248;71,3930;5,8560
9249;71,5010;5,7970
9250;71,3790;5,8650
9251;71,4720;5,8270
9252;71,4430;5,8130
9253;71,5270;5,8030
9254;71,5290;5,8210
9255;71,4390;5,8370
9256;71,4530;5,8200
9257;71,4950;5,8470
9258;71,4540;5,8010
9259;71,3950;5,8230
9260;71,4810;5,8310
9261;71,5060;5,8630
9262;71,4770;5,8440
9263;71,4020;5,8230
9264;71,5160;5,8320
9265;71,5070;5,8130
9266;71,4830;5,8170
9267;71,3730;5,8450
9268;71,4830;5,8010
9269;71,3970;5,8280
9270;71,4530;5,8120
9271;71,5230;5,8240
9272;71,4350;5,8030
9273;71,4730;5,7750
9274;71,5360;5,8130
9275;71,4660;5,8300
9276;71,4540;5,8500
9277;71,4290;5,8060
9278;71,4530;5,8400
9279;71,4090;5,8190
9280;71,4060;5,8150
9281;71,5190;5,8730
9282;71,3740;5,8820
9283;71,5360;5,8160
9284;71,4930;5,8360
9285;71,4140;5,7770
9286;71,4630;5,7880
9287;71,4320;5,7990
9288;71,4480;5,8520
9289;71,4040;5,8130
9290;71,3940;5,8080
9291;71,4820;5,7910
9292;71,3640;5,7950
9293;71,3540;5,7820
9294;71,4400;5,7830
9295;71,4960;5,8390
9296;71,4780;5,8070
9297;71,4520;5,8100
9298;71,4880;5,8270
9299;71,4680;5,8410
9300;71,5100;5,8240
9301;71,5220;5,8080
9302;71,4410;5,8080
9303;71,2720;5,8260
9304;71,3890;5,7970
9305;71,3800;5,8040
9306;71,4550;5,8350
9307;71,4750;5,8610
9308;71,3820;5,8150
9309;71,4440;5,7830
9310;71,4230;5,8230
9311;71,3520;5,8070
9312;71,3930;5,7950
9313;71,4630;5,7740
9314;71,4680;5,8390
9315;71,4980;5,8210
9316;71,5350;5,8510
9317;71,4170;5,8410
9318;71,4740;5,8310
9319;71,4550;5,8780
9320;71,4670;5,8290
9321;71,4710;5,8370
9322;71,4890;5,7790
9323;71,4600;5,8490
9324;71,5370;5,7870
9325;71,5480;5,8240
9326;71,4470;5,9640
9327;71,3130;5,7920
9328;71,3930;5,8120
9329;71,4990;5,8570
9330;71,3830;5,8230
9331;71,4030;5,8240
9332;71,3850;5,8100
9333;71,5090;5,8060
9334;71,4910;5,8480
9335;71,4340;5,8160
9336;71,5210;5,7900
9337;71,4410;5,8370
9338;71,4330;5,9160
9339;71,4060;5,8090
9340;71,5070;5,8010
9341;71,4630;5,8010
9342;71,4530;5,8530
9343;71,4310;5,8830
9344;71,2790;5,8200
9345;71,4910;5,8840
9346;71,4840;5,8050
9347;71,5360;5,8490
9348;71,4990;5,8200
9349;71,5420;5,8080
9350;71,4030;5,8170
9351;71,4690;5,8110
9352;71,5240;5,8170
9353;71,4500;5,8250
9354;71,3210;5,8140
9355;71,5320;5,8310
9356;71,4500;5,7980
9357;71,4020;5,7910
9358;71,4550;5,8100
9359;71,4360;5,8060
9360;71,5700;5,8020
9361;71,4800;5,8100
9362;71,5150;5,8310
9363;71,3670;5,8620
9364;71,3770;5,8100
9365;71,4910;5,8350
9366;71,5010;5,7950
9367;71,4790;5,8830
9368;71,3910;5,8580
9369;71,3900;5,8210
9370;71,4960;5,8300
9371;71,4940;5,8150
9372;71,4730;5,8290
9373;71,4990;5,8860
9374;71,5170;5,7830
9375;71,4740;5,7970
9376;71,4390;5,8300
9377;71,3910;5,8350
9378;71,4580;5,8130
9379;71,4710;5,7930
9380;71,4560;5,8390
9381;71,4340;5,8320
9382;71,3720;5,6410
9383;71,4700;5,8470
9384;71,4390;5,8100
9385;71,4620;5,8220
9386;71,4070;5,8300
9387;71,5080;5,8610
9388;71,3750;5,8660
9389;71,3800;5,8010
9390;71,4230;5,8180
9391;71,4480;5,8280
9392;71,4600;5,8100
9393;71,4250;5,8330
9394;71,4770;5,8260
9395;71,4950;5,8270
9396;71,3690;5,8190
9397;71,4580;5,8080
9398;71,3410;5,8550
9399;71,5140;5,8150
9400;71,4260;5,8030
9401;71,4390;5,8300
9402;71,4450;5,8430
9403;71,4640;5,8080
9404;71,4660;5,8110
9405;71,4970;5,8390
9406;71,4520;5,8000
9407;71,4810;5,8210
9408;71,4000;5,8180
9409;71,4000;5,8200
9410;71,3470;5,8180
9411;71,4040;5,8600
9412;71,4950;5,8270
9413;71,4890;5,8220
9414;71,4160;5,8660
9415;71,4050;5,8040
9416;71,3820;5,8220
9417;71,4040;5,9080
9418;71,3930;5,8310
9419;71,5190;5,8170
9420;71,3660;5,8010
9421;71,4370;5,8200
9422;71,4510;5,8030
9423;71,4610;5,8420
9424;71,4270;5,8250
9425;71,3610;5,8350
9426;71,4070;5,8120
9427;71,4720;5,8250
9428;71,5020;5,8460
9429;71,4600;5,8050
9430;71,4480;5,8380
9431;71,5120;5,8120
9432;71,3890;5,8220
9433;71,5000;5,9340
9434;71,4640;5,7850
9435;71,5930;5,7880
9436;71,2030;5,8190
9437;71,4980;5,8300
9438;71,4270;5,8220
9439;71,4830;5,8130
9440;71,5130;5,8040
9441;71,4920;5,8900
9442;71,4180;5,8220
9443;71,5000;5,8220
9444;71,5200;5,8090
9445;71,3890;5,7890
9446;71,4120;5,7900
9447;71,3920;5,8080
9448;71,3740;5,8100
9449;71,4640;5,8180
9450;71,4950;5,8440
9451;71,3070;5,9110
9452;71,3660;5,8220
9453;71,5080;5,8050
9454;71,3760;5,8530
9455;71,3990;5,8210
9456;71,3990;5,8210
9457;71,4150;5,8120
9458;71,4380;5,8170
9459;71,4980;5,8070
9460;71,3860;5,8740
9461;71,3750;5,8230
9462;71,5140;5,8030
9463;71,4040;5,8540
9464;71,5090;5,8100
9465;71,5090;5,8240
9466;71,4430;5,8310
9467;71,4660;5,7980
9468;71,4700;5,8130
9469;71,4680;5,8230
9470;71,5350;5,8160
9471;71,4640;5,8490
9472;71,4460;5,8150
9473;71,4640;5,8510
9474;71,4400;5,8060
9475;71,4570;5,8530
9476;71,5320;5,8220
9477;71,5410;5,8690
9478;71,5020;5,8140
9479;71,5480;5,8090
9480;71,4820;5,8400
9481;71,4340;5,8130
9482;71,5080;5,8220
9483;71,4560;5,8340
9484;71,3910;5,8170
9485;71,4390;5,8090
9486;71,3680;5,7960
9487;71,4200;5,8650
9488;71,4260;5,8040
9489;71,4540;5,7940
9490;71,4650;5,8060
9491;71,4320;5,7960
9492;71,4980;5,8080
9493;71,4280;5,8010
9494;71,4640;5,8320
9495;71,4630;5,8060
9496;71,4870;5,8320
9497;71,3970;5,8250
9498;71,5130;5,8530
9499;71,4450;5,8360
9500;71,3890;5,8450
9501;71,4880;5,8070
9502;71,4790;5,8040
9503;71,4320;5,8090
9504;71,4030;5,8080
9505;71,4850;5,8390
9506;71,3610;5,8600
9507;71,4830;5,8020
9508;71,4740;5,8400
9509;71,3750;5,8110
9510;71,4150;5,8280
9511;71,4290;5,8150
9512;71,3950;5,8050
9513;71,4890;5,7990
9514;71,4140;5,8240
9515;71,3660;5,8030
9516;71,4920;5,9600
9517;71,5300;5,8110
9518;71,4720;5,8460
9519;71,4560;5,8160
9520;71,3500;5,8320
9521;71,4400;5,8410
9522;71,3580;5,8150
9523;71,3290;5,8010
9524;71,4220;5,8800
9525;71,4480;5,9300
9526;71,4000;5,7860
9527;71,3160;5,8190
9528;71,4630;5,7980
9529;71,4160;5,8120
9530;71,3810;5,8630
9531;71,4520;5,8010
9532;71,4860;5,8040
9533;71,3920;5,7990
9534;71,3830;5,8510
9535;71,2900;5,8080
9536;71,4990;5,8040
9537;71,4980;5,8110
9538;71,5560;5,8270
9539;71,4750;5,8390
9540;71,3680;5,8250
9541;71,4680;5,8430
9542;71,4060;5,8490
9543;71,4440;5,8060
9544;71,3510;5,8110
9545;71,4900;5,7980
9546;71,4120;5,8040
9547;71,3820;5,8460
9548;71,4550;5,8260
9549;71,4100;5,8700
9550;71,4500;5,8140
9551;71,4500;5,7930
9552;71,5240;5,8000
9553;71,4460;5,8220
9554;71,5210;5,8440
9555;71,3870;5,8170
9556;71,4790;5,8730
9557;71,4150;5,8300
9558;71,3710;5,8420
9559;71,5080;5,7990
9560;71,4320;5,8350
9561;71,5420;5,8050
9562;71,3430;5,8260
9563;71,4240;5,9100
9564;71,4170;5,8190
9565;71,4550;5,8160
9566;71,3820;5,8010
9567;71,4970;5,8140
9568;71,4120;5,8120
9569;71,4460;5,8050
9570;71,4620;5,8080
9571;71,4880;5,8160
9572;71,4270;5,8540
9573;71,4860;5,9280
9574;71,4560;5,8300
9575;71,3890;5,8000
9576;71,4370;5,8520
9577;71,4750;5,8160
9578;71,4350;5,8010
9579;71,4740;5,9020
9580;71,5030;5,8920
9581;71,4750;5,7950
9582;71,4360;5,8170
9583;71,4720;5,8250
9584;71,4760;5,7810
9585;71,5160;5,8460
9586;71,4580;5,8290
9587;71,5030;5,8390
9588;71,4820;5,8200
9589;71,4480;5,8250
9590;71,3550;5,8370
9591;71,3600;5,8330
9592;71,3590;5,8130
9593;71,4800;5,8050
9594;71,5450;5,8140
9595;71,4140;5,8760
9596;71,4890;5,8180
9597;71,4290;5,8960
9598;71,4360;5,8300
9599;71,3500;5,8010
9600;71,4610;5,8020
9601;72,6310;5,7940
9602;71,4710;5,8100
9603;71,4120;5,8420
9604;71,4000;5,7740
9605;71,4390;5,8100
9606;71,4390;5,8130
9607;71,5170;5,8550
9608;71,5200;5,8020
9609;71,3530;5,8150
9610;71,5040;5,8210
9611;71,3460;5,8260
9612;71,4310;5,8170
9613;71,4030;5,8600
9614;71,4990;5,8340
9615;71,4770;5,8280
9616;71,3930;5,8260
9617;71,4500;5,8200
9618;71,3790;5,8150
9619;71,4770;5,8400
9620;71,4240;5,8410
9621;71,4200;5,8030
9622;71,4010;5,8540
9623;71,4830;5,8300
9624;71,3990;5,8010
9625;71,4860;5,8550
9626;71,4450;5,8440
9627;71,4530;5,7990
9628;71,4530;5,9290
9629;71,5530;5,8190
9630;71,4530;5,8020
9631;71,4630;5,9310
9632;71,4910;5,8360
9633;71,4900;5,8130
9634;71,4000;5,8200
9635;71,4420;5,8330
9636;71,5350;5,8100
9637;71,4880;5,8150
9638;71,4100;5,8080
9639;71,4100;5,9360
9640;71,4360;5,8000
9641;71,4950;5,8070
9642;71,4240;5,8090
9643;71,4600;5,7930
9644;71,5030;5,8120
9645;71,4230;5,8030
9646;71,4090;5,8950
9647;71,3780;5,8050
9648;71,4860;5,8070
9649;71,4860;5,8490
9650;71,3760;5,8410
9651;71,5300;5,8320
9652;71,4300;5,8010
9653;71,3770;5,8930
9654;71,3840;5,7930
9655;71,4350;5,7970
9656;71,4700;5,7410
9657;71,3620;5,7860
9658;71,3760;5,8230
9659;71,4340;5,8340
9660;71,3690;5,8280
9661;71,3640;5,7940
9662;71,4750;5,8110
9663;71,4930;5,8660
9664;71,4930;5,7940
9665;71,4020;5,8050
9666;71,5550;5,9110
9667;71,4740;5,8350
9668;71,4670;5,8630
9669;71,4500;5,8170
9670;71,5240;5,8530
9671;71,4260;5,8930
9672;71,5390;5,8180
9673;71,4650;5,8540
9674;71,4410;5,8420
9675;71,5090;5,8750
9676;71,4350;5,8030
9677;71,4400;5,8060
9678;71,4600;5,7910
9679;71,3780;5,7930
9680;71,3760;5,8750
9681;71,4300;5,8280
9682;71,4070;5,9140
9683;71,4180;5,8130
9684;71,4500;5,8180
9685;71,5170;5,8540
9686;71,4600;5,8270
9687;71,4990;5,8040
9688;71,4450;5,7990
9689;71,4450;5,8310
9690;71,3730;5,8160
9691;71,4570;5,8750
9692;71,4480;5,8070
9693;71,3900;5,8430
9694;71,5480;5,8080
9695;71,5680;5,8220
9696;71,4060;5,8270
9697;71,4900;5,8550
9698;71,3640;5,7900
9699;71,4750;5,8150
9700;71,4320;5,8470
9701;71,5020;5,8260
9702;71,4170;5,8070
9703;71,5240;5,8140
9704;71,5940;5,8210
9705;71,4730;5,7950
9706;71,4390;5,8440
9707;71,4730;5,8460
9708;71,4740;5,7880
9709;71,4680;5,8060
9710;71,4810;5,8350
9711;71,5080;5,8350
9712;71,4420;5,8140
9713;71,4970;5,8510
9714;71,4180;5,8590
9715;71,4100;5,8040
9716;71,5050;5,9630
9717;71,4710;5,7950
9718;71,3890;5,8260
9719;71,5030;5,8180
9720;71,4970;5,8090
9721;71,4560;5,8800
9722;71,4990;5,8190
9723;71,3970;5,7680
9724;71,3750;5,8240
9725;71,5450;5,9060
9726;71,4640;5,8310
9727;71,4950;5,8330
9728;71,5640;5,8000
9729;71,4600;5,8170
9730;71,4320;5,8300
9731;71,4490;5,8510
9732;71,5880;5,8270
9733;71,5140;5,8340
9734;71,4510;5,8100
9735;71,4650;5,8820
9736;71,4740;5,8440
9737;71,4900;5,8760
9738;71,4480;5,7810
9739;71,5330;5,7960
9740;71,5230;5,7940
9741;71,4410;5,8600
9742;71,5140;5,8250
9743;71,3790;5,8330
9744;71,4650;5,8300
9745;71,4590;5,8400
9746;71,4570;5,8530
9747;71,5500;5,8600
9748;71,4540;5,8080
9749;71,4180;5,7950
9750;71,5470;5,8070
9751;71,4740;5,8300
9752;71,3780;5,8220
9753;71,2980;5,8510
9754;71,5690;5,8350
9755;71,4920;5,7700
9756;71,4460;5,8980
9757;71,3780;5,7880
9758;71,5390;5,9040
9759;71,4500;5,7880
9760;71,4830;5,8290
9761;71,4090;5,8380
9762;71,4470;5,8200
9763;71,4880;5,8460
9764;71,4380;5,9240
9765;71,3930;5,8800
9766;71,4620;5,8270
9767;71,4950;5,8780
9768;71,4900;5,9160
9769;71,3730;5,8540
9770;71,4740;5,8870
9771;71,4910;5,8330
9772;71,4070;5,8160
9773;71,5020;5,7980
9774;71,4310;5,8600
9775;71,4220;5,8620
9776;71,4430;5,8920
9777;71,4730;5,8470
9778;71,4230;5,8030
9779;71,4930;5,8160
9780;71,4140;5,8430
9781;71,3620;5,8320
9782;71,4140;5,9120
9783;71,3670;5,8240
9784;71,4800;5,8440
9785;71,4610;5,8220
9786;71,4750;5,7850
9787;71,4780;5,8060
9788;71,4020;5,8510
9789;71,4590;5,8140
9790;71,5070;5,8310
9791;71,4000;5,8110
9792;71,4600;5,8020
9793;71,4070;5,8330
9794;71,5290;5,7980
9795;71,5530;5,8170
9796;71,5230;5,8220
9797;71,4220;5,8440
9798;71,3700;5,8040
9799;71,3750;5,9220
9800;71,3670;5,8780
9801;71,4710;5,8280
9802;71,4050;5,8500
9803;71,4230;5,8400
9804;71,4700;5,8240
9805;71,4500;5,8670
9806;71,4640;5,7960
9807;71,4750;5,8290
9808;71,4120;5,9080
9809;71,4190;5,8160
9810;71,4950;5,8290
9811;71,4060;5,8410
9812;71,5050;5,8350
9813;71,5540;5,8090
9814;71,4850;5,8100
9815;71,4200;5,8690
9816;71,3910;5,8310
9817;71,4750;5,8220
9818;71,4780;5,8130
9819;71,4680;5,8020
9820;71,4590;5,8310
9821;71,4850;5,8380
9822;71,4760;5,8390
9823;71,4710;5,8100
9824;71,5010;5,8530
9825;71,4730;5,8160
9826;71,4720;5,8090
9827;71,4590;5,8320
9828;71,4860;5,8070
9829;71,5090;5,8460
9830;71,3730;5,7990
9831;71,4860;5,7860
9832;71,5050;5,8300
9833;71,4750;5,8510
9834;71,4300;5,8260
9835;71,4300;5,8180
9836;71,5190;5,8040
9837;71,5060;5,8130
9838;71,4810;5,7970
9839;71,3900;5,8430
9840;71,3280;5,8080
9841;71,4870;5,8620
9842;71,3850;5,8010
9843;71,4720;5,8380
9844;71,4540;5,8000
9845;71,4170;5,8140
9846;71,4790;5,8040
9847;71,5110;5,8070
9848;71,4500;5,8320
9849;71,4930;5,8370
9850;71,4270;5,8050
9851;71,4950;5,8550
9852;71,4120;5,7980
9853;71,4490;5,8250
9854;71,3670;5,8050
9855;71,4210;5,8420
9856;71,5220;5,8110
9857;71,4380;5,8370
9858;71,5310;5,8210
9859;71,5080;5,8060
9860;71,3510;5,8210
9861;71,4750;5,9110
9862;71,3370;5,8350
9863;71,3940;5,8740
9864;71,4190;5,8530
9865;71,4140;5,8220
9866;71,3550;5,8110
9867;71,3630;5,8500
9868;71,4280;5,8300
9869;71,4800;5,8110
9870;71,4530;5,8370
9871;71,4790;5,8060
9872;71,3400;5,8540
9873;71,4780;5,8070
9874;71,4590;5,8320
9875;71,5710;5,8140
9876;71,4560;5,8550
9877;71,4820;5,9690
9878;71,4240;5,8120
9879;71,4050;5,8750
9880;71,3610;5,8470
9881;71,3930;5,8150
9882;71,3760;5,8150
9883;71,4640;5,7900
9884;71,4630;5,8200
9885;71,3910;5,8090
9886;71,4050;5,8110
9887;71,4610;5,8780
9888;71,4660;5,8400
9889;71,4930;5,8230
9890;71,4660;5,7950
9891;71,4870;5,8360
9892;71,4570;5,8110
9893;71,4270;5,7720
9894;71,4120;5,8220
9895;71,4220;5,7930
9896;71,4710;5,8140
9897;71,3640;5,8280
9898;71,5300;5,8040
9899;71,4330;5,8130
9900;71,5530;5,8250
9901;71,3850;5,8030
9902;71,4680;5,8340
9903;71,4330;5,8090
9904;71,4860;5,8650
9905;71,4510;5,8130
9906;71,5810;5,8210
9907;71,4460;5,8220
9908;71,5250;5,7890
9909;71,4180;5,8490
9910;71,4540;5,8260
9911;71,5090;5,8190
9912;71,7850;5,8360
9913;71,4380;5,8230
9914;71,4540;5,8290
9915;71,5280;5,8390
9916;71,5550;5,8160
9917;71,4780;5,8570
9918;71,4970;5,7950
9919;71,5000;5,8020
9920;71,4100;5,7980
9921;71,5440;5,8200
9922;71,3350;5,8240
9923;71,4510;5,8340
9924;71,3900;5,8470
9925;71,4000;5,8340
9926;71,4830;5,8210
9927;71,3750;5,8890
9928;71,3960;5,8450
9929;71,5720;5,8500
9930;71,4350;5,8640
9931;71,5190;5,9170
9932;71,4430;5,8090
9933;71,3890;5,8430
9934;71,3770;5,8190
9935;71,3890;5,8160
9936;71,4710;5,9110
9937;71,3800;5,8720
9938;71,4760;5,8090
9939;71,4840;5,8160
9940;71,4280;5,7760
9941;71,5120;5,8320
9942;71,3620;5,8140
9943;71,4300;5,8110
9944;71,4670;5,8060
9945;71,5160;5,8450
9946;71,3930;5,8200
9947;71,3880;5,8520
9948;71,4370;5,7980
9949;71,6260;5,8220
9950;71,3640;5,8390
9951;71,3660;5,7970
9952;71,3830;5,7950
9953;71,4890;5,8400
9954;71,5030;5,8400
9955;71,2920;5,8430
9956;71,3380;5,8290
9957;71,4560;5,8320
9958;71,4440;5,8310
9959;71,4620;5,7960
9960;71,4240;5,8080
9961;71,3940;5,7900
9962;71,4270;5,8430
9963;71,5290;5,8220
9964;71,4990;5,7730
9965;71,4220;5,8420
9966;71,5000;5,8030
9967;71,4480;5,8130
9968;71,4340;5,7880
9969;71,5040;5,8150
9970;71,5240;5,8330
9971;71,5220;5,8430
9972;71,4500;5,8350
9973;71,4570;5,8140
9974;71,4740;5,8030
9975;71,3840;5,7870
9976;71,4190;5,7930
9977;71,4360;5,8470
9978;71,4160;5,8250
9979;71,7060;5,7900
9980;71,3970;5,8190
9981;71,4670;5,7990
9982;71,4140;5,8260
9983;71,4890;5,8020
9984;71,4060;5,8280
9985;71,4130;5,8400
9986;71,5450;5,8230
9987;71,4580;5,8950
9988;71,5400;5,8170
9989;71,5880;5,8200
9990;71,4170;5,8010
9991;71,4620;5,8010
9992;71,5320;5,8100
9993;71,5410;5,8430
9994;71,3940;5,8850
9995;71,3960;5,8230
9996;71,4480;5,8150
9997;71,4320;5,8560
9998;71,4630;5,8340
9999;71,6100;5,8820
10000;71,4420;5,7850
10001;71,3950;5,8010
10002;71,4090;5,8260
10003;71,5400;5,7930
10004;71,4580;5,8330
10005;71,4040;5,8180
10006;71,3740;5,8010
10007;71,4450;5,8410
10008;71,4680;5,8200
10009;71,5060;5,8450
10010;71,3870;5,8220
10011;71,4590;5,8360
10012;71,4210;5,8510
10013;71,4700;5,8140
10014;71,4850;5,7960
10015;71,4960;5,8000
10016;71,5240;5,8150
10017;71,5460;5,7870
10018;71,4090;5,8130
10019;71,5090;5,8270
10020;71,5100;5,9770
10021;71,4420;5,8210
10022;71,2950;5,8220
10023;71,4400;5,8150
10024;71,2950;5,8140
10025;73,0710;5,7720
10026;71,4050;5,8090
10027;71,4710;5,8210
10028;71,4800;5,8210
10029;71,4560;5,8230
10030;71,4390;5,8080
10031;71,4040;5,8230
10032;71,4030;5,7840
10033;71,4790;5,8040
10034;71,4330;5,8510
10035;71,4590;5,8100
10036;71,4840;5,8400
10037;71,4280;5,9340
10038;71,4530;5,8380
10039;71,4100;5,6800
10040;71,4170;5,8070
10041;71,3730;5,8190
10042;71,3720;5,7970
10043;71,4670;5,8210
10044;71,4140;5,7940
10045;71,4430;5,8240
10046;71,4680;5,8380
10047;71,4000;5,8100
10048;71,4560;5,8310
10049;71,5020;5,8130
10050;71,4780;5,8080
10051;71,4180;5,8450
10052;71,4390;5,8100
10053;71,3810;5,8980
10054;71,4440;5,8450
10055;71,4590;5,8130
10056;71,3970;5,8010
10057;71,4210;5,7980
10058;71,4970;5,8030
10059;71,4960;5,8080
10060;71,3850;5,8320
10061;71,4900;5,8390
10062;71,4530;5,8350
10063;71,4660;5,8300
10064;71,4500;5,8630
10065;71,4210;5,8170
10066;71,4520;5,8270
10067;71,4710;5,8880
10068;71,4980;5,8150
10069;71,3770;5,8300
10070;71,4560;5,8020
10071;71,4580;5,8260
10072;71,3960;5,8050
10073;71,3670;5,8260
10074;71,5270;5,8130
10075;71,4050;5,8570
10076;71,4550;5,8680
10077;71,4850;5,8030
10078;71,5570;5,8260
10079;71,4590;5,8200
10080;71,4430;5,8110
10081;71,2990;5,8370
10082;71,4120;5,7770
10083;71,4370;5,8870
10084;71,4470;5,7970
10085;71,4460;5,8130
10086;71,3710;5,8680
10087;71,4750;5,8280
10088;71,4610;5,8510
10089;71,3470;5,8450
10090;71,4870;5,8180
10091;71,4110;5,8220
10092;71,4870;5,8070
10093;71,4960;5,8160
10094;71,4370;5,7960
10095;71,4580;5,8330
10096;71,4590;5,7980
10097;71,2800;5,8090
10098;71,3660;5,8060
10099;71,4450;5,8150
10100;71,4500;5,8310
10101;71,4110;5,8180
10102;71,5120;5,8300
10103;71,4070;5,8190
10104;71,4610;5,8240
10105;71,4960;5,8460
10106;71,4290;5,8400
10107;71,3880;5,8120
10108;71,5060;5,8110
10109;71,3790;5,8040
10110;71,4240;5,8340
10111;71,3840;5,8280
10112;71,3790;5,8140
10113;71,4020;5,8230
10114;71,3920;5,8090
10115;71,4350;5,8060
10116;71,4170;5,8350
10117;71,4920;5,8190
10118;71,4070;5,7940
10119;71,5550;5,8150
10120;71,3950;5,8030
10121;71,4450;5,8020
10122;71,3910;5,8210
10123;71,4720;5,8090
10124;71,3930;5,8580
10125;71,2810;5,8590
10126;71,4030;5,8290
10127;71,4090;5,8420
10128;71,5130;5,8330
10129;71,4030;5,8610
10130;71,4930;5,8070
10131;71,5240;5,8280
10132;71,5350;5,8590
10133;71,4920;5,9140
10134;71,4510;5,8190
10135;71,4180;5,8250
10136;71,5090;5,8470
10137;71,5080;5,8170
10138;71,3910;5,7800
10139;71,3650;5,8480
10140;71,4800;5,8160
10141;71,4920;5,8500
10142;71,4180;5,8560
10143;71,4210;5,7900
10144;71,3770;5,7950
10145;71,3810;5,8100
10146;71,4030;5,8230
10147;71,3340;5,8340
10148;71,4320;5,7970
10149;71,4110;5,8250
10150;71,4870;5,8210
10151;71,4510;5,8120
10152;71,4960;5,8130
10153;71,3630;5,7900
10154;71,4530;5,8040
10155;71,4320;5,8030
10156;71,3950;5,8170
10157;71,4930;5,8090
10158;71,4610;5,8650
10159;71,4860;5,7840
10160;71,4560;5,8140
10161;71,4740;5,7920
10162;71,4100;5,8260
10163;71,4880;5,8710
10164;71,4270;5,8030
10165;71,4030;5,8400
10166;71,4590;5,9010
10167;71,4560;5,8120
10168;71,3580;5,8010
10169;71,5310;5,8180
10170;71,4600;5,8860
10171;71,4510;5,8220
10172;71,3700;5,8050
10173;71,3810;5,8140
10174;71,3800;5,8610
10175;71,5100;5,8090
10176;71,3700;5,8020
10177;71,3870;5,8300
10178;71,3700;5,8220
10179;71,3810;5,8120
10180;71,5020;5,7850
10181;71,5220;5,8490
10182;71,3770;5,8380
10183;71,4420;5,8050
10184;71,5210;5,8300
10185;71,4420;5,7930
10186;71,4660;5,8390
10187;71,4400;5,8160
10188;71,4650;5,7930
10189;71,4610;5,8260
10190;71,3980;5,8090
10191;71,4410;5,8290
10192;71,4090;5,7900
10193;71,4650;5,8630
10194;71,4910;5,8110
10195;71,4420;5,8260
10196;71,4770;5,8510
10197;71,4320;5,8650
10198;71,3850;5,8190
10199;71,4100;5,8080
10200;71,4380;5,8260
10201;71,4840;5,7990
10202;71,4790;5,8440
10203;71,3590;5,8530
10204;71,5220;5,8040
10205;71,4610;5,8390
10206;73,1230;5,8290
10207;71,4860;5,8150
10208;71,3560;5,8260
10209;71,4390;5,7900
10210;71,4460;5,8470
10211;71,4610;5,7780
10212;71,4830;5,7950
10213;71,3930;5,8440
10214;71,3930;5,8010
10215;71,5070;5,7910
10216;71,3840;5,7540
10217;71,4710;5,8240
10218;71,2990;5,8220
10219;71,3550;5,8030
10220;71,4350;5,8980
10221;71,4650;5,7890
10222;71,3850;5,8020
10223;71,4520;5,7940
10224;71,4180;5,8640
10225;71,5160;5,8450
10226;71,3930;5,7990
10227;71,4470;5,7960
10228;71,4620;5,7790
10229;71,4470;5,7960
10230;71,4200;5,8170
10231;71,5530;5,8170
10232;71,3620;5,8080
10233;71,5900;5,7850
10234;71,4210;5,8000
10235;71,4900;5,8260
10236;71,3820;5,8050
10237;71,4270;5,8180
10238;71,3840;5,8140
10239;71,4630;5,8210
10240;71,3910;5,8360
10241;71,5060;5,8640
10242;71,4360;5,7970
10243;71,4900;5,8320
10244;71,4100;5,8430
10245;71,4270;5,8020
10246;71,3740;5,8030
10247;71,5320;5,8460
10248;71,4250;5,8460
10249;71,4080;5,8620
10250;71,4490;5,8490
10251;71,4920;5,8470
10252;71,4400;5,8410
10253;71,4720;5,8670
10254;71,4390;5,8410
10255;71,4940;5,8030
10256;71,4810;5,8240
10257;71,4230;5,8600
10258;71,4860;5,8220
10259;71,4360;5,8290
10260;71,5090;5,8370
10261;71,4910;5,8400
10262;71,4480;5,8130
10263;71,4620;5,8240
10264;71,4760;5,8580
10265;71,3820;5,8420
10266;71,3980;5,8030
10267;71,3220;5,8280
10268;71,4060;5,7910
10269;71,4770;5,7840
10270;71,5000;5,8000
10271;71,4750;5,8390
10272;71,4250;5,8050
10273;71,4470;5,7940
10274;71,4550;5,8590
10275;71,4420;5,8270
10276;71,4350;5,8530
10277;71,2420;5,8020
10278;71,4210;5,8280
10279;71,4050;5,8140
10280;71,4720;5,7850
10281;71,4550;5,8500
10282;71,4180;5,8170
10283;71,4530;5,8910
10284;71,5210;5,8340
10285;71,3440;5,8080
10286;71,5180;5,8290
10287;71,3950;5,8050
10288;71,4640;5,8480
10289;71,5320;5,7890
10290;71,5600;5,7980
10291;71,4150;5,8130
10292;71,4520;5,8230
10293;71,4510;5,8930
10294;71,4880;5,7730
10295;71,2660;5,7910
10296;71,4340;5,8210
10297;71,4370;5,8060
10298;71,2900;5,8320
10299;71,4410;5,8410
10300;71,5010;5,8060
10301;71,4490;5,7910
10302;71,4720;5,8380
10303;71,4270;5,8020
10304;71,3640;5,8240
10305;71,3830;5,7900
10306;71,4730;5,8410
10307;71,4060;5,8200
10308;71,3340;5,8030
10309;71,4830;5,7820
10310;71,4620;5,8310
10311;71,4720;5,7900
10312;71,5310;5,8550
10313;71,5930;5,7710
10314;71,3980;5,8000
10315;71,3620;5,7870
10316;71,4180;5,8850
10317;71,3650;5,8280
10318;71,4140;5,8170
10319;71,4280;5,8380
10320;71,4460;5,8100
10321;71,4210;5,8470
10322;71,4880;5,8090
10323;71,5020;5,8310
10324;71,4210;5,8930
10325;71,2720;5,8060
10326;71,4550;5,8430
10327;71,4490;5,8060
10328;71,4240;5,8510
10329;71,3720;5,7950
10330;71,5160;5,8410
10331;71,4720;5,8280
10332;71,5880;5,8440
10333;71,5400;5,8360
10334;71,3860;5,8270
10335;71,4610;5,8400
10336;71,4770;5,8540
10337;71,4460;5,8090
10338;71,4700;5,8470
10339;71,4890;5,7920
10340;71,4220;5,7990
10341;71,4550;5,8020
10342;71,3170;5,8300
10343;71,4090;5,8090
10344;71,5170;5,7840
10345;71,4710;5,8250
10346;71,4770;5,8300
10347;71,3300;5,7790
10348;71,3590;5,9100
10349;71,4560;5,8040
10350;71,3900;5,8350
10351;71,4710;5,8300
10352;71,3500;5,8260
10353;71,5250;5,8100
10354;71,4180;5,8280
10355;71,4580;5,7870
10356;71,4440;5,8190
10357;71,5330;5,8280
10358;71,4320;5,8010
10359;71,3320;5,8280
10360;71,3820;5,8110
10361;71,5260;5,8070
10362;71,4250;5,9040
10363;71,4430;5,8080
10364;71,1930;5,8170
10365;71,4540;5,8170
10366;71,4310;5,8240
10367;71,4720;5,8150
10368;71,4060;5,8040
10369;71,5450;5,8460
10370;71,3790;5,8110
10371;71,5060;5,7840
10372;71,4950;5,8180
10373;71,4800;5,8480
10374;71,4910;5,7880
10375;71,5120;5,8090
10376;71,4300;5,8620
10377;71,3410;5,7950
10378;71,3620;5,8200
10379;71,2920;5,8280
10380;71,3990;5,8230
10381;71,3640;5,8330
10382;71,3980;5,8200
10383;71,4890;5,8310
10384;71,4480;5,8070
10385;71,4920;5,8190
10386;71,4050;5,8150
10387;71,3800;5,8350
10388;71,3990;5,8580
10389;71,5160;5,7940
10390;71,4140;5,8020
10391;71,4540;5,8470
10392;71,3690;5,7870
10393;71,4380;5,8980
10394;71,5410;5,8630
10395;71,4070;5,7860
10396;71,4090;5,8140
10397;71,4680;5,7930
10398;71,4600;5,8370
10399;71,5240;5,8070
10400;71,4530;5,7850
10401;71,4450;5,8030
10402;71,4660;5,8310
10403;71,4510;5,8340
10404;71,5660;5,8250
10405;71,4390;5,7650
10406;71,4540;5,8000
10407;71,5050;5,8420
10408;71,4260;5,8050
10409;71,4930;5,8020
10410;71,5490;5,7930
10411;71,3550;5,8080
10412;71,4790;5,8300
10413;71,4220;5,9090
10414;71,4800;5,8060
10415;71,3840;5,7790
10416;71,4790;5,7980
10417;71,5100;5,8150
10418;71,4520;5,8480
10419;71,5220;5,8340
10420;71,4890;5,8140
10421;71,4630;5,8460
10422;71,4140;5,8320
10423;71,5050;5,8280
10424;71,4170;5,8340
10425;71,4700;5,8480
10426;71,4710;5,9080
10427;71,4350;5,8150
10428;71,4540;5,8090
10429;71,4940;5,8520
10430;71,4430;5,8630
10431;71,5240;5,8730
10432;71,4340;5,8420
10433;71,4770;5,8010
10434;71,4450;5,8040
10435;71,4400;5,8240
10436;71,5170;5,8150
10437;71,3810;5,8130
10438;71,5280;5,8490
10439;71,4550;5,8350
10440;71,4830;5,8030
10441;71,4880;5,8180
10442;71,4440;5,7880
10443;71,4010;5,8160
10444;71,4960;5,8080
10445;71,3930;5,8150
10446;71,5120;5,8520
10447;71,4890;5,8080
10448;71,3550;5,7740
10449;71,4540;5,7900
10450;71,3610;5,8200
10451;71,4160;5,8220
10452;71,4470;5,8040
10453;71,5250;5,8220
10454;71,4660;5,8960
10455;71,4180;5,8150
10456;71,5080;5,9010
10457;71,4430;5,8000
10458;71,4440;5,8400
10459;71,4350;5,7880
10460;71,3980;5,8120
10461;71,4100;5,8280
10462;71,3870;5,8300
10463;71,4630;5,8760
10464;71,4900;5,8030
10465;71,4240;5,8440
10466;71,4620;5,8320
10467;71,3360;5,8110
10468;71,3830;5,7860
10469;71,4420;5,8960
10470;71,3440;5,8670
10471;71,4920;5,7950
10472;71,4390;5,8350
10473;71,4410;5,7950
10474;71,4130;5,8370
10475;71,4810;5,8160
10476;71,4060;5,8420
10477;71,5390;5,8120
10478;71,4810;5,7820
10479;71,5000;5,8290
10480;71,3970;5,8050
10481;71,4440;5,8330
10482;71,3650;5,8080
10483;71,4400;5,7970
10484;71,4590;5,8540
10485;71,3610;5,9260
10486;71,3800;5,8420
10487;71,3750;5,8280
10488;71,3850;5,7410
10489;71,3650;5,8120
10490;71,4950;5,8300
10491;71,4720;5,7910
10492;71,3500;5,7960
10493;71,4660;5,7910
10494;71,4750;5,8340
10495;71,4160;5,7990
10496;71,4240;5,8460
10497;71,4370;5,8120
10498;71,4970;5,7470
10499;71,5260;5,8750
10500;71,4350;5,7900
10501;71,4710;5,8160
10502;71,4430;5,8450
10503;71,5110;5,7860
10504;71,4470;5,8320
10505;71,4110;5,7850
10506;71,4940;5,8280
10507;71,4310;5,8430
10508;71,4740;5,8180
10509;71,4400;5,8100
10510;71,3620;5,8160
10511;71,4980;5,8140
10512;71,4840;5,8360
10513;71,4200;5,7980
10514;71,4650;5,7980
10515;71,4770;5,7620
10516;71,4900;5,8960
10517;71,4120;5,7500
10518;71,4480;5,8310
10519;71,3800;5,9170
10520;71,3910;5,7840
10521;71,5120;5,8270
10522;71,4910;5,8400
10523;71,5290;5,8100
10524;71,4080;5,8500
10525;71,3710;5,8340
10526;71,4320;5,8390
10527;71,4060;5,7970
10528;71,4390;5,8100
10529;71,3540;5,8170
10530;71,4620;5,8090
10531;71,4370;5,8620
10532;71,4160;5,7890
10533;71,3960;5,8080
10534;71,4320;5,8270
10535;71,3450;5,8170
10536;71,4750;5,7760
10537;71,5060;5,7810
10538;71,5020;5,8240
10539;71,5060;5,8070
10540;71,4160;5,8870
10541;71,4100;5,8250
10542;71,4530;5,7980
10543;71,4370;5,8000
10544;71,4410;5,8400
10545;71,4980;5,9060
10546;71,5160;5,7900
10547;71,3750;5,8040
10548;71,4640;5,8240
10549;71,4910;5,8300
10550;71,4380;5,8610
10551;71,4770;5,8140
10552;71,4130;5,8360
10553;71,4550;5,8090
10554;71,5440;5,8210
10555;71,3930;5,8140
10556;71,3470;5,8390
10557;71,4920;5,8200
10558;71,4040;5,8280
10559;71,3850;5,8210
10560;71,3630;5,8200
10561;71,4110;5,8470
10562;71,4640;5,8520
10563;71,3970;5,8160
10564;71,4160;5,8130
10565;71,4280;5,8090
10566;71,4550;5,7950
10567;71,3890;5,7910
10568;71,3800;5,8010
10569;71,4230;5,7980
10570;71,3270;5,8200
10571;71,4030;5,8730
10572;71,4240;5,8500
10573;71,4070;5,8110
10574;71,4020;5,7990
10575;71,3310;5,8250
10576;71,5060;5,8030
10577;71,3850;5,8410
10578;71,4730;5,8420
10579;71,4660;5,8090
10580;71,4060;5,8250
10581;71,4210;5,8040
10582;71,5280;5,8070
10583;71,4740;5,8140
10584;71,4400;5,8140
10585;71,4330;5,8300
10586;71,5050;5,7840
10587;71,4830;5,8280
10588;71,5270;5,8780
10589;71,4510;5,8330
10590;71,4470;5,8070
10591;71,3450;5,7930
10592;71,4110;5,8270
10593;71,4560;5,8390
10594;71,4850;5,8340
10595;71,5220;5,8630
10596;71,4510;5,7020
10597;71,4760;5,8610
10598;71,4530;5,8120
10599;71,4490;5,8330
10600;71,4270;5,8000
10601;71,5280;5,8230
10602;71,4120;5,8180
10603;71,4280;5,8380
10604;71,3890;5,9490
10605;71,4070;5,8240
10606;71,4360;5,8020
10607;71,4990;5,8130
10608;71,4610;5,7930
10609;71,4770;5,7960
10610;71,5290;5,8180
10611;71,4950;5,7980
10612;71,4020;5,8210
10613;71,4090;5,8230
10614;71,4700;5,8090
10615;71,4280;5,8160
10616;71,3860;5,7750
10617;71,2400;5,8310
10618;71,5780;5,7950
10619;71,3890;5,8270
10620;71,4330;5,7830
10621;71,3910;5,8160
10622;71,5290;5,7690
10623;71,4080;5,7930
10624;71,4780;5,8070
10625;71,3000;5,7860
10626;71,7060;5,8310
10627;71,3910;5,8050
10628;71,4600;5,8010
10629;71,3910;5,7990
10630;71,5080;5,8340
10631;71,4990;5,7730
10632;71,4900;5,8380
10633;71,4670;5,8250
10634;71,4830;5,8210
10635;71,4340;5,8450
10636;71,4290;5,8060
10637;71,4800;5,7970
10638;71,5730;5,8010
10639;71,2170;5,8230
10640;71,4100;5,8380
10641;71,4360;5,8140
10642;71,4520;5,8310
10643;71,5050;5,7680
10644;71,4800;5,8680
10645;71,4890;5,7400
10646;71,4890;5,8120
10647;71,4620;5,8270
10648;71,4480;5,8290
10649;71,3590;5,7850
10650;71,3660;5,8030
10651;71,4520;5,7870
10652;71,5020;5,8900
10653;71,5770;5,8130
10654;71,5030;5,9440
10655;71,4430;5,8580
10656;71,4920;5,8310
10657;71,4360;5,8230
10658;71,3880;5,7860
10659;71,4070;5,8300
10660;71,4360;5,7680
10661;71,4580;5,8030
10662;71,4780;5,8150
10663;71,5240;5,8090
10664;71,5570;5,8180
10665;71,4270;5,8850
10666;71,5110;5,8230
10667;71,3290;5,8580
10668;71,4900;5,9000
10669;71,3820;5,8380
10670;71,4820;5,8230
10671;71,4510;5,8620
10672;71,4270;5,8410
10673;71,4680;5,8320
10674;71,4730;5,8280
10675;71,4060;5,8230
10676;71,5030;5,8090
10677;71,3560;5,8010
10678;71,4960;5,8220
10679;71,4520;5,8500
10680;71,3750;5,7900
10681;71,4410;5,8300
10682;71,4750;5,8240
10683;71,4220;5,8380
10684;71,4190;5,7930
10685;71,5280;5,8480
10686;71,4800;5,8050
10687;71,4040;5,8080
10688;71,5220;5,8190
10689;71,4780;5,8300
10690;71,3850;5,8210
10691;71,4330;5,8240
10692;71,4250;5,8250
10693;71,4860;5,8340
10694;71,3810;5,8170
10695;71,4420;5,7860
10696;71,4340;5,8560
10697;71,4500;5,7980
10698;71,3920;5,8100
10699;71,4030;5,8120
10700;71,3350;5,7850
10701;71,4620;5,7930
10702;71,4870;5,8140
10703;71,4970;5,8180
10704;71,3780;5,7820
10705;71,4710;5,8150
10706;71,4960;5,8400
10707;71,4560;5,8420
10708;71,4630;5,8370
10709;71,2980;5,7980
10710;71,4100;5,9000
10711;71,3590;5,8680
10712;71,4630;5,8280
10713;71,3920;5,8070
10714;71,3490;5,8270
10715;71,0000;5,7850
10716;71,4840;5,8160
10717;71,4510;5,8310
10718;71,5240;5,8250
10719;71,4180;5,8280
10720;71,4830;5,8260
10721;71,5100;5,7610
10722;71,3660;5,8270
10723;71,3830;5,8120
10724;71,4610;5,8300
10725;71,5510;5,8360
10726;71,4720;5,8260
10727;71,3910;5,8170
10728;71,4130;5,8130
10729;71,5210;5,8060
10730;71,3500;5,8350
10731;71,3510;5,8330
10732;71,4820;5,8360
10733;71,4240;5,7960
10734;71,4900;5,8200
10735;71,5230;5,7960
10736;71,4210;5,8070
10737;71,4980;5,8390
10738;71,4590;5,8360
10739;71,4080;5,8000
10740;71,4230;5,7960
10741;71,4810;5,8230
10742;71,4360;5,8460
10743;71,4100;5,8200
10744;71,4830;5,8140
10745;71,4680;5,8280
10746;71,5030;5,8410
10747;71,4990;5,7740
10748;71,4530;5,8310
10749;71,4580;5,7980
10750;71,4540;5,8340
10751;71,4460;5,8290
10752;71,4760;5,8140
10753;71,5050;5,8230
10754;71,4280;5,8490
10755;71,4630;5,8170
10756;71,4260;5,8110
10757;71,4780;5,8260
10758;71,4370;5,8600
10759;71,3580;5,8210
10760;71,5490;5,7940
10761;71,3570;5,7950
10762;71,4320;5,8140
10763;71,3930;5,8120
10764;71,4030;5,9580
10765;71,4710;5,7880
10766;71,4340;5,8410
10767;71,4120;5,7900
10768;71,4080;5,8520
10769;71,4260;5,7970
10770;71,4170;5,9530
10771;71,4150;5,8360
10772;71,4840;5,8090
10773;71,4220;5,8360
10774;71,5000;5,8210
10775;71,3910;5,8020
10776;71,4420;5,8000
10777;71,5100;5,8330
10778;71,3730;5,8220
10779;71,4260;5,7950
10780;71,4080;5,7820
10781;71,4870;5,8310
10782;71,4110;5,8240
10783;71,4480;5,8410
10784;71,4810;5,8190
10785;71,3810;5,8530
10786;71,3320;5,8140
10787;71,4170;5,8460
10788;71,3010;5,8290
10789;71,4140;5,8080
10790;71,3920;5,8600
10791;71,3800;5,8110
10792;71,4050;5,8130
10793;71,4300;5,7900
10794;71,5340;5,8170
10795;71,3940;5,8220
10796;71,4680;5,8150
10797;71,4750;5,7740
10798;71,3680;5,7960
10799;71,3880;5,8020
10800;71,4270;5,8170
10801;71,4620;5,7970
10802;71,4710;5,8190
10803;71,4860;5,8360
10804;71,3580;5,8100
10805;71,4020;5,8180
10806;71,4660;5,8240
10807;71,3980;5,7900
10808;71,3180;5,8470
10809;71,4930;5,8070
10810;71,4560;5,8030
10811;71,3960;5,8400
10812;71,3010;5,8200
10813;71,4900;5,8320
10814;71,3570;5,8260
10815;71,4390;5,8130
10816;71,3790;5,7890
10817;71,4790;5,8130
10818;71,3920;5,8010
10819;71,4150;5,8270
10820;71,4180;5,7860
10821;71,3940;5,8290
10822;71,4480;5,8330
10823;71,4390;5,8020
10824;71,3820;5,8050
10825;71,5070;5,8090
10826;71,4580;5,8610
10827;71,4020;5,8450
10828;71,4260;5,8290
10829;71,3940;5,8110
10830;71,2920;5,8710
10831;71,5040;5,8170
10832;71,4050;5,7980
10833;71,4660;5,8010
10834;71,4990;5,8480
10835;71,3910;5,8170
10836;71,3690;5,8130
10837;71,4540;5,8410
10838;71,3560;5,8660
10839;71,4340;5,7960
10840;71,4040;5,8110
10841;71,3520;5,8190
10842;71,3650;5,8100
10843;71,4790;5,8290
10844;71,4910;5,8430
10845;71,4570;5,8340
10846;71,4740;5,8670
10847;71,3920;5,8530
10848;71,4140;5,8320
10849;71,4650;5,7990
10850;71,4710;5,8050
10851;71,3880;5,7760
10852;71,4590;5,8130
10853;71,4900;5,9000
10854;71,4250;5,8340
10855;71,3960;5,8060
10856;71,5020;5,8410
10857;71,5100;5,8300
10858;71,4190;5,8340
10859;71,4540;5,8140
10860;71,3930;5,8420
10861;71,4590;5,8340
10862;71,4940;5,8450
10863;71,4160;5,8090
10864;71,4140;5,8130
10865;71,4310;5,7830
10866;71,3640;5,8300
10867;71,5030;5,8370
10868;71,4440;5,7940
10869;71,4480;5,8390
10870;71,3540;5,8060
10871;71,4300;5,8120
10872;71,4120;5,8490
10873;71,5080;5,7940
10874;71,5140;5,8070
10875;71,3690;5,8200
10876;71,4700;5,8300
10877;71,4870;5,8470
10878;71,4900;5,8340
10879;71,4410;5,8290
10880;71,4430;5,8030
10881;71,5390;5,8200
10882;71,3300;5,8150
10883;71,4590;5,8180
10884;71,4130;5,8740
10885;71,4820;5,8180
10886;71,4510;5,8140
10887;71,4350;5,8440
10888;71,4170;5,8400
10889;71,5220;5,8170
10890;71,5180;5,7980
10891;71,4220;5,8260
10892;71,2840;5,8340
10893;71,5090;5,8370
10894;71,4700;5,8040
10895;71,4260;5,8190
10896;71,4540;5,7940
10897;71,4600;5,8200
10898;71,4330;5,8060
10899;71,3760;5,8430
10900;71,3850;5,8530
10901;71,5080;5,7970
10902;71,4980;5,8170
10903;71,4300;5,8200
10904;71,4540;5,9400
10905;71,3710;5,8310
10906;71,4340;5,7990
10907;71,4490;5,8110
10908;71,4850;5,8160
10909;71,3910;5,8440
10910;71,3960;5,8170
10911;71,4700;5,8170
10912;71,3820;5,7830
10913;71,3320;5,8260
10914;71,4380;5,7790
10915;71,3890;5,7900
10916;71,4190;5,8050
10917;71,4020;5,7890
10918;71,4830;5,8200
10919;71,4480;5,8030
10920;71,4000;5,8110
10921;71,4780;5,9080
10922;71,4390;5,8270
10923;71,3670;5,8400
10924;71,3810;5,7960
10925;71,4240;5,8430
10926;71,4650;5,7980
10927;71,4780;5,7960
10928;71,4930;5,8500
10929;71,4050;5,8480
10930;71,4780;5,7930
10931;71,5240;5,8190
10932;71,4110;5,7770
10933;71,5130;5,8230
10934;71,4520;5,8240
10935;71,4880;5,8180
10936;71,2100;5,8290
10937;71,4930;5,8210
10938;71,3300;5,8090
10939;71,4490;5,8180
10940;71,5250;5,7960
10941;71,4350;5,8420
10942;71,4100;5,8310
10943;71,4200;5,8450
10944;71,4000;5,8050
10945;71,4960;5,7940
10946;71,4990;5,8430
10947;71,4970;5,8180
10948;71,4440;5,8460
10949;71,5040;5,8220
10950;71,3820;5,8860
10951;71,3160;5,8320
10952;71,3700;5,8350
10953;71,4110;5,8160
10954;71,4190;5,8150
10955;71,4260;5,8170
10956;71,4950;5,8150
10957;71,4320;5,8020
10958;71,4060;5,8480
10959;71,5190;5,8030
10960;71,4610;5,7810
10961;71,3260;5,8610
10962;71,4510;5,8300
10963;71,4490;5,8220
10964;71,4040;5,7920
10965;71,3980;5,8180
10966;71,3750;5,8290
10967;71,5020;5,8200
10968;71,4130;5,8230
10969;71,4070;5,8290
10970;71,3850;5,8050
10971;71,3550;5,8070
10972;71,3540;5,8020
10973;71,5180;5,7980
10974;71,5080;5,7950
10975;71,3610;5,8330
10976;71,4300;5,8400
10977;71,5150;5,8090
10978;71,4160;5,7920
10979;71,4170;5,8240
10980;71,4800;5,8000
10981;71,3420;5,8130
10982;71,4230;5,8240
10983;71,3460;5,8080
10984;71,4800;5,8480
10985;71,4420;5,8100
10986;71,3480;5,7860
10987;71,4460;5,7990
10988;71,4920;5,8120
10989;71,4840;5,8140
10990;71,3190;5,8110
10991;71,4760;5,8460
10992;71,4380;5,8350
10993;71,4010;5,7930
10994;71,4910;5,8020
10995;71,2650;5,8390
10996;71,3980;5,8020
10997;71,5050;5,8060
10998;71,4990;5,7960
10999;71,4390;5,8150
11000;71,4350;5,8060
11001;71,4180;5,8450
11002;71,5300;5,8870
11003;71,4910;5,7880
11004;71,4650;5,8330
11005;71,4440;5,7920
11006;71,5010;5,8010
11007;71,4430;5,8340
11008;71,3760;5,8340
11009;71,4300;5,8340
11010;71,4070;5,8300
11011;71,5110;5,8170
11012;71,4140;5,8180
11013;71,4410;5,8770
11014;71,3410;5,8020
11015;71,5260;5,7110
11016;71,5270;5,7780
11017;71,4540;5,8090
11018;71,3850;5,8390
11019;71,4110;5,8070
11020;71,4330;5,8390
11021;71,4790;5,8110
11022;71,4260;5,7970
11023;71,4700;5,8240
11024;71,4860;5,7540
11025;71,4040;5,8240
11026;71,5470;5,8330
11027;71,5090;5,8220
11028;71,3390;5,7850
11029;71,4170;5,7970
11030;71,4820;5,8280
11031;71,4010;5,8150
11032;71,3460;5,8250
11033;71,4110;5,8240
11034;71,4070;5,8050
11035;71,4250;5,8150
11036;71,4310;5,8230
11037;71,3790;5,7980
11038;71,3950;5,8020
11039;71,3820;5,7950
11040;71,4150;5,8240
11041;71,2990;5,8190
11042;71,3940;5,7990
11043;71,4260;5,8070
11044;71,4730;5,8460
11045;71,4710;5,8330
11046;71,4530;5,7990
11047;71,4670;5,8360
11048;71,3730;5,8300
11049;71,4950;5,8150
11050;71,4520;5,8430
11051;71,4890;5,8340
11052;71,3290;5,8240
11053;71,5410;5,8330
11054;71,4010;5,8360
11055;71,4470;5,8070
11056;71,4600;5,8560
11057;71,3570;5,8080
11058;71,4050;5,8330
11059;71,4860;5,8670
11060;71,5510;5,7760
11061;71,4250;5,8030
11062;71,5120;5,8240
11063;71,4030;5,8370
11064;71,5120;5,8500
11065;71,3880;5,7970
11066;71,4700;5,8310
11067;71,4050;5,8040
11068;71,3550;5,8300
11069;71,4450;5,7950
11070;71,3490;5,8170
11071;71,5020;5,8190
11072;71,4420;5,8580
11073;71,3870;5,8150
11074;71,4420;5,8330
11075;71,4420;5,8220
11076;71,4760;5,8360
11077;71,5280;5,7990
11078;71,4330;5,8720
11079;71,4700;5,8500
11080;72,3770;5,7770
11081;71,4020;5,8240
11082;71,4130;5,8110
11083;71,4610;5,8310
11084;71,4910;5,7870
11085;71,5300;5,8260
11086;71,5720;5,7780
11087;71,4670;5,8800
11088;71,4500;5,8090
11089;71,4370;5,7980
11090;71,4200;5,7670
11091;71,3920;5,8160
11092;71,4770;5,8340
11093;71,3460;5,8340
11094;71,4450;5,8020
11095;71,4130;5,9120
11096;71,3680;5,8380
11097;71,2890;5,7800
11098;71,4230;5,7980
11099;71,4640;5,8120
11100;71,4510;5,7980
11101;71,4930;5,7750
11102;71,3580;5,8540
11103;71,4030;5,8000
11104;71,5110;5,8090
11105;71,3210;5,8320
11106;71,4960;5,8040
11107;71,4070;5,7950
11108;71,4010;5,8180
11109;71,4340;5,7940
11110;71,4090;5,8330
11111;71,5130;5,8260
11112;71,4780;5,8370
11113;71,3900;5,8260
11114;71,4700;5,8350
11115;71,4470;5,8140
11116;71,4580;5,8070
11117;71,4930;5,8110
11118;71,4950;5,7710
11119;71,4670;5,8250
11120;71,4060;5,8100
11121;71,3780;5,8210
11122;71,4070;5,8170
11123;71,4720;5,8300
11124;71,4370;5,8990
11125;71,3420;5,8140
11126;71,4380;5,7930
11127;71,4850;5,8130
11128;71,3720;5,8070
11129;71,4800;5,8340
11130;71,4090;5,8480
11131;71,4530;5,8430
11132;71,4840;5,8260
11133;71,3420;5,8770
11134;71,3890;5,7880
11135;71,4660;5,7880
11136;71,4440;5,8460
11137;71,3840;5,8390
11138;71,2710;5,8070
11139;71,5170;5,7460
11140;71,5130;5,7940
11141;71,5000;5,8270
11142;71,4860;5,8020
11143;71,3380;5,7980
11144;71,4130;5,8000
11145;71,4600;5,8540
11146;71,4890;5,8410
11147;71,5000;5,8840
11148;71,3760;5,8240
11149;71,3910;5,7870
11150;71,3860;5,8090
11151;71,4220;5,8140
11152;71,4360;5,8160
11153;71,3740;5,8380
11154;71,4660;5,8350
11155;71,4360;5,8580
11156;71,4090;5,8320
11157;71,4000;5,8400
11158;71,3820;5,8000
11159;71,3830;5,8410
11160;71,3400;5,8110
11161;71,4540;5,7990
11162;71,3790;5,8660
11163;71,3750;5,8540
11164;71,4260;5,8220
11165;71,4430;5,8340
11166;71,3790;5,8150
11167;71,3960;5,8220
11168;71,4040;5,7950
11169;71,3930;5,8030
11170;71,2330;5,8290
11171;71,4790;5,8090
11172;71,4650;5,7930
11173;71,4990;5,9270
11174;71,4950;5,8480
11175;71,4890;5,7920
11176;71,5520;5,8140
11177;71,4470;5,7990
11178;71,4090;5,7980
11179;71,4260;5,7880
11180;71,4790;5,8100
11181;71,4060;5,8080
11182;71,4730;5,8230
11183;71,4320;5,7990
11184;71,3680;5,7960
11185;71,4750;5,8240
11186;71,3840;5,8090
11187;71,3750;5,8020
11188;71,3790;5,8300
11189;71,3830;5,8420
11190;71,4750;5,8150
11191;71,4820;5,8100
11192;72,0520;5,8310
11193;71,3510;5,8150
11194;71,4690;5,8580
11195;71,4480;5,7830
11196;71,5020;5,8210
11197;71,4380;5,8090
11198;71,4220;5,7920
11199;71,4130;5,7970
11200;71,5170;5,9700
11201;71,4200;5,8050
11202;71,4800;5,8150
11203;71,4880;5,8360
11204;71,4950;5,8400
11205;71,5160;5,7740
11206;71,4960;5,7790
11207;71,4070;5,9000
11208;71,4200;5,8360
11209;71,4900;5,8410
11210;71,4320;5,8250
11211;71,4560;5,8610
11212;71,4130;5,8510
11213;71,4860;5,8480
11214;71,3380;5,8240
11215;71,3620;5,8160
11216;71,4110;5,7900
11217;71,4240;5,8320
11218;71,4840;5,8030
11219;71,4710;5,8180
11220;71,4960;5,7890
11221;71,4710;5,8260
11222;71,4000;5,8490
11223;71,3810;5,8460
11224;71,3870;5,8090
11225;71,5120;5,8260
11226;71,4490;5,8650
11227;71,4380;5,7940
11228;71,4580;5,8850
11229;71,3450;5,8020
11230;71,3740;5,7850
11231;71,4800;5,8150
11232;71,4690;5,8420
11233;71,4830;5,8200
11234;71,3450;5,9020
11235;71,5350;5,7570
11236;71,3560;5,7870
11237;71,4070;5,9140
11238;71,4450;5,8130
11239;71,3650;5,8330
11240;71,4970;5,8420
11241;71,4230;5,8230
11242;71,3760;5,7840
11243;71,4990;5,8120
11244;71,4570;5,8210
11245;71,5350;5,8290
11246;71,4130;5,8130
11247;71,3580;5,8260
11248;71,4470;5,8270
11249;71,3450;5,7910
11250;71,4460;5,8350
11251;71,4820;5,8240
11252;71,3680;5,8240
11253;71,4490;5,8400
11254;71,4000;5,8020
11255;71,3430;5,8620
11256;71,4360;5,8030
11257;71,4030;5,8360
11258;71,4300;5,7930
11259;71,4900;5,7910
11260;71,3700;5,8110
11261;71,3730;5,8120
11262;71,3440;5,8450
11263;71,4570;5,8180
11264;71,3770;5,8690
11265;71,3930;5,8510
11266;71,3980;5,8120
11267;71,4450;5,8330
11268;71,3890;5,8330
11269;71,3930;5,8270
11270;71,4740;5,8130
11271;71,4790;5,8530
11272;71,4570;5,8190
11273;71,4570;5,7930
11274;71,5540;5,8220
11275;71,4520;5,8410
11276;71,4620;5,8160
11277;71,3980;5,8020
11278;71,3530;5,7960
11279;71,3570;5,8430
11280;71,3700;5,8260
11281;71,4000;5,8280
11282;71,4310;5,7870
11283;71,3970;5,8270
11284;71,4610;5,8210
11285;71,3720;5,8570
11286;71,5250;5,8450
11287;71,3710;5,7600
11288;71,3550;5,8320
11289;71,4260;5,8420
11290;71,4750;5,8080
11291;71,4500;5,8480
11292;71,5520;5,8180
11293;71,4840;5,8560
11294;71,4520;5,7810
11295;71,4480;5,8130
11296;71,5350;5,8230
11297;71,3240;5,8460
11298;71,4190;5,8300
11299;71,3880;5,8160
11300;71,3980;5,8290
11301;71,5670;5,9600
11302;71,4400;5,8280
11303;71,4530;5,9370
11304;71,4410;5,8800
11305;71,3730;5,8220
11306;71,4360;5,7960
11307;71,4240;5,7940
11308;71,3850;5,7940
11309;71,4810;5,8160
11310;71,4110;5,8280
11311;71,4970;5,8160
11312;71,4710;5,8270
11313;71,3470;5,8490
11314;71,5060;5,8370
11315;71,4060;5,8210
11316;71,4670;5,8070
11317;71,3930;5,7920
11318;71,3340;5,8340
11319;71,4570;5,8360
11320;71,4370;5,7990
11321;71,3840;5,8230
11322;71,4440;5,8130
11323;71,4200;5,8420
11324;71,5480;5,8510
11325;71,5330;5,8320
11326;71,4150;5,8330
11327;71,4240;5,8140
11328;71,4210;5,8150
11329;71,3710;5,8230
11330;71,5200;5,7860
11331;71,3670;5,9600
11332;71,4460;5,8040
11333;71,5140;5,8460
11334;71,4550;5,8410
11335;71,4530;5,8010
11336;71,2880;5,8270
11337;71,3440;5,8240
11338;71,5250;5,8170
11339;71,3470;5,8400
11340;71,3680;5,8110
11341;71,3810;5,8230
11342;71,4990;5,9660
11343;71,3960;5,8440
11344;71,4440;5,8430
11345;71,4700;5,8050
11346;71,4150;5,8110
11347;71,3850;5,8250
11348;71,3720;5,8050
11349;71,4180;5,8200
11350;71,4410;5,8380
11351;71,3770;5,8540
11352;71,4060;5,7990
11353;71,5040;5,8370
11354;71,5620;5,7920
11355;71,5250;5,7850
11356;71,4910;5,8180
11357;71,4810;5,8180
11358;71,3920;5,7820
11359;71,3990;5,8030
11360;71,4160;5,8370
11361;71,4070;5,7950
11362;71,4560;5,8100
11363;71,4270;5,8070
11364;71,3520;5,8650
11365;71,4660;5,8770
11366;71,4970;5,8400
11367;71,4430;5,8130
11368;71,4010;5,8300
11369;71,4510;5,7890
11370;71,4300;5,8100
11371;71,4430;5,7850
11372;71,5290;5,8520
11373;71,3490;5,8500
11374;71,4720;5,8620
11375;71,4570;5,7990
11376;71,4250;5,8490
11377;71,5110;5,8130
11378;71,4730;5,8480
11379;71,4430;5,7960
11380;71,4690;5,8280
11381;71,4510;5,8130
11382;71,4170;5,8170
11383;71,3120;5,8220
11384;71,4610;5,8550
11385;71,4250;5,8250
11386;71,3910;5,7960
11387;71,4410;5,8150
11388;71,4390;5,8150
11389;71,5250;5,8520
11390;71,4690;5,8120
11391;71,4620;5,7970
11392;71,4720;5,8030
11393;71,4790;5,7840
11394;71,3830;5,8000
11395;71,4790;5,8190
11396;71,4530;5,8070
11397;71,4170;5,8350
11398;71,4640;5,8160
11399;71,4780;5,8290
11400;71,4690;5,8110
11401;71,4820;5,8210
11402;71,4140;5,9170
11403;71,5260;5,8470
11404;71,3920;5,8500
11405;71,5000;5,8080
11406;71,3690;5,8210
11407;71,4650;5,8510
11408;71,4350;5,8670
11409;71,5320;5,8210
11410;71,4760;5,8270
11411;71,4570;5,8130
11412;71,3910;5,8160
11413;71,3530;5,7760
11414;71,3420;5,8120
11415;71,4610;5,7880
11416;71,4040;5,8140
11417;71,3830;5,8170
11418;71,4700;5,7950
11419;71,4440;5,8240
11420;71,4390;5,8130
11421;71,5330;5,8220
11422;71,4480;5,8090
11423;71,4730;5,8000
11424;71,4520;5,9070
11425;71,4190;5,8180
11426;71,5430;5,8290
11427;71,4340;5,8390
11428;71,4400;5,8300
11429;71,4450;5,8070
11430;71,4950;5,8020
11431;71,4320;5,8250
11432;71,5310;5,8150
11433;71,2980;5,7960
11434;71,3940;5,8990
11435;71,4570;5,8100
11436;71,5040;5,8330
11437;71,4420;5,8210
11438;71,4370;5,8060
11439;71,4300;5,8070
11440;71,4260;5,8200
11441;71,4520;5,8220
11442;71,4280;5,8140
11443;71,4140;5,7970
11444;71,4050;5,8140
11445;71,5320;5,8300
11446;71,3920;5,8380
11447;71,5150;5,9890
11448;71,4650;5,8140
11449;71,4990;5,8320
11450;71,4810;5,9320
11451;71,4530;5,8280
11452;71,4860;5,8470
11453;71,4270;5,8690
11454;71,4710;5,8230
11455;71,3930;5,8090
11456;71,4260;5,8230
11457;71,5250;5,8100
11458;71,3860;5,7850
11459;71,4630;5,8010
11460;71,4720;5,8140
11461;71,3150;5,8490
11462;71,4200;5,8160
11463;71,4450;5,8090
11464;71,3810;5,8040
11465;71,3550;5,8270
11466;71,3820;5,8170
11467;71,4340;5,8200
11468;71,4990;5,8130
11469;71,3550;5,8120
11470;71,5290;5,7740
11471;71,3800;5,7930
11472;71,3260;5,8240
11473;71,3700;5,8920
11474;71,5110;5,8280
11475;71,4700;5,8310
11476;71,4130;5,8360
11477;71,3470;5,8330
11478;71,3920;5,8200
11479;71,4770;5,8260
11480;71,4590;5,8410
11481;71,5590;5,8590
11482;71,4240;5,8220
11483;71,4790;5,8450
11484;71,2210;5,8490
11485;71,4030;5,8430
11486;71,3600;5,8200
11487;71,4100;5,7580
11488;71,4230;5,8170
11489;71,4120;5,8070
11490;71,4640;5,8040
11491;71,3590;5,8520
11492;71,4340;5,8320
11493;71,3620;5,8140
11494;71,4180;5,8070
11495;71,4480;5,7990
11496;71,4340;5,7910
11497;71,4820;5,8330
11498;71,4120;5,7900
11499;71,3620;5,8320
11500;71,3230;5,7900
11501;71,3530;5,7970
11502;71,4540;5,8370
11503;71,5310;5,8150
11504;71,3800;5,8110
11505;71,4420;5,8180
11506;71,4320;5,8600
11507;71,4530;5,8260
11508;71,4160;5,8080
11509;71,4510;5,8070
11510;71,3840;5,8200
11511;71,4450;5,8140
11512;71,3980;5,7900
11513;71,4100;5,8080
11514;71,3440;5,8260
11515;71,3990;5,7880
11516;71,4930;5,8120
11517;71,4370;5,8280
11518;71,4960;5,8050
11519;71,5410;5,8170
11520;71,5590;5,8110
11521;71,3610;5,8260
11522;71,4860;5,8330
11523;71,4640;5,8140
11524;71,4660;5,7930
11525;71,5100;5,8190
11526;71,4450;5,8100
11527;71,5030;5,8300
11528;71,4360;5,8370
11529;71,4720;5,8240
11530;71,3950;5,8090
11531;71,4300;5,8610
11532;71,4660;5,8180
11533;71,4760;5,8400
11534;71,5260;5,8300
11535;71,4510;5,8280
11536;71,4330;5,7940
11537;71,2510;5,8190
11538;71,6150;5,8210
11539;71,5070;5,8180
11540;71,5300;5,8560
11541;71,4510;5,8050
11542;71,5590;5,7850
11543;71,4280;5,8500
11544;71,4510;5,8330
11545;71,5630;5,8010
11546;71,4570;5,8230
11547;71,5280;5,8380
11548;71,4130;5,8480
11549;71,4680;5,8280
11550;71,4570;5,7940
11551;71,2730;5,8030
11552;71,3920;5,8130
11553;71,4760;5,8410
11554;71,5190;5,7950
11555;71,4520;5,8040
11556;71,4310;5,8140
11557;71,5300;5,8190
11558;71,4220;5,8300
11559;71,3650;5,8370
11560;71,4040;5,8280
11561;71,4070;5,8390
11562;71,4460;5,8790
11563;71,4230;5,7860
11564;71,5140;5,7900
11565;71,5030;5,8200
11566;71,4770;5,8070
11567;71,5630;5,8410
11568;71,4390;5,8140
11569;71,4670;5,8550
11570;71,4110;5,8070
11571;71,5370;5,8160
11572;71,4510;5,7910
11573;71,4810;5,9410
11574;71,5590;5,7940
11575;71,4380;5,8010
11576;71,4230;5,8390
11577;71,4860;5,8500
11578;71,6640;5,8070
11579;71,4060;5,7920
11580;71,3910;5,8270
11581;71,4690;5,8060
11582;71,3850;5,8310
11583;71,3700;5,8200
11584;71,5140;5,8250
11585;71,4770;5,7970
11586;71,4840;5,9140
11587;71,4020;5,8320
11588;71,4870;5,7890
11589;71,4360;5,8500
11590;71,4740;5,8050
11591;71,4750;5,8730
11592;71,4490;5,8110
11593;71,3640;5,8010
11594;71,4590;5,8460
11595;71,5040;5,7960
11596;71,3820;5,8290
11597;71,4530;5,8550
11598;71,4240;5,8220
11599;71,4710;5,8190
11600;71,3940;5,8340
11601;71,4290;5,8750
11602;71,4770;5,8030
11603;71,3350;5,8470
11604;71,4700;5,8410
11605;71,5100;5,8210
11606;71,3560;5,8000
11607;71,4020;5,8300
11608;72,0450;5,8230
11609;71,5190;5,8260
11610;71,3420;5,8280
11611;71,3710;5,8810
11612;71,4170;5,8880
11613;71,5160;5,8140
11614;71,4250;5,8150
11615;71,4960;5,8200
11616;71,4770;5,8110
11617;71,4510;5,8140
11618;71,3390;5,7490
11619;71,3930;5,8420
11620;71,5780;5,8330
11621;71,4010;5,8770
11622;71,3460;5,8110
11623;71,4610;5,7970
11624;71,3690;5,8010
11625;71,3990;5,8140
11626;71,2710;5,8170
11627;71,4130;5,8550
11628;71,3740;5,8080
11629;71,3860;5,7870
11630;71,3120;5,7840
11631;71,4420;5,8090
11632;71,3690;5,8270
11633;71,3300;5,8360
11634;71,4970;5,8250
11635;71,3810;5,8180
11636;71,4960;5,8050
11637;71,4190;5,7860
11638;71,5360;5,8240
11639;71,4270;5,8300
11640;71,4220;5,8000
11641;71,4770;5,7990
11642;71,4230;5,8410
11643;71,4370;5,8420
11644;71,4430;5,7960
11645;71,4390;5,8110
11646;71,4570;5,8120
11647;71,4560;5,8450
11648;71,3550;5,8060
11649;71,3830;5,8590
11650;71,3560;5,8140
11651;71,3470;5,8560
11652;71,3720;5,8360
11653;71,5220;5,8580
11654;71,3700;5,8260
11655;71,4890;5,8070
11656;71,4090;5,8330
11657;71,2290;5,8060
11658;71,4240;5,7600
11659;71,5140;5,8230
11660;71,4280;5,8240
11661;71,4350;5,8090
11662;71,3550;5,8240
11663;71,4550;5,7980
11664;71,3920;5,8260
11665;71,3790;5,8580
11666;71,3750;5,8090
11667;71,4770;5,8180
11668;71,4670;5,8120
11669;71,4700;5,8500
11670;71,3810;5,8590
11671;71,3770;5,8680
11672;71,5270;5,7960
11673;71,3090;5,8650
11674;71,4150;5,8230
11675;71,4640;5,7950
11676;71,4070;5,8250
11677;71,4220;5,8060
11678;71,4100;5,7810
11679;71,3310;5,8130
11680;71,4300;5,7960
11681;71,4470;5,8230
11682;71,4870;5,7980
11683;71,4560;5,8280
11684;71,5520;5,8120
11685;71,5760;5,8280
11686;71,3780;5,8610
11687;71,4610;5,8080
11688;71,3820;5,8150
11689;71,4800;5,8230
11690;71,3800;5,8420
11691;71,3900;5,8640
11692;71,4290;5,8230
11693;71,5060;5,8070
11694;71,4680;5,8160
11695;71,3970;5,8420
11696;71,4780;5,8480
11697;71,3760;5,8320
11698;71,4120;5,8160
11699;71,5410;5,8110
11700;71,3860;5,8600
11701;71,5040;5,8010
11702;71,3820;5,8430
11703;71,4440;5,8110
11704;71,4850;5,8190
11705;71,5220;5,8350
11706;71,4920;5,8510
11707;71,4490;5,8700
11708;71,3730;5,8180
11709;71,3830;5,8270
11710;71,4620;5,8600
11711;71,4670;5,8120
11712;71,4300;5,8130
11713;71,4660;5,8060
11714;71,4160;5,8370
11715;71,4530;5,7650
11716;71,4380;5,7980
11717;71,4060;5,8140
11718;71,4460;5,8120
11719;71,4870;5,8110
11720;70,8560;5,8580
11721;71,3850;5,8200
11722;71,4510;5,8290
11723;71,3690;5,8190
11724;71,3900;5,8100
11725;71,5000;5,8130
11726;71,4620;5,8450
11727;71,4060;5,8350
11728;71,3460;5,8180
11729;71,5310;5,8760
11730;71,4110;5,8040
11731;71,3650;5,8110
11732;71,4690;5,8960
11733;71,5130;5,7950
11734;71,3960;5,8320
11735;71,3580;5,8040
11736;71,4870;5,8030
11737;71,3510;5,7860
11738;71,4070;5,8320
11739;71,4380;5,8170
11740;71,3950;5,8040
11741;71,5170;5,8180
11742;71,5100;5,7860
11743;71,3920;5,8130
11744;71,4160;5,8070
11745;71,4140;5,8680
11746;71,3730;5,8220
11747;71,4880;5,8390
11748;71,4560;5,9380
11749;71,3960;5,8220
11750;71,4950;5,8130
11751;71,3950;5,8050
11752;71,3900;5,7980
11753;71,3850;5,8180
11754;71,3620;5,8000
11755;71,3630;5,8330
11756;71,4710;5,8430
11757;71,4450;5,8320
11758;71,3730;5,8540
11759;71,5000;5,8410
11760;71,3780;5,7850
11761;71,4090;5,8620
11762;71,3780;5,9880
11763;71,4380;5,8720
11764;71,4960;5,9800
11765;71,4720;5,8120
11766;71,3550;5,8850
11767;71,3560;5,7920
11768;71,4490;5,7990
11769;71,3920;5,8240
11770;71,4970;5,8250
11771;71,3690;5,8130
11772;71,4280;5,8040
11773;71,3660;5,8410
11774;71,4550;5,8180
11775;71,4760;5,8480
11776;71,4540;5,8030
11777;71,3430;5,8240
11778;71,4380;5,8150
11779;71,5580;5,8400
11780;71,4370;5,8190
11781;71,4960;5,8320
11782;71,4780;5,8070
11783;71,4490;5,8380
11784;71,4920;5,7960
11785;71,3590;5,8040
11786;71,4260;5,8360
11787;71,3620;5,8010
11788;71,4790;5,8810
11789;71,5170;5,8400
11790;71,4340;5,8470
11791;71,3900;5,8290
11792;71,4700;5,8440
11793;71,4960;5,8060
11794;71,3430;5,8550
11795;71,4360;5,8050
11796;71,3500;5,8460
11797;71,4090;5,8250
11798;71,4360;5,7920
11799;71,4920;5,8210
11800;71,4830;5,8250
11801;71,4960;5,8310
11802;71,5720;5,8140
11803;71,4240;5,8810
11804;71,4090;5,8110
11805;71,4750;5,8530
11806;71,3830;5,8370
11807;71,4930;5,8300
11808;71,3120;5,8000
11809;71,4090;5,8480
11810;71,5490;5,8210
11811;71,3810;5,8090
11812;71,4360;5,8010
11813;71,1850;5,7950
11814;71,4500;5,8190
11815;71,3100;5,8160
11816;71,4810;5,8680
11817;71,3650;5,8150
11818;71,3940;5,8860
11819;71,4750;5,8290
11820;71,4590;5,8050
11821;71,3360;5,7950
11822;71,4840;5,8110
11823;71,4500;5,8140
11824;71,4900;5,8440
11825;71,3930;5,8350
11826;71,4600;5,8420
11827;71,4510;5,8260
11828;71,4400;5,8060
11829;71,4530;5,8060
11830;71,5170;5,7980
11831;71,3490;5,8500
11832;71,4420;5,8180
11833;71,4550;5,8100
11834;71,4680;5,8480
11835;71,3990;5,8120
11836;71,4590;5,8950
11837;71,4580;5,8300
11838;71,3890;5,8230
11839;71,4600;5,8510
11840;71,4910;5,8240
11841;71,3560;5,8150
11842;71,4190;5,8280
11843;71,3300;5,8380
11844;71,3550;5,7880
11845;71,4300;5,8530
11846;71,4660;5,8010
11847;71,6090;5,8430
11848;71,4170;5,8040
11849;71,4490;5,8180
11850;71,4290;5,8200
11851;71,4620;5,7840
11852;71,4940;5,8360
11853;71,3970;5,8380
11854;71,4230;5,7980
11855;71,4510;5,8080
11856;71,4340;5,7830
11857;71,4340;5,7890
11858;71,3490;5,8340
11859;71,5050;5,8290
11860;71,3460;5,8420
11861;71,4160;5,8810
11862;71,4680;5,8040
11863;71,2910;5,8020
11864;71,5430;5,8200
11865;71,5050;5,8250
11866;71,3670;5,8350
11867;71,4210;5,8470
11868;71,3600;5,8140
11869;71,4080;5,8290
11870;71,3910;5,7990
11871;71,5000;5,8310
11872;71,4780;5,8300
11873;71,5430;5,7910
11874;71,3650;5,8240
11875;71,5720;5,8200
11876;71,5670;5,8670
11877;71,3860;5,8520
11878;71,4300;5,8190
11879;71,3490;5,8290
11880;71,4530;5,8190
11881;71,3210;5,8280
11882;71,4780;5,8560
11883;71,3710;5,8050
11884;71,4040;5,8250
11885;71,4550;5,8010
11886;71,4710;5,8260
11887;71,3490;5,9070
11888;71,4590;5,8160
11889;71,3800;5,8190
11890;71,4000;5,7960
11891;71,4060;5,8130
11892;71,5790;5,8210
11893;71,5110;5,8100
11894;71,4730;5,8240
11895;71,5030;5,8600
11896;71,4520;5,8210
11897;71,3090;5,8210
11898;71,4550;5,8510
11899;71,5080;5,7570
11900;71,4160;5,8280
11901;71,4060;5,8320
11902;71,4410;5,8210
11903;71,4160;5,7870
11904;71,3890;5,7570
11905;71,4670;5,7550
11906;71,4490;5,7900
11907;71,4570;5,8440
11908;71,4260;5,8240
11909;71,3580;5,8090
11910;71,4850;5,8080
11911;71,4530;5,8090
11912;71,4290;5,8270
11913;71,4790;5,8410
11914;71,5530;5,8160
11915;71,3690;5,8390
11916;71,3880;5,8480
11917;71,4620;5,8260
11918;71,3480;5,8160
11919;71,3730;5,8480
11920;71,4740;5,8230
11921;71,3940;5,8060
11922;71,5620;5,8400
11923;71,4880;5,8100
11924;71,5200;5,8110
11925;71,5370;5,8080
11926;71,4620;5,8170
11927;71,3640;5,8430
11928;71,3330;5,8030
11929;71,3970;5,8500
11930;71,5280;5,8310
11931;71,4190;5,8210
11932;71,3800;5,8270
11933;71,3680;5,8360
11934;71,4340;5,7900
11935;71,4540;5,8030
11936;71,4490;5,8370
11937;71,4760;5,8430
11938;71,4030;5,8070
11939;71,3950;5,8280
11940;71,5510;5,8370
11941;71,4840;5,8220
11942;71,4110;5,8400
11943;71,5010;5,7930
11944;71,5530;5,8370
11945;71,3650;5,8600
11946;71,3560;5,8160
11947;71,3720;5,8520
11948;71,4990;5,8590
11949;71,3980;5,8150
11950;71,3650;5,7840
11951;71,4860;5,9610
11952;71,5770;5,7950
11953;71,5250;5,8110
11954;71,4940;5,8300
11955;71,3890;5,8080
11956;71,4920;5,8090
11957;71,4400;5,8370
11958;71,3490;5,7840
11959;71,4150;5,8100
11960;71,3950;5,8720
11961;71,4510;5,8090
11962;71,3550;5,8330
11963;71,5090;5,8230
11964;71,4430;5,8510
11965;71,4240;5,8310
11966;71,3290;5,8200
11967;71,2770;5,7820
11968;71,3330;5,7800
11969;71,4670;5,8510
11970;71,3770;5,8150
11971;71,4570;5,8000
11972;71,4580;5,8160
11973;71,4780;5,8010
11974;71,5350;5,8250
11975;71,4180;5,8420
11976;71,3850;5,7920
11977;71,4470;5,8120
11978;71,4590;5,7960
11979;71,4510;5,8440
11980;71,4360;5,8200
11981;71,5620;5,8120
11982;71,3520;5,8720
11983;71,5520;5,8140
11984;72,7900;5,8170
11985;71,3360;5,8350
11986;71,3570;5,7550
11987;71,4350;5,7950
11988;71,5030;5,8230
11989;71,4970;5,8520
11990;71,3920;5,8140
11991;71,3730;5,8310
11992;71,3500;5,8150
11993;71,2970;5,8220
11994;71,3840;5,8180
11995;71,4700;5,8060
11996;71,4020;5,8370
11997;71,3820;5,8620
11998;71,4250;5,8110
11999;71,3830;5,8260
12000;71,3870;5,8360
12001;71,4390;5,8630
12002;71,4060;5,8090
12003;71,4110;5,8390
12004;71,3940;5,8220
12005;71,3910;5,8290
12006;71,4330;5,7870
12007;71,4200;5,7900
12008;71,4940;5,8070
12009;71,3880;5,8210
12010;71,4290;5,8080
12011;71,4790;5,8210
12012;71,4640;5,8340
12013;71,4410;5,8210
12014;71,3520;5,8120
12015;71,3920;5,8250
12016;71,3390;5,8230
12017;71,4920;5,7990
12018;71,4020;5,8340
12019;71,4130;5,8270
12020;71,5600;5,7950
12021;71,3510;5,8050
12022;71,4110;5,7830
12023;71,4520;5,7970
12024;71,3960;5,8080
12025;71,3910;5,7880
12026;71,4200;5,8220
12027;71,3790;5,8100
12028;71,4710;5,7980
12029;71,3690;5,8170
12030;71,4700;5,7870
12031;71,3710;5,8130
12032;71,4800;5,8030
12033;71,4320;5,8220
12034;71,4500;5,7990
12035;71,3950;5,8370
12036;71,4880;5,7830
12037;71,3940;5,8040
12038;71,4140;5,8490
12039;71,5230;5,8280
12040;71,4840;5,8410
12041;71,2350;5,8020
12042;71,4670;5,8180
12043;71,3790;5,7980
12044;71,3720;5,8090
12045;71,4580;5,8020
12046;71,4630;5,8030
12047;71,4200;5,8060
12048;71,3950;5,8160
12049;71,3370;5,8100
12050;71,5300;5,7950
12051;71,5150;5,8030
12052;71,4360;5,8090
12053;71,4170;5,8410
12054;71,4770;5,8350
12055;71,3220;5,8370
12056;71,4600;5,8270
12057;71,3580;5,8500
12058;71,5020;5,8160
12059;71,5360;5,8230
12060;71,4740;5,7990
12061;71,3880;5,8060
12062;71,4180;5,8040
12063;71,4460;5,8450
12064;71,4890;5,8480
12065;71,4630;5,8550
12066;71,4020;5,8300
12067;71,3200;5,8150
12068;71,4300;5,8110
12069;71,4100;5,7950
12070;71,4870;5,8110
12071;71,4680;5,8090
12072;71,4970;5,8470
12073;71,4980;5,8300
12074;71,2440;5,8340
12075;71,4240;5,7930
12076;71,4700;5,7720
12077;71,5370;5,8070
12078;71,4720;5,8380
12079;71,3180;5,8010
12080;71,4350;5,7980
12081;71,5100;5,8120
12082;71,3570;5,8680
12083;71,4570;5,8170
12084;71,4150;5,8310
12085;71,4690;5,8260
12086;71,4040;5,7940
12087;71,5070;5,9040
12088;71,3830;5,8130
12089;71,4610;5,8080
12090;71,3850;5,8030
12091;71,4550;5,8420
12092;71,4460;5,8140
12093;71,4050;5,8050
12094;71,4090;5,8230
12095;71,4930;5,8290
12096;71,3640;5,8410
12097;71,4610;5,8170
12098;71,4260;5,8350
12099;71,4370;5,8110
12100;71,5090;5,8270
12101;71,3760;5,8230
12102;71,4820;5,8290
12103;71,4880;5,8540
12104;71,4240;5,7880
12105;71,4980;5,9390
12106;71,3750;5,8530
12107;71,3940;5,8430
12108;71,4170;5,8330
12109;71,4290;5,7980
12110;71,4550;5,7980
12111;71,3550;5,7930
12112;71,4330;5,8090
12113;71,2080;5,8160
12114;71,5040;5,8380
12115;71,4370;5,7870
12116;71,3820;5,8070
12117;71,4830;5,8220
12118;71,4100;5,8500
12119;71,4520;5,8090
12120;71,3580;5,8110
12121;71,4200;5,8030
12122;71,3830;5,9240
12123;71,4840;5,8020
12124;71,4500;5,8260
12125;71,4980;5,8280
12126;71,4420;5,8180
12127;71,4450;5,7990
12128;71,4890;5,8230
12129;71,3610;5,7960
12130;71,4820;5,7770
12131;71,4740;5,8000
12132;71,4630;5,8720
12133;71,4650;5,8060
12134;71,4960;5,7990
12135;71,4380;5,8080
12136;71,5290;5,8230
12137;71,3490;5,8080
12138;71,4980;5,8420
12139;71,4360;5,8110
12140;71,4190;5,8040
12141;71,3700;5,8090
12142;71,4550;5,8000
12143;71,4630;5,8110
12144;71,3440;5,7960
12145;71,3760;5,8240
12146;71,0300;5,8520
12147;71,5080;5,7990
12148;71,4530;5,8400
12149;71,3600;5,7690
12150;71,4450;5,8090
12151;71,5130;5,8170
12152;71,4790;5,8300
12153;71,5040;5,8710
12154;71,4840;5,7960
12155;71,4480;5,8160
12156;71,3870;5,8110
12157;71,4440;5,8080
12158;71,4820;5,7940
12159;71,5010;5,8180
12160;71,4000;5,8260
12161;71,3750;5,8360
12162;71,4820;5,7760
12163;71,4340;5,8470
12164;71,3380;5,7850
12165;71,4320;5,7990
12166;71,4580;5,8240
12167;71,2450;5,8030
12168;71,4390;5,8390
12169;71,3920;5,8290
12170;71,4900;5,8390
12171;71,4330;5,8360
12172;71,4680;5,8160
12173;71,3900;5,8000
12174;71,4930;5,8410
12175;71,4980;5,8020
12176;71,5620;5,8080
12177;71,3830;5,8600
12178;71,4400;5,8110
12179;71,4700;5,8080
12180;71,4660;5,8380
12181;71,4940;5,8080
12182;71,4350;5,8300
12183;71,4460;5,8170
12184;71,4390;5,8210
12185;71,4320;5,8340
12186;71,4940;5,8130
12187;71,5000;5,8140
12188;71,3360;5,8130
12189;71,4320;5,8010
12190;71,5030;5,8070
12191;71,4950;5,8380
12192;71,3680;5,8020
12193;71,3990;5,8780
12194;71,4900;5,8810
12195;71,3890;5,8060
12196;71,4130;5,8490
12197;71,5040;5,8270
12198;71,4630;5,8190
12199;71,4280;5,8630
12200;71,4600;5,8180
12201;71,5280;5,8340
12202;71,4770;5,7980
12203;71,4820;5,8200
12204;71,3840;5,8020
12205;71,3900;5,8120
12206;71,4520;5,8050
12207;71,4890;5,8060
12208;71,4760;5,8050
12209;71,3010;5,8310
12210;71,4230;5,8320
12211;71,3440;5,8500
12212;71,5280;5,8150
12213;71,3710;5,8490
12214;71,5140;5,9060
12215;71,4870;5,8280
12216;71,4860;5,8000
12217;71,4920;5,7940
12218;71,3800;5,8460
12219;71,4360;5,8630
12220;71,4910;5,8300
12221;71,3500;5,8140
12222;71,4080;5,8180
12223;71,3670;5,8310
12224;71,4490;5,8190
12225;71,4570;5,8280
12226;71,4800;5,8000
12227;71,4770;5,8120
12228;71,3950;5,8080
12229;71,4990;5,7980
12230;71,4240;5,8300
12231;71,2920;5,8280
12232;71,4840;5,8080
12233;71,4740;5,8530
12234;71,4490;5,7760
12235;71,4060;5,8690
12236;71,4460;5,8340
12237;71,3870;5,8360
12238;71,4200;5,7890
12239;71,3290;5,7910
12240;71,4330;5,8060
12241;71,4090;5,8260
12242;71,4010;5,8110
12243;71,4260;5,8030
12244;71,4510;5,8240
12245;71,4860;5,8220
12246;71,4510;5,8130
12247;71,4620;5,8220
12248;71,4680;5,8180
12249;71,5370;5,8220
12250;71,4310;5,8210
12251;71,3880;5,7780
12252;71,4700;5,7990
12253;71,4340;5,8220
12254;71,4040;5,7820
12255;71,4100;5,8470
12256;71,4030;5,8470
12257;71,4270;5,8190
12258;71,3710;5,7870
12259;71,4970;5,8160
12260;71,5020;5,8340
12261;71,4860;5,8490
12262;71,4370;5,8020
12263;71,3700;5,8070
12264;71,4640;5,8110
12265;71,4680;5,7990
12266;71,5160;5,8070
12267;71,4560;5,8210
12268;71,4710;5,8490
12269;71,4270;5,8390
12270;71,4080;5,8180
12271;71,5450;5,8010
12272;71,4700;5,8130
12273;71,4960;5,8090
12274;71,4460;5,8280
12275;71,5040;5,7950
12276;71,4080;5,7980
12277;71,2380;5,8510
12278;71,4140;5,8420
12279;71,4580;5,8140
12280;71,4680;5,9500
12281;71,4990;5,9370
12282;71,5080;5,8110
12283;71,3940;5,8180
12284;71,3740;5,8090
12285;71,4330;5,8550
12286;71,4530;5,8390
12287;71,5000;5,7800
12288;71,4270;5,8340
12289;71,4580;5,8880
12290;71,4910;5,8260
12291;71,5070;5,7970
12292;71,4040;5,8450
12293;71,4750;5,8160
12294;71,4740;5,8070
12295;71,4630;5,8240
12296;71,5190;5,7910
12297;71,5100;5,9130
12298;71,4560;5,8230
12299;71,4000;5,7910
12300;71,3520;5,8210
12301;71,4530;5,7690
12302;71,4540;5,7820
12303;71,4340;5,8290
12304;71,4530;5,8330
12305;71,4860;5,8040
12306;71,5210;5,7930
12307;71,5080;5,8110
12308;71,4390;5,8170
12309;71,3860;5,8610
12310;71,4300;5,8040
12311;71,5080;5,8460
12312;71,4820;5,8160
12313;71,4310;5,7960
12314;71,4020;5,7940
12315;71,4520;5,8330
12316;71,5050;5,8080
12317;71,4190;5,8450
12318;71,3830;5,8130
12319;71,4600;5,8720
12320;71,4390;5,8500
12321;71,4860;5,7750
12322;71,5590;5,8190
12323;71,5120;5,8040
12324;71,3870;5,8820
12325;71,4870;5,8450
12326;71,4480;5,8310
12327;71,4440;5,8170
12328;71,4370;5,8590
12329;71,4780;5,8140
12330;71,3500;5,8730
12331;71,4320;5,8290
12332;71,4690;5,8890
12333;71,4730;5,8460
12334;71,5830;5,7940
12335;71,4160;5,7940
12336;71,4760;5,7990
12337;71,4210;5,7890
12338;71,4160;5,7350
12339;71,3450;5,8100
12340;71,3580;5,8010
12341;71,5020;5,8160
12342;71,5340;5,8190
12343;71,5100;5,7900
12344;71,4910;5,8280
12345;71,4800;5,8290
12346;71,4440;5,8420
12347;71,5380;5,8320
12348;71,3900;5,7950
12349;71,4840;5,8410
12350;71,5560;5,8670
12351;71,4570;5,8320
12352;71,3550;5,8130
12353;71,4800;5,8280
12354;71,3270;5,8350
12355;71,3900;5,8060
12356;71,4090;5,8180
12357;71,4740;5,8280
12358;71,4950;5,8120
12359;71,3650;5,8020
12360;71,5100;5,7890
12361;71,3860;5,7830
12362;71,4110;5,8330
12363;71,4810;5,7970
12364;71,4760;5,8680
12365;71,4200;5,8030
12366;71,3450;5,8480
12367;71,3600;5,8500
12368;71,3880;5,7960
12369;71,4920;5,8130
12370;71,4440;5,8280
12371;71,3560;5,8210
12372;71,3780;5,8530
12373;71,5550;5,8430
12374;71,4730;5,8060
12375;71,3660;5,7990
12376;71,4460;5,8220
12377;71,4650;5,8320
12378;71,4170;5,8250
12379;71,3660;5,8210
12380;71,3830;5,9650
12381;71,4580;5,8020
12382;71,4120;5,8280
12383;71,4990;5,8200
12384;71,3530;5,8120
12385;71,4660;5,8330
12386;71,4140;5,8420
12387;71,5050;5,8470
12388;71,4730;5,9270
12389;71,4210;5,7980
12390;71,4250;5,7990
12391;71,4590;5,8720
12392;71,5070;5,8210
12393;71,4740;5,8770
12394;71,4460;5,8370
12395;71,4210;5,8250
12396;71,4520;5,8500
12397;71,4580;5,8320
12398;71,3580;5,8370
12399;71,4870;5,8160
12400;71,4970;5,8060
12401;71,4910;5,9100
12402;71,5240;5,9190
12403;71,3610;5,8230
12404;71,4590;5,8180
12405;71,4520;5,8290
12406;71,3940;5,8610
12407;71,4570;5,8480
12408;71,3650;5,7970
12409;71,4880;5,7940
12410;71,4660;5,7870
12411;71,4510;5,7940
12412;71,5160;5,8180
12413;71,4480;5,8240
12414;71,4520;5,8130
12415;71,4450;5,8600
12416;71,5360;5,8330
12417;71,4930;5,8010
12418;71,4390;5,7350
12419;71,4190;5,8220
12420;71,4690;5,8140
12421;71,4690;5,8160
12422;71,5080;5,8020
12423;71,4440;5,8370
12424;71,4500;5,8630
12425;71,4460;5,9190
12426;71,5210;5,8050
12427;71,4170;5,8290
12428;71,4610;5,8500
12429;71,4010;5,8080
12430;71,4570;5,8900
12431;71,5180;5,8290
12432;71,5000;5,8020
12433;71,4250;5,8510
12434;71,4980;5,8150
12435;71,4440;5,8310
12436;71,3720;5,8240
12437;71,4290;5,8150
12438;71,4850;5,9240
12439;71,4500;5,8360
12440;71,3880;5,8110
12441;71,4790;5,8080
12442;71,4720;5,8470
12443;71,5120;5,8190
12444;71,4940;5,8480
12445;71,3960;5,8160
12446;71,4110;5,8120
12447;71,3820;5,8300
12448;71,4480;5,8510
12449;71,5830;5,8270
12450;71,4480;5,8400
12451;71,4820;5,8100
12452;71,4430;5,8380
12453;71,4970;5,7910
12454;71,3710;5,8430
12455;71,5080;5,8140
12456;71,4540;5,8890
12457;71,4500;5,8420
12458;71,3860;5,8260
12459;71,4290;5,7890
12460;71,5110;5,8040
12461;71,4800;5,7930
12462;71,4890;5,8270
12463;71,4280;5,8220
12464;71,5220;5,8110
12465;71,4770;5,8400
12466;71,4730;5,8190
12467;71,4340;5,8130
12468;71,5130;5,7970
12469;71,4650;5,8370
12470;71,3580;5,8670
12471;71,3600;5,8290
12472;71,4990;5,8160
12473;71,4860;5,8200
12474;71,5170;5,8150
12475;71,4620;5,9590
12476;71,4910;5,8080
12477;71,5200;5,8120
12478;71,4810;5,8250
12479;71,4400;5,8190
12480;71,4660;5,7870
12481;71,4330;5,8350
12482;71,4290;5,8420
12483;71,5120;5,7970
12484;71,4090;5,8110
12485;71,3410;5,7990
12486;71,3720;5,8270
12487;71,4630;5,8300
12488;71,4770;5,8250
12489;71,4750;5,8140
12490;71,4310;5,7870
12491;71,3540;5,8140
12492;71,4670;5,7940
12493;71,5040;5,8240
12494;71,4190;5,8740
12495;71,3950;5,8310
12496;71,3920;5,8420
12497;71,3820;5,8440
12498;71,4010;5,8360
12499;71,4660;5,9190
12500;71,4540;5,8350
12501;71,4590;5,8370
12502;71,3680;5,8250
12503;71,3920;5,8090
12504;71,3730;5,8340
12505;71,3580;5,8130
12506;71,5720;5,8150
12507;71,5260;5,8140
12508;71,4350;5,7950
12509;71,4880;5,8330
12510;71,5140;5,8350
12511;71,4310;5,8130
12512;71,5180;5,8080
12513;71,4290;5,8530
12514;71,5580;5,8360
12515;71,4330;5,8130
12516;71,3660;5,7690
12517;71,4760;5,8320
12518;71,4020;5,7970
12519;71,4490;5,8230
12520;71,4380;5,8020
12521;71,3970;5,8280
12522;71,4370;5,8010
12523;71,4990;5,7850
12524;71,3490;5,8270
12525;71,4540;5,8320
12526;71,3890;5,8390
12527;71,4130;5,8450
12528;71,4560;5,8360
12529;71,4480;5,7980
12530;71,4320;5,8150
12531;71,5080;5,9370
12532;71,4020;5,7990
12533;71,5600;5,8410
12534;71,4580;5,8160
12535;71,4240;5,8210
12536;71,4510;5,7920
12537;71,4920;5,7980
12538;71,3660;5,7860
12539;71,4970;5,8530
12540;71,5010;5,7970
12541;71,4340;5,8060
12542;71,4550;5,8300
12543;71,4140;5,7570
12544;71,3100;5,7390
12545;71,3730;5,8150
12546;71,5060;5,8220
12547;71,4280;5,7990
12548;71,4780;5,8570
12549;71,3890;5,8340
12550;71,5260;5,8130
12551;71,5220;5,8350
12552;71,5280;5,8220
12553;71,2980;5,8390
12554;71,4290;5,7850
12555;71,4020;5,8690
12556;71,4130;5,8280
12557;71,4480;5,8240
12558;71,3720;5,8110
12559;71,4970;5,8540
12560;71,3610;5,8130
12561;71,4410;5,8260
12562;71,4900;5,7950
12563;71,3890;5,8170
12564;71,4590;5,8480
12565;71,4060;5,8310
12566;71,3960;5,7940
12567;71,4660;5,8270
12568;71,4750;5,8330
12569;71,4290;5,7930
12570;71,4170;5,8410
12571;71,4830;5,8370
12572;71,4870;5,8330
12573;71,4880;5,8690
12574;71,4960;5,8090
12575;71,4440;5,8250
12576;71,4710;5,7950
12577;71,4560;5,8560
12578;71,4220;5,9220
12579;71,4590;5,8530
12580;71,4980;5,8460
12581;71,4340;5,8260
12582;71,3830;5,8330
12583;71,4260;5,8140
12584;71,3950;5,8410
12585;71,4660;5,8180
12586;71,4600;5,8360
12587;71,3670;5,8270
12588;71,5040;5,8270
12589;71,4930;5,8800
12590;71,5290;5,8330
12591;71,4020;5,8030
12592;71,3380;5,8120
12593;71,3770;5,8450
12594;71,5300;5,8080
12595;71,4250;5,7940
12596;71,4910;5,8150
12597;71,4610;5,8300
12598;71,4660;5,8260
12599;71,5000;5,8130
12600;71,5090;5,8300
12601;71,3690;5,8310
12602;71,4580;5,8270
12603;71,4480;5,8390
12604;71,4450;5,8160
12605;71,3950;5,7770
12606;71,4560;5,8640
12607;71,3980;5,8240
12608;71,4110;5,8320
12609;71,4410;5,8740
12610;71,4700;5,8320
12611;71,4690;5,8830
12612;71,4940;5,7930
12613;71,4230;5,8400
12614;71,5190;5,8040
12615;71,3550;5,8100
12616;71,4410;5,8380
12617;71,5130;5,8310
12618;71,5010;5,8180
12619;71,4890;5,8360
12620;71,4700;5,7950
12621;71,4250;5,8300
12622;71,3140;5,8400
12623;71,5060;5,8470
12624;71,4340;5,8420
12625;71,4700;5,8290
12626;71,4220;5,7990
12627;71,4280;5,8150
12628;71,3870;5,8920
12629;71,5390;5,8720
12630;71,4740;5,8190
12631;71,4940;5,8100
12632;71,5080;5,8220
12633;71,4030;5,8180
12634;71,4120;5,9040
12635;71,4940;5,7810
12636;71,4260;5,8120
12637;71,3750;5,8560
12638;71,4250;5,8160
12639;71,3330;5,8320
12640;71,5420;5,7880
12641;71,5010;5,8180
12642;71,4150;5,8380
12643;71,4220;5,8440
12644;71,4640;5,7830
12645;71,4790;5,8810
12646;71,4780;5,8280
12647;71,3980;5,8200
12648;71,3300;5,8110
12649;71,4330;5,8990
12650;71,4570;5,8190
12651;71,4490;5,8060
12652;71,4700;5,8250
12653;71,3980;5,8410
12654;71,4400;5,8220
12655;71,3710;5,8470
12656;71,3820;5,8430
12657;71,4880;5,7870
12658;71,5010;5,8100
12659;71,4020;5,8030
12660;71,4770;5,8390
12661;71,4480;5,8320
12662;71,4260;5,8290
12663;71,4060;5,8070
12664;71,5210;5,8090
12665;71,5160;5,7940
12666;71,5290;5,8170
12667;71,4230;5,8220
12668;71,4420;5,8520
12669;71,5190;5,8270
12670;71,4400;5,8420
12671;71,5060;5,8180
12672;71,4210;5,8020
12673;71,4180;5,8300
12674;71,4540;5,8050
12675;71,5220;5,8060
12676;71,4810;5,8860
12677;71,4930;5,8100
12678;71,4750;5,8480
12679;71,4540;5,7810
12680;71,3440;5,8220
12681;71,4290;5,8290
12682;71,4320;5,8250
12683;71,3880;5,8120
12684;71,4660;5,8210
12685;71,5130;5,9090
12686;71,5140;5,8520
12687;71,5260;5,8530
12688;71,5530;5,8330
12689;71,4180;5,8300
12690;71,4250;5,8010
12691;71,4600;5,8390
12692;71,5370;5,8290
12693;71,4150;5,8090
12694;71,4760;5,7930
12695;71,4610;5,7880
12696;71,4280;5,8240
12697;71,4910;5,8500
12698;71,3770;5,8130
12699;71,4900;5,8410
12700;71,4620;5,8370
12701;71,3940;5,7770
12702;71,4140;5,7960
12703;71,4670;5,7970
12704;71,4380;5,8440
12705;71,3860;5,9330
12706;71,4830;5,8130
12707;71,4050;5,8020
12708;71,4880;5,7840
12709;71,4740;5,8860
12710;71,6090;5,8100
12711;71,4100;5,8390
12712;71,4780;5,8330
12713;71,5540;5,8110
12714;71,4090;5,8390
12715;71,4410;5,7890
12716;71,5160;5,8530
12717;71,5370;5,8070
12718;71,5040;5,8100
12719;71,4290;5,7830
12720;71,5130;5,8340
12721;71,5170;5,8140
12722;71,2870;5,8450
12723;71,4130;5,8100
12724;71,2770;5,8340
12725;71,3400;5,7790
12726;71,4560;5,8220
12727;71,5020;5,8240
12728;71,4490;5,8160
12729;71,4720;5,8200
12730;71,5250;5,8410
12731;71,4600;5,7950
12732;71,4790;5,8050
12733;71,5360;5,8350
12734;71,5590;5,8320
12735;71,5180;5,8170
12736;71,3760;5,8310
12737;71,4740;5,8270
12738;71,5380;5,8330
12739;71,3890;5,8720
12740;71,4310;5,8220
12741;71,4880;5,8370
12742;71,4650;5,8100
12743;71,4700;5,8180
12744;71,4970;5,7860
12745;71,4460;5,8550
12746;71,4290;5,8080
12747;71,4830;5,8490
12748;71,4510;5,9010
12749;71,4230;5,7950
12750;71,4520;5,8390
12751;71,4510;5,8290
12752;71,5330;5,8520
12753;71,4010;5,8030
12754;71,5490;5,8460
12755;71,4700;5,8480
12756;71,4980;5,8540
12757;71,3810;5,7840
12758;71,4470;5,8260
12759;71,4180;5,8180
12760;71,4840;5,8210
12761;71,3730;5,8230
12762;71,5020;5,8670
12763;71,4840;5,9120
12764;71,5260;5,8480
12765;71,5270;5,8220
12766;71,4020;5,8390
12767;71,4560;5,8030
12768;71,3910;5,8040
12769;71,4760;5,8410
12770;71,4330;5,7640
12771;71,3920;5,7930
12772;71,5160;5,8660
12773;71,4600;5,8110
12774;71,4580;5,8090
12775;71,4090;5,8250
12776;71,4710;5,8350
12777;71,4620;5,9010
12778;71,5190;5,8050
12779;71,3880;5,8230
12780;71,5150;5,8470
12781;71,4950;5,8320
12782;71,4330;5,8690
12783;71,4000;5,8910
12784;71,5230;5,7920
12785;71,4240;5,8180
12786;71,4130;5,8020
12787;71,5280;5,8520
12788;71,4920;5,8440
12789;71,4520;5,7760
12790;71,3870;5,8130
12791;71,4810;5,8040
12792;71,4480;5,8240
12793;71,3900;5,8170
12794;71,3630;5,8400
12795;71,4560;5,8150
12796;71,4620;5,8130
12797;71,5080;5,7910
12798;71,3650;5,8310
12799;71,3730;5,8090
12800;71,4490;5,8540
12801;71,3450;5,8780
12802;71,3740;5,7720
12803;71,5540;5,8130
12804;71,5060;5,8280
12805;71,4070;5,8460
12806;71,6120;5,9030
12807;71,4820;5,7800
12808;71,5020;5,8250
12809;71,3780;5,8270
12810;71,3710;5,8340
12811;71,4500;5,8250
12812;71,4720;5,8150
12813;71,5200;5,8280
12814;71,4840;5,9280
12815;71,4910;5,8120
12816;71,3560;5,8070
12817;71,4680;5,8250
12818;71,3680;5,8240
12819;71,5600;5,7940
12820;71,5060;5,8170
12821;71,3970;5,8080
12822;71,3600;5,9020
12823;71,4140;5,7940
12824;71,5100;5,7940
12825;71,4460;5,8030
12826;71,4470;5,7990
12827;71,4690;5,8300
12828;71,4600;5,8010
12829;71,4070;5,8630
12830;71,4610;5,8400
12831;71,3610;5,8190
12832;71,5820;5,7850
12833;71,4450;5,9140
12834;71,4840;5,8240
12835;71,4050;5,8310
12836;71,3730;5,8570
12837;71,4560;5,8310
12838;71,4660;5,8180
12839;71,4360;5,8020
12840;71,2420;5,7920
12841;71,4090;5,8070
12842;71,5030;5,8490
12843;71,3310;5,8550
12844;71,4410;5,8660
12845;71,4760;5,8410
12846;71,4460;5,7790
12847;71,4300;5,8090
12848;71,4590;5,8410
12849;71,4560;5,8110
12850;71,5400;5,8220
12851;71,4100;5,8150
12852;71,4220;5,8550
12853;71,4120;5,8280
12854;71,4610;5,8250
12855;71,4110;5,7880
12856;71,4100;5,8060
12857;71,5150;5,8690
12858;71,4280;5,8140
12859;71,4970;5,8240
12860;71,4580;5,7990
12861;71,4590;5,8720
12862;71,4590;5,8700
12863;71,4770;5,9930
12864;71,4830;5,8910
12865;71,5040;5,8600
12866;71,3920;5,8710
12867;71,5130;5,8480
12868;71,4700;5,8000
12869;71,4750;5,8280
12870;71,4850;5,8350
12871;71,5160;5,8060
12872;71,4620;5,8210
12873;71,4190;5,8210
12874;71,4830;5,8350
12875;71,4830;5,8020
12876;71,3410;5,7710
12877;71,6090;5,8520
12878;71,4710;5,9200
12879;71,3770;5,8290
12880;71,4820;5,8290
12881;71,4270;5,7840
12882;71,4470;5,8140
12883;71,3870;5,8460
12884;71,4280;5,7870
12885;71,4310;5,8120
12886;71,4670;5,8260
12887;71,4650;5,8730
12888;71,4280;5,8130
12889;71,4620;5,8100
12890;71,4130;5,8050
12891;71,4380;5,8590
12892;71,4510;5,8880
12893;71,5050;5,8120
12894;71,4490;5,8520
12895;71,5600;5,7750
12896;71,3640;5,8630
12897;71,5020;5,8320
12898;71,4440;5,8070
12899;71,4040;5,8290
12900;71,3710;5,8360
12901;71,5360;5,8000
12902;71,3940;5,8170
12903;71,4420;5,8210
12904;71,4290;5,7850
12905;71,4370;5,8540
12906;71,4320;5,8300
12907;71,4260;5,8200
12908;71,4840;5,8400
12909;71,4410;5,7810
12910;71,3930;5,8240
12911;71,4480;5,8340
12912;71,4210;5,8280
12913;71,3630;5,8380
12914;71,4580;5,8440
12915;71,4890;5,8350
12916;71,3890;5,8680
12917;71,4990;5,8600
12918;71,3780;5,8490
12919;71,4970;5,8450
12920;71,4380;5,8390
12921;71,5150;5,7900
12922;71,5180;5,8110
12923;71,5220;5,8080
12924;71,4280;5,8070
12925;71,4660;5,7750
12926;71,4140;5,8550
12927;71,4370;5,8020
12928;71,5420;5,8340
12929;71,4530;5,8190
12930;71,4070;5,8370
12931;71,4790;5,8270
12932;71,5540;5,8350
12933;71,4320;5,8440
12934;71,2710;5,8300
12935;71,4860;5,7980
12936;71,4840;5,8740
12937;71,3960;5,8050
12938;71,4010;5,8160
12939;71,4490;5,7910
12940;71,4730;5,8140
12941;71,4080;5,8410
12942;71,4010;5,8120
12943;71,5870;5,8240
12944;71,5120;5,8430
12945;71,3840;5,8340
12946;71,5330;5,8600
12947;71,4240;5,8270
12948;71,5000;5,8090
12949;71,4800;5,8290
12950;71,4290;5,8030
12951;71,4290;5,8060
12952;71,4000;5,8020
12953;71,5750;5,8100
12954;71,4790;5,8200
12955;71,2880;5,8170
12956;71,5540;5,8320
12957;71,5190;5,8130
12958;71,5400;5,8280
12959;71,5370;5,8520
12960;71,4910;5,8260
12961;71,3890;5,7950
12962;71,3620;5,8490
12963;71,4690;5,8110
12964;71,5240;5,8100
12965;71,4500;5,8040
12966;71,5210;5,8120
12967;71,4330;5,8290
12968;71,4990;5,8500
12969;71,3830;5,8200
12970;71,5230;5,8030
12971;71,4770;5,8130
12972;71,3910;5,8230
12973;71,4580;5,8130
12974;71,3740;5,8180
12975;71,4150;5,8040
12976;71,4290;5,7960
12977;71,4920;5,8260
12978;71,5020;5,8610
12979;71,3840;5,8220
12980;71,3610;5,8310
12981;71,4790;5,8110
12982;71,5060;5,8000
12983;71,4680;5,8470
12984;71,5540;5,8120
12985;71,5000;5,8220
12986;71,4270;5,8150
12987;71,5700;5,8210
12988;71,3520;5,8370
12989;71,4230;5,7940
12990;71,4380;5,8360
12991;71,5200;5,8160
12992;71,5230;5,8180
12993;71,4820;5,8670
12994;71,4770;5,8220
12995;71,4640;5,8390
12996;71,3880;5,8300
12997;71,5270;5,8790
12998;71,3600;5,8170
12999;71,4750;5,7860
13000;71,3790;5,7900
13001;71,4320;5,8350
13002;71,4840;5,8620
13003;71,3840;5,8680
13004;71,3880;5,8150
13005;71,5050;5,7950
13006;71,4890;5,8240
13007;71,4670;5,7890
13008;71,4890;5,8260
13009;71,4670;5,8770
13010;71,3790;5,8450
13011;71,3920;5,8010
13012;71,3510;5,8210
13013;71,3890;5,8600
13014;71,4810;5,8820
13015;71,4820;5,8140
13016;71,4630;5,8150
13017;71,3520;5,9050
13018;71,4100;5,8160
13019;71,4730;5,8360
13020;71,4630;5,7900
13021;71,5110;5,8060
13022;71,4700;5,8090
13023;71,4370;5,8210
13024;71,3870;5,8140
13025;71,5310;5,8090
13026;71,5690;5,7860
13027;71,4520;5,8640
13028;71,4700;5,8270
13029;71,5070;5,8590
13030;71,3340;5,8540
13031;71,4840;5,8160
13032;71,4690;5,8350
13033;71,4780;5,8730
13034;71,4330;5,8250
13035;71,4350;5,8420
13036;71,5250;5,8310
13037;71,4990;5,7970
13038;71,4190;5,7980
13039;71,4720;5,8120
13040;71,5310;5,8280
13041;71,4450;5,8130
13042;71,4550;5,8280
13043;71,2540;5,8000
13044;71,4380;5,8290
13045;71,4690;5,8340
13046;71,4550;5,8330
13047;71,4830;5,8060
13048;71,4910;5,8560
13049;71,4270;5,7940
13050;71,4610;5,8410
13051;71,4980;5,7520
13052;71,3560;5,8110
13053;71,4230;5,8390
13054;71,4690;5,7980
13055;71,5050;5,8460
13056;71,4600;5,8060
13057;71,3780;5,8010
13058;71,2990;5,8040
13059;71,4340;5,8170
13060;71,4110;5,8060
13061;71,4380;5,8320
13062;71,4510;5,8220
13063;71,4640;5,8430
13064;71,4890;5,8130
13065;71,4600;5,8120
13066;71,4140;5,8040
13067;71,5570;5,8070
13068;71,4630;5,7880
13069;71,4490;5,8500
13070;71,4920;5,8370
13071;71,4690;5,8300
13072;71,3210;5,8420
13073;71,4670;5,8000
13074;71,4130;5,8380
13075;71,4040;5,9070
13076;71,4040;5,7400
13077;71,4520;5,9080
13078;71,4630;5,8370
13079;71,4970;5,8330
13080;71,4240;5,8150
13081;71,4040;5,8160
13082;71,3430;5,8240
13083;71,5140;5,8750
13084;71,5260;5,8240
13085;71,3700;5,8430
13086;71,4940;5,8300
13087;71,4840;5,8000
13088;71,4710;5,8090
13089;71,4620;5,8290
13090;71,4980;5,8110
13091;71,4180;5,8190
13092;71,4640;5,8480
13093;71,4850;5,8460
13094;71,4930;5,9270
13095;71,4390;5,8250
13096;71,3710;5,7940
13097;71,4360;5,7800
13098;71,4470;5,8100
13099;71,4790;5,8240
13100;71,4960;5,8510
13101;71,4720;5,8390
13102;71,4640;5,8420
13103;71,4860;5,8560
13104;71,4080;5,8310
13105;71,5070;5,8360
13106;71,3630;5,8930
13107;71,4780;5,8530
13108;71,4380;5,8270
13109;71,4690;5,8470
13110;71,4550;5,8480
13111;71,3990;5,8330
13112;71,4470;5,8100
13113;71,4530;5,7970
13114;71,4480;5,8530
13115;71,5720;5,8260
13116;71,4140;5,8140
13117;71,4890;5,8580
13118;71,5230;5,8280
13119;71,4920;5,7950
13120;71,3580;5,8030
13121;71,4290;5,8250
13122;71,4270;5,8350
13123;71,4900;5,7880
13124;71,4010;5,8110
13125;71,5690;5,8580
13126;71,4120;5,8280
13127;71,3440;5,7890
13128;71,4230;5,8170
13129;71,3970;5,7950
13130;71,4580;5,8270
13131;71,5120;5,9290
13132;71,4190;5,8310
13133;71,4480;5,8540
13134;71,3720;5,8070
13135;71,4160;5,8450
13136;71,4830;5,8350
13137;71,5010;5,8280
13138;71,4490;5,8090
13139;72,1120;5,8540
13140;71,4200;5,8200
13141;71,5710;5,8240
13142;71,5390;5,8490
13143;71,4610;5,8090
13144;71,5210;5,8330
13145;71,4520;5,8160
13146;71,5400;5,8330
13147;71,4160;5,8270
13148;71,3900;5,8080
13149;71,4990;5,9390
13150;71,4730;5,8330
13151;71,3760;5,8280
13152;71,4770;5,8300
13153;71,4270;5,8580
13154;71,4620;5,7790
13155;71,5510;5,7990
13156;71,5270;5,8000
13157;71,3240;5,8470
13158;71,4640;5,8310
13159;71,2780;5,8510
13160;71,4130;5,8320
13161;71,5170;5,8530
13162;71,3740;5,8660
13163;71,4060;5,8350
13164;71,4890;5,8460
13165;71,3910;5,8280
13166;71,4500;5,8230
13167;71,4170;5,8140
13168;71,4600;5,7470
13169;71,4880;5,8330
13170;71,3800;5,8000
13171;71,3990;5,8380
13172;71,5140;5,8390
13173;71,4370;5,8310
13174;71,5450;5,8070
13175;71,5200;5,8230
13176;71,4130;5,8180
13177;71,4450;5,8980
13178;71,5170;5,7910
13179;71,1880;5,8090
13180;71,3900;5,8390
13181;71,5430;5,8390
13182;71,4590;5,8220
13183;71,5030;5,8350
13184;71,4370;5,8090
13185;71,4320;5,8010
13186;71,4640;5,8440
13187;71,4640;5,8640
13188;71,3610;5,8410
13189;71,4060;5,8020
13190;71,4800;5,8070
13191;71,4780;5,8350
13192;71,4960;5,8190
13193;71,5440;5,8110
13194;70,6890;5,8520
13195;71,4070;5,8200
13196;71,4450;5,8910
13197;71,4440;5,8010
13198;71,4700;5,8350
13199;71,5360;5,8110
13200;71,4120;5,8330
13201;71,3420;5,8230
13202;71,4520;5,8180
13203;71,5660;5,8890
13204;71,5300;5,8240
13205;71,4480;5,8500
13206;71,3810;5,8200
13207;71,4030;5,8360
13208;71,4880;5,8030
13209;71,5050;5,8190
13210;71,4180;5,8120
13211;71,3970;5,8260
13212;71,4710;5,7820
13213;71,4320;5,8140
13214;71,3750;5,8130
13215;71,4780;5,8970
13216;71,3980;5,8070
13217;71,4270;5,9210
13218;71,4200;5,7940
13219;71,4860;5,8420
13220;71,5550;5,8160
13221;71,3590;5,8130
13222;71,4020;5,7060
13223;71,4560;5,8140
13224;71,4030;5,8770
13225;71,4430;5,8510
13226;71,4780;5,7930
13227;71,4470;5,8220
13228;71,5330;5,8400
13229;71,3690;5,8300
13230;71,3990;5,8240
13231;71,5360;5,8230
13232;71,4390;5,8450
13233;71,5240;5,8420
13234;71,4300;5,8070
13235;71,5130;5,8310
13236;71,3430;5,8240
13237;71,3970;5,8450
13238;71,4090;5,8100
13239;71,4880;5,8070
13240;71,4370;5,8260
13241;71,4770;5,8390
13242;71,4800;5,7880
13243;71,4620;5,7850
13244;71,3970;5,9130
13245;71,5030;5,8250
13246;71,5070;5,8160
13247;71,2880;5,8150
13248;71,4690;5,8130
13249;71,4690;5,7860
13250;71,4770;5,8440
13251;71,4590;5,8570
13252;71,4610;5,8100
13253;71,5060;5,8710
13254;71,4070;5,7960
13255;71,4440;5,8000
13256;71,4600;5,7910
13257;71,5110;5,8570
13258;71,3550;5,8740
13259;71,4380;5,7910
13260;71,4110;5,7920
13261;71,5030;5,9220
13262;71,4720;5,8010
13263;71,4220;5,8330
13264;71,4700;5,8510
13265;71,4150;5,8430
13266;71,4270;5,8190
13267;71,4620;5,7890
13268;71,4640;5,8090
13269;71,4000;5,8210
13270;71,4570;5,8310
13271;71,5370;5,8290
13272;71,5090;5,8100
13273;71,3230;5,8290
13274;71,4450;5,8330
13275;71,5280;5,7920
13276;71,4730;5,8170
13277;71,4050;5,8040
13278;71,5580;5,8330
13279;71,3840;5,8400
13280;71,4770;5,8260
13281;71,4500;5,8140
13282;71,3720;5,8340
13283;71,4750;5,8100
13284;71,4580;5,9610
13285;71,3500;5,8920
13286;71,3800;5,8840
13287;71,4150;5,7960
13288;71,4430;5,9340
13289;71,4120;5,8350
13290;71,3440;5,8090
13291;71,4090;5,8460
13292;71,4940;5,8250
13293;71,4970;5,8040
13294;71,5080;5,8760
13295;71,4720;5,8220
13296;71,3650;5,8090
13297;71,4840;5,8010
13298;71,5840;5,8340
13299;71,5180;5,8310
13300;71,4240;5,8100
13301;71,4400;5,8210
13302;71,5680;5,7500
13303;71,4530;5,8540
13304;71,4220;5,8090
13305;71,5030;5,8090
13306;71,2810;5,8520
13307;71,4980;5,8430
13308;71,4030;5,8520
13309;71,4210;5,7920
13310;71,4420;5,8560
13311;71,4380;5,7970
13312;71,3450;5,8140
13313;71,3530;5,8330
13314;71,5120;5,8510
13315;71,4170;5,8140
13316;71,3700;5,8200
13317;71,3570;5,8390
13318;71,5280;5,8840
13319;71,3810;5,8290
13320;71,4650;5,8070
13321;71,5210;5,8180
13322;71,4370;5,7900
13323;71,4500;5,8320
13324;71,4730;5,8620
13325;71,4030;5,8160
13326;71,4660;5,8060
13327;71,4260;5,8490
13328;71,3240;5,7850
13329;71,4520;5,8380
13330;71,4350;5,8430
13331;71,4610;5,8050
13332;71,5740;5,8200
13333;71,4500;5,8310
13334;71,4080;5,8280
13335;71,3810;5,8370
13336;71,3510;5,8110
13337;71,5090;5,8150
13338;71,3850;5,8130
13339;71,4310;5,8660
13340;71,4380;5,8410
13341;71,3600;5,7910
13342;71,4770;5,8480
13343;71,4560;5,8260
13344;71,4980;5,8250
13345;71,4450;5,8200
13346;71,3060;5,8880
13347;71,3970;5,8030
13348;71,4990;5,8140
13349;71,4860;5,8420
13350;71,3970;5,8490
13351;71,4640;5,8450
13352;71,3650;5,8060
13353;71,3720;5,7980
13354;71,4000;5,8570
13355;71,4180;5,8210
13356;71,4430;5,8100
13357;71,3640;5,8550
13358;71,4990;5,8170
13359;71,3910;5,8030
13360;71,4680;5,8180
13361;71,3570;5,8350
13362;71,4790;5,8260
13363;71,3950;5,8450
13364;71,4140;5,8480
13365;71,4480;5,8360
13366;71,3950;5,8510
13367;71,4580;5,8150
13368;71,5090;5,8430
13369;71,4090;5,7890
13370;71,3510;5,7700
13371;71,4410;5,8220
13372;71,3130;5,8540
13373;71,4570;5,8340
13374;71,3330;5,8330
13375;71,3330;5,8320
13376;71,4680;5,8030
13377;71,4710;5,8250
13378;71,4230;5,8420
13379;71,4880;5,8110
13380;71,4880;5,8140
13381;71,3340;5,7940
13382;71,3350;5,8470
13383;71,4750;5,8320
13384;71,4400;5,8380
13385;71,4280;5,8300
13386;71,4090;5,8230
13387;71,3630;5,8630
13388;71,4780;5,8670
13389;71,4470;5,8500
13390;71,4490;5,7960
13391;71,4170;5,8100
13392;71,4020;5,8060
13393;71,4410;5,8280
13394;71,4160;5,8220
13395;71,3610;5,8670
13396;71,4810;5,9140
13397;71,5130;5,8140
13398;71,4670;5,8260
13399;71,3790;5,8450
13400;71,4460;5,8330
13401;71,4240;5,8590
13402;71,4610;5,8260
13403;71,4470;5,8340
13404;71,3560;5,8180
13405;71,5470;5,8610
13406;71,4650;5,7410
13407;71,4310;5,9160
13408;71,4530;5,8160
13409;71,4520;5,8050
13410;71,4670;5,8480
13411;71,4950;5,8310
13412;71,4910;5,8090
13413;71,4190;5,8260
13414;71,3690;5,7940
13415;71,3970;5,8370
13416;71,4980;5,8200
13417;71,4560;5,8310
13418;71,4180;5,8250
13419;71,4830;5,8710
13420;71,4500;5,8270
13421;71,4230;5,8170
13422;71,4230;5,8200
13423;71,3850;5,7950
13424;71,4790;5,8170
13425;71,4890;5,8210
13426;71,5140;5,8500
13427;71,4520;5,8070
13428;71,4090;5,8330
13429;71,4530;5,8310
13430;71,4190;5,8500
13431;71,4680;5,8020
13432;71,4710;5,8190
13433;71,3480;5,8190
13434;71,5230;5,8020
13435;71,3800;5,8420
13436;71,3810;5,8220
13437;71,4780;5,8050
13438;71,5020;5,7980
13439;71,4240;5,8420
13440;71,4480;5,8620
13441;71,4680;5,8240
13442;71,4000;5,9510
13443;71,4810;5,8460
13444;71,4300;5,8020
13445;71,3600;5,8540
13446;71,5020;5,8140
13447;71,3980;5,8180
13448;71,4530;5,8270
13449;71,5300;5,8180
13450;71,3190;5,8000
13451;71,4490;5,7940
13452;71,4730;5,8680
13453;71,4820;5,9200
13454;71,5520;5,6700
13455;71,4540;5,8050
13456;71,5570;5,8240
13457;71,5090;5,8060
13458;71,5930;5,8700
13459;71,5260;5,8310
13460;71,5990;5,8110
13461;71,5530;5,7910
13462;71,4950;5,8060
13463;71,4730;5,8190
13464;71,5540;5,8220
13465;71,4750;5,7930
13466;71,5070;5,8070
13467;71,5300;5,8860
13468;71,4730;5,8650
13469;71,5500;5,8260
13470;71,5360;5,8330
13471;71,4690;5,7990
13472;71,4570;5,8210
13473;71,5010;5,8030
13474;71,5120;5,8180
13475;71,4260;5,8230
13476;71,5410;5,8440
13477;71,4890;5,8770
13478;71,4350;5,8550
13479;71,4030;5,8260
13480;71,4780;5,8210
13481;71,5050;5,8040
13482;71,4520;5,8100
13483;71,4100;5,8150
13484;71,3880;5,8080
13485;71,4360;5,8140
13486;71,4510;5,8230
13487;71,5280;5,8490
13488;71,5190;5,8210
13489;71,4280;5,7770
13490;71,6530;5,9070
13491;71,5320;5,7790
13492;71,4460;5,8060
13493;71,4220;5,8530
13494;71,5450;5,8400
13495;71,4310;5,8250
13496;71,4460;5,7690
13497;71,4720;5,8540
13498;71,5170;5,8420
13499;71,4050;5,8360
13500;71,4440;5,8240
13501;71,5480;5,8080
13502;71,4190;5,8770
13503;71,4910;5,8490
13504;71,5440;5,8180
13505;71,4770;5,8720
13506;71,5190;5,8170
13507;71,4660;5,8500
13508;71,5480;5,7930
13509;71,5190;5,8370
13510;71,5370;5,8020
13511;71,4200;5,8480
13512;71,4780;5,8620
13513;71,4430;5,7840
13514;71,5360;5,8250
13515;71,4410;5,8340
13516;71,4580;5,8680
13517;71,3200;5,7840
13518;71,4970;5,7990
13519;71,4600;5,8020
13520;71,5290;5,8430
13521;71,3750;5,8440
13522;71,4980;5,8650
13523;71,4450;5,8030
13524;71,4660;5,8420
13525;71,4230;5,8440
13526;71,5340;5,8090
13527;71,4260;5,7980
13528;71,4330;5,7990
13529;71,4760;5,8020
13530;71,5060;5,8340
13531;71,4830;5,7900
13532;71,3740;5,7970
13533;71,5040;5,8390
13534;71,4650;5,8290
13535;71,4820;5,8240
13536;71,4460;5,7760
13537;71,4370;5,8100
13538;71,3290;5,8550
13539;71,5380;5,8100
13540;71,5240;5,8250
13541;71,4200;5,9290
13542;71,4370;5,8490
13543;71,5340;5,8180
13544;71,4690;5,8180
13545;71,4680;5,7900
13546;71,4810;5,8230
13547;71,5100;5,8620
13548;71,4920;5,8060
13549;71,5000;5,8110
13550;71,5280;5,8090
13551;71,5320;5,7930
13552;71,4460;5,8320
13553;71,4000;5,8490
13554;71,5400;5,8010
13555;71,5400;5,8410
13556;71,5280;5,7960
13557;71,4360;5,8660
13558;71,4650;5,8090
13559;71,5310;5,8490
13560;71,4790;5,8170
13561;71,3980;5,8270
13562;71,3740;5,8070
13563;71,4500;5,8360
13564;71,4710;5,8220
13565;71,3850;5,8580
13566;71,5220;5,7710
13567;71,5690;5,7930
13568;71,4500;5,8040
13569;71,5230;5,8090
13570;71,4780;5,7970
13571;71,3860;5,8190
13572;71,5170;5,8380
13573;71,4360;5,8570
13574;71,4150;5,7930
13575;71,5520;5,7920
13576;71,3180;5,8300
13577;71,4130;5,8280
13578;71,4650;5,8160
13579;71,4880;5,8820
13580;71,5710;5,8100
13581;71,5020;5,8560
13582;71,5230;5,8000
13583;71,4200;5,8050
13584;71,5000;5,8180
13585;71,4710;5,8170
13586;71,6160;5,7950
13587;71,4350;5,8320
13588;71,4430;5,8370
13589;71,5120;5,8140
13590;71,5030;5,8460
13591;71,4000;5,8220
13592;71,4400;5,8070
13593;71,4780;5,7890
13594;71,4650;5,8650
13595;71,4110;5,8090
13596;71,4820;5,8140
13597;71,5740;5,8600
13598;71,4860;5,8390
13599;71,4400;5,8190
13600;71,3840;5,8290
13601;71,4580;5,8170
13602;71,4070;5,8300
13603;71,4250;5,8430
13604;71,4170;5,8340
13605;71,4320;5,8110
13606;71,4480;5,9890
13607;71,4340;5,7590
13608;71,4580;5,8650
13609;71,3750;5,8390
13610;71,4210;5,8310
13611;71,5890;5,8130
13612;71,3750;5,8110
13613;71,5010;5,8600
13614;71,5240;5,8350
13615;71,5260;5,8400
13616;71,4390;5,8170
13617;71,5390;5,8110
13618;71,4730;5,8040
13619;71,5450;5,8210
13620;71,5080;5,8250
13621;71,4780;5,8140
13622;71,5720;5,8680
13623;71,3490;5,7970
13624;71,4130;5,7950
13625;71,5530;5,9000
13626;71,4740;5,8130
13627;71,5080;5,8060
13628;71,5250;5,7850
13629;71,5210;5,8210
13630;71,3870;5,8400
13631;71,4510;5,8220
13632;71,3870;5,8190
13633;71,5820;5,8220
13634;71,5050;5,8380
13635;71,5890;5,8040
13636;71,4260;5,8220
13637;71,4270;5,8540
13638;71,5300;5,8700
13639;71,3970;5,8070
13640;71,4050;5,8140
13641;71,5710;5,8130
13642;71,4160;5,8560
13643;71,4010;5,8500
13644;71,4990;5,8300
13645;71,4850;5,8330
13646;71,4790;5,8160
13647;71,4180;5,8330
13648;71,4770;5,8300
13649;71,4390;5,8480
13650;71,5580;5,8080
13651;71,4690;5,8360
13652;71,4130;5,8130
13653;71,4890;5,8210
13654;71,4300;5,8420
13655;71,5360;5,8250
13656;71,5010;5,8790
13657;71,4490;5,7950
13658;71,5300;5,8650
13659;71,3690;5,8740
13660;71,4500;5,8420
13661;71,4250;5,8060
13662;71,5110;5,7970
13663;71,3380;5,8090
13664;71,5020;5,8600
13665;71,3980;5,8170
13666;71,4720;5,8240
13667;71,4610;5,8420
13668;71,5390;5,8520
13669;71,4750;5,8880
13670;71,4070;5,8020
13671;71,4140;5,8460
13672;71,4000;5,7900
13673;71,5290;5,8450
13674;71,3850;5,8280
13675;71,5910;5,8430
13676;71,4620;5,8010
13677;71,3960;5,8030
13678;71,4850;5,8310
13679;71,4690;5,8160
13680;71,4740;5,8060
13681;71,4810;5,8400
13682;71,4710;5,8180
13683;71,4830;5,8440
13684;71,4540;5,7890
13685;71,5240;5,7970
13686;71,4250;5,8100
13687;71,4050;5,7990
13688;71,5010;5,8290
13689;71,4370;5,8160
13690;71,5590;5,8370
13691;71,4470;5,8420
13692;71,4200;5,7960
13693;71,3610;5,7980
13694;71,2160;5,8560
13695;71,4540;5,7860
13696;71,6030;5,9180
13697;71,4590;5,8240
13698;71,4330;5,8270
13699;71,4590;5,7920
13700;71,4800;5,8140
13701;71,4920;5,9100
13702;71,4880;5,8600
13703;71,5160;5,8210
13704;71,4110;5,8290
13705;71,3440;5,8400
13706;71,4530;5,8120
13707;71,3980;5,8270
13708;71,5090;5,8020
13709;71,3460;5,8150
13710;71,4640;5,8330
13711;71,4400;5,8110
13712;71,4210;5,8110
13713;71,5940;5,8870
13714;71,4650;5,9070
13715;71,4850;5,8360
13716;71,4910;5,8340
13717;71,4460;5,8170
13718;71,4680;5,8150
13719;71,5020;5,7770
13720;71,4570;5,8730
13721;71,4480;5,8510
13722;71,4940;5,8040
13723;71,3630;5,8440
13724;71,6030;5,8260
13725;71,5060;5,8230
13726;71,5330;5,8220
13727;71,5530;5,8320
13728;71,5290;5,8750
13729;71,4900;5,7890
13730;71,5730;5,8020
13731;71,4740;5,8110
13732;71,3740;5,8330
13733;71,4550;5,8160
13734;71,5170;5,8750
13735;71,4640;5,8280
13736;71,4630;5,8630
13737;71,4560;5,8380
13738;71,5040;5,8160
13739;71,3700;5,8480
13740;71,5480;5,8370
13741;71,4750;5,8260
13742;71,5090;5,8300
13743;71,5480;5,8170
13744;71,5140;5,8140
13745;71,4940;5,8070
13746;71,5360;5,8300
13747;71,4400;5,8600
13748;71,3480;5,8330
13749;71,3360;5,7990
13750;71,5290;5,8000
13751;71,3860;5,8530
13752;71,4500;5,8320
13753;71,5110;5,8250
13754;71,5050;5,7830
13755;71,4550;5,7960
13756;71,5020;5,8140
13757;71,4290;5,7910
13758;71,4570;5,7760
13759;71,5080;5,8300
13760;71,4860;5,8360
13761;71,4840;5,8160
13762;71,4200;5,8270
13763;71,3990;5,8110
13764;71,4390;5,8060
13765;71,4750;5,8120
13766;71,4550;5,8080
13767;71,5720;5,8260
13768;71,5080;5,9250
13769;71,4710;5,8230
13770;71,5040;5,8260
13771;71,4780;5,8210
13772;71,4150;5,8110
13773;71,4970;5,8380
13774;71,4760;5,8520
13775;71,5290;5,8210
13776;71,3650;5,8640
13777;71,4360;5,8140
13778;71,4650;5,8330
13779;71,5210;5,8540
13780;71,4650;5,8550
13781;71,4540;5,8110
13782;71,6850;5,8350
13783;71,5060;5,8420
13784;71,3540;5,8380
13785;71,4660;5,8530
13786;71,5690;5,8470
13787;71,4440;5,8950
13788;71,4570;5,8100
13789;71,3720;5,8010
13790;71,5060;5,8380
13791;71,4960;5,8260
13792;71,4620;5,8170
13793;71,4000;5,7360
13794;71,4500;5,8260
13795;71,5710;5,8190
13796;71,4590;5,8170
13797;71,5170;5,8370
13798;71,4440;5,8120
13799;71,5120;5,8080
13800;71,4880;5,8060
13801;71,4390;5,8430
13802;71,5060;5,8080
13803;71,4300;5,8860
13804;71,4060;5,8680
13805;71,4380;5,8290
13806;71,4630;5,8260
13807;71,4590;5,8180
13808;71,4760;5,8480
13809;71,4000;5,8410
13810;71,4350;5,8000
13811;71,5150;5,8500
13812;71,3200;5,8180
13813;71,4470;5,8240
13814;71,4330;5,8310
13815;71,4230;5,8570
13816;71,5010;5,8560
13817;71,4670;5,8110
13818;71,5290;5,8260
13819;71,4170;5,8650
13820;71,4840;5,8030
13821;71,5120;5,8360
13822;71,5030;5,8540
13823;71,5080;5,8040
13824;71,4440;5,8400
13825;71,4460;5,8260
13826;71,4520;5,8080
13827;71,4360;5,8190
13828;71,3930;5,8690
13829;71,5060;5,8020
13830;71,4800;5,8100
13831;71,4540;5,8110
13832;71,5960;5,7860
13833;71,3880;5,7910
13834;71,4530;5,8190
13835;71,5180;5,8450
13836;71,5460;5,8410
13837;71,4010;5,8170
13838;71,5250;5,8270
13839;71,3780;5,8230
13840;71,3950;5,8360
13841;71,4960;5,8210
13842;71,3820;5,7700
13843;71,4390;5,7980
13844;71,4070;5,8230
13845;71,4910;5,8130
13846;71,5070;5,8590
13847;71,4680;5,8160
13848;71,4640;5,8330
13849;71,5120;5,8330
13850;71,5530;5,8360
13851;71,4190;5,8510
13852;71,3890;5,8200
13853;71,4680;5,8590
13854;71,4150;5,8430
13855;71,2450;5,8600
13856;71,4270;5,8160
13857;71,4510;5,8660
13858;71,4450;5,8170
13859;71,5860;5,8580
13860;71,5000;5,8400
13861;71,4130;5,8410
13862;71,5260;5,9190
13863;71,5720;5,8160
13864;71,3860;5,7980
13865;71,4700;5,8010
13866;71,4690;5,8300
13867;71,5300;5,8010
13868;71,4900;5,8400
13869;71,5040;5,7750
13870;71,4610;5,8480
13871;71,4900;5,8260
13872;71,5290;5,8610
13873;71,5000;5,8290
13874;71,3230;5,8170
13875;71,5180;5,8290
13876;71,4710;5,7610
13877;71,4570;5,8400
13878;71,6090;5,8180
13879;71,5010;5,8820
13880;71,4820;5,8210
13881;71,3720;5,8600
13882;71,4140;5,8490
13883;71,4990;5,8040
13884;71,8940;5,8570
13885;71,4410;5,8520
13886;71,4120;5,8160
13887;71,4390;5,8270
13888;71,4630;5,8520
13889;71,5250;5,8260
13890;71,5390;5,8050
13891;71,3830;5,8050
13892;71,4770;5,8080
13893;71,4670;5,8340
13894;71,4140;5,8040
13895;71,4650;5,8140
13896;71,4610;5,8290
13897;71,4290;5,8310
13898;71,4150;5,8750
13899;71,4140;5,8540
13900;71,5080;5,8110
13901;71,4470;5,8550
13902;71,5140;5,8050
13903;71,4790;5,7970
13904;71,5020;5,7780
13905;71,4420;5,7990
13906;71,4540;5,8240
13907;71,3820;5,8120
13908;71,4870;5,8170
13909;71,5020;5,8230
13910;71,5050;5,8350
13911;71,3980;5,8410
13912;71,4710;5,7950
13913;71,5100;5,8310
13914;71,5190;5,7970
13915;71,5030;5,8350
13916;71,3730;5,8260
13917;71,4620;5,8030
13918;71,5190;5,8480
13919;71,4390;5,8250
13920;71,5190;5,8550
13921;71,4900;5,8430
13922;71,4550;5,8290
13923;71,4490;5,8460
13924;71,4440;5,8360
13925;71,4220;5,8090
13926;71,5600;5,8430
13927;71,5790;5,8290
13928;71,4740;5,8240
13929;71,4150;5,8630
13930;71,3900;5,8210
13931;71,4270;5,8290
13932;71,3960;5,8310
13933;71,4340;5,7940
13934;71,5530;5,8170
13935;71,5520;5,8320
13936;71,4480;5,8400
13937;71,4800;5,8230
13938;71,4700;5,8650
13939;71,5140;5,8770
13940;71,5010;5,8090
13941;71,3880;5,8180
13942;71,4120;5,8150
13943;71,4370;5,8190
13944;71,4710;5,8270
13945;71,5540;5,8060
13946;71,3890;5,8740
13947;71,5470;5,8100
13948;71,4060;5,8070
13949;71,5140;5,8240
13950;71,4990;5,7920
13951;71,5200;5,8250
13952;71,4230;5,8030
13953;71,4700;5,8270
13954;71,3690;5,8940
13955;71,4340;5,9600
13956;71,3930;5,8410
13957;71,4730;5,8060
13958;71,4740;5,8180
13959;71,5590;5,8560
13960;71,5740;5,8000
13961;71,4530;5,7230
13962;71,4700;5,8280
13963;71,4590;5,8290
13964;71,4850;5,8510
13965;71,4430;5,8490
13966;71,6010;5,7970
13967;71,5460;5,8620
13968;71,5050;5,8480
13969;71,4870;5,8150
13970;71,5140;5,7880
13971;71,4920;5,8100
13972;71,4350;5,8190
13973;71,5170;5,8700
13974;71,5100;5,8920
13975;71,3970;5,8170
13976;71,4290;5,8370
13977;71,4040;5,8390
13978;71,5500;5,8420
13979;71,4980;5,8150
13980;71,4140;5,8260
13981;71,5060;5,8630
13982;71,6000;5,8270
13983;71,3900;5,8030
13984;71,5420;5,8150
13985;71,4150;5,8420
13986;71,4500;5,7830
13987;71,4660;5,7870
13988;71,3140;5,8150
13989;71,3760;5,8170
13990;71,5250;5,8030
13991;71,4790;5,8100
13992;71,4440;5,8140
13993;71,4850;5,8340
13994;71,4490;5,8270
13995;71,5230;5,8220
13996;71,4450;5,8190
13997;71,5060;5,8490
13998;71,4340;5,8060
13999;71,4330;5,8210
14000;71,5540;5,8140
14001;71,4850;5,8270
14002;71,2830;5,8200
14003;71,3380;5,8460
14004;71,6030;5,8260
14005;71,4870;5,8440
14006;71,5860;5,8240
14007;71,4300;5,8400
14008;71,5580;5,8240
14009;71,5720;5,9100
14010;71,3620;5,9720
14011;71,4690;5,8470
14012;71,5100;5,8430
14013;71,5630;5,8040
14014;71,3990;5,8160
14015;71,4360;5,8460
14016;71,4980;5,8360
14017;71,4110;5,8360
14018;71,4500;5,7870
14019;71,4550;5,8140
14020;71,4580;5,8530
14021;71,5000;5,8450
14022;71,4780;5,8040
14023;71,4740;5,8380
14024;71,5400;5,8390
14025;71,3970;5,7800
14026;71,4450;5,8320
14027;71,4420;5,8140
14028;71,5330;5,8130
14029;71,4970;5,8550
14030;71,4830;5,7980
14031;71,4550;5,8290
14032;71,4170;5,7990
14033;71,5160;5,8350
14034;71,3140;5,8480
14035;71,4410;5,7650
14036;71,4080;5,8140
14037;71,5200;5,9660
14038;71,5150;5,7660
14039;71,5130;5,8420
14040;71,2800;5,7850
14041;71,4820;5,8130
14042;71,3640;5,8290
14043;71,4410;5,7880
14044;71,4070;5,8330
14045;71,4810;5,9530
14046;71,4860;5,8210
14047;71,4760;5,8480
14048;71,5330;5,9130
14049;71,4120;5,8230
14050;71,3590;5,8460
14051;71,5530;5,8220
14052;71,5090;5,8350
14053;71,4910;5,8330
14054;71,5970;5,7900
14055;71,4940;5,7910
14056;71,5170;5,8150
14057;71,3510;5,8510
14058;71,4590;5,8150
14059;71,4950;5,8340
14060;71,4920;5,7940
14061;71,4600;5,8160
14062;71,4210;5,7820
14063;71,5460;5,8370
14064;71,4770;5,7870
14065;71,4180;5,8050
14066;71,3990;5,8080
14067;71,4480;5,8400
14068;71,4110;5,8520
14069;71,3820;5,8100
14070;71,5670;5,7870
14071;71,5230;5,9460
14072;71,5030;5,8120
14073;71,4770;5,8900
14074;71,4910;5,8180
14075;71,3860;5,7990
14076;71,5680;5,8160
14077;71,4790;5,8360
14078;71,6560;5,8890
14079;71,5210;5,8050
14080;71,4600;5,8310
14081;71,5520;5,8290
14082;71,4890;5,8370
14083;71,4320;5,8140
14084;71,4530;5,8070
14085;71,5370;5,8480
14086;71,4780;5,8300
14087;71,4870;5,8330
14088;71,4840;5,8470
14089;71,4670;5,8400
14090;71,4580;5,9630
14091;71,4900;5,8210
14092;71,4840;5,8130
14093;71,4090;5,8410
14094;71,5100;5,8230
14095;71,5080;5,8330
14096;71,5070;5,8190
14097;71,4090;5,8230
14098;71,4160;5,8070
14099;71,3480;5,8460
14100;71,4210;5,8220
14101;71,4880;5,8150
14102;71,4290;5,8370
14103;71,5000;5,8320
14104;71,4070;5,8650
14105;71,4450;5,8210
14106;71,5660;5,8160
14107;71,4450;5,8830
14108;71,4530;5,8540
14109;71,4690;5,8210
14110;71,4090;5,9240
14111;71,5300;5,8900
14112;71,4920;5,8500
14113;71,5400;5,8200
14114;71,4750;5,8060
14115;71,4030;5,8500
14116;71,5660;5,7980
14117;71,5500;5,8430
14118;71,4940;5,8050
14119;71,4400;5,8000
14120;71,4940;5,8140
14121;71,3860;5,8420
14122;71,4610;5,8070
14123;71,4650;5,8390
14124;71,4580;5,8300
14125;71,4180;5,8440
14126;71,4400;5,8590
14127;71,4010;5,8050
14128;71,4880;5,9320
14129;71,3280;5,8090
14130;71,4640;5,8180
14131;71,4500;5,8260
14132;71,4740;5,8210
14133;71,5340;5,8120
14134;71,5370;5,7770
14135;71,3650;5,8200
14136;71,3990;5,8050
14137;71,4580;5,8310
14138;71,4350;5,8260
14139;71,5180;5,8290
14140;71,4550;5,7980
14141;71,4060;5,8480
14142;71,4510;5,8090
14143;71,5140;5,8390
14144;71,4410;5,8220
14145;71,4080;5,8060
14146;71,5330;5,8220
14147;71,4490;5,8070
14148;71,4960;5,8160
14149;71,5030;5,8270
14150;71,4430;5,8240
14151;71,4680;5,8180
14152;71,4890;5,8390
14153;71,4280;5,8590
14154;71,3710;5,8080
14155;71,5440;5,8240
14156;71,4110;5,8170
14157;71,5540;5,8120
14158;71,4100;5,8280
14159;71,4840;5,7780
14160;71,4910;5,8040
14161;71,4230;5,8270
14162;71,5600;5,7970
14163;71,4450;5,8150
14164;71,5460;5,7860
14165;71,5390;5,8480
14166;71,3990;5,8100
14167;71,4340;5,8470
14168;71,5100;5,8000
14169;71,5430;5,7960
14170;71,5320;5,8360
14171;71,4800;5,8330
14172;71,4960;5,8160
14173;71,4870;5,8560
14174;71,4900;5,8030
14175;71,4970;5,7900
14176;71,4690;5,8400
14177;71,5150;5,8380
14178;71,4510;5,8130
14179;71,4890;5,8210
14180;71,3790;5,8120
14181;71,3890;5,7800
14182;71,4540;5,7840
14183;71,5110;5,8350
14184;71,5740;5,8400
14185;71,3590;5,8240
14186;71,4280;5,8110
14187;71,4790;5,8030
14188;71,4370;5,7690
14189;71,4530;5,8110
14190;71,5690;5,8520
14191;71,4890;5,7880
14192;71,4950;5,7980
14193;71,4650;5,8410
14194;71,4320;5,7820
14195;71,4560;5,8260
14196;71,4300;5,8210
14197;71,3500;5,7940
14198;71,4680;5,8100
14199;71,3920;5,8350
14200;71,4360;5,8410
14201;71,4260;5,8120
14202;71,4750;5,8280
14203;71,5780;5,7820
14204;71,4740;5,7980
14205;71,4310;5,8050
14206;71,5200;5,8030
14207;71,3720;5,8070
14208;71,4790;5,7930
14209;71,5270;5,8140
14210;71,4670;5,9780
14211;71,4130;5,8100
14212;71,4450;5,9020
14213;71,4760;5,8090
14214;71,4890;5,8290
14215;71,5280;5,8000
14216;71,4520;5,8580
14217;71,4490;5,8460
14218;71,4260;5,8180
14219;71,4080;5,8210
14220;71,5020;5,8120
14221;71,4980;5,8300
14222;71,5960;5,8450
14223;71,4280;5,8120
14224;71,4260;5,7810
14225;71,5640;5,8520
14226;71,5130;5,8150
14227;71,5010;5,8070
14228;71,4930;5,8890
14229;71,3960;5,8140
14230;71,5190;5,8340
14231;71,4820;5,8300
14232;71,4960;5,8270
14233;71,4850;5,8320
14234;71,4400;5,8010
14235;71,3760;5,7940
14236;71,5620;5,8230
14237;71,5160;5,8030
14238;71,5160;5,8220
14239;71,5110;5,8290
14240;71,4060;5,8350
14241;71,5620;5,8730
14242;71,5260;5,8180
14243;71,4850;5,8370
14244;71,4430;5,8270
14245;71,4710;5,8080
14246;71,5100;5,8150
14247;71,4980;5,8560
14248;71,4390;5,8130
14249;71,4480;5,8530
14250;71,3980;5,7910
14251;71,4310;5,8080
14252;71,4470;5,8180
14253;71,5200;5,8140
14254;71,5260;5,8110
14255;71,3810;5,8130
14256;71,4330;5,8990
14257;71,3990;5,8130
14258;71,5010;5,8150
14259;71,4280;5,8330
14260;71,5470;5,7810
14261;71,5090;5,8380
14262;71,4890;5,8570
14263;71,4680;5,9590
14264;71,4380;5,8000
14265;71,4650;5,8150
14266;71,5790;5,8250
14267;71,5920;5,8090
14268;71,5250;5,7830
14269;71,4160;5,7810
14270;71,4650;5,7990
14271;71,3870;5,8410
14272;71,4620;5,8070
14273;71,5210;5,8270
14274;71,4300;5,8110
14275;71,2710;5,8180
14276;71,5100;5,8370
14277;71,4760;5,8580
14278;71,5290;5,8250
14279;71,4650;5,8280
14280;71,3910;5,8820
14281;71,5430;5,8210
14282;71,4540;5,9690
14283;71,5300;5,8150
14284;71,4930;5,8080
14285;71,3870;5,8070
14286;71,4090;5,8270
14287;71,4260;5,9750
14288;71,3840;5,8520
14289;71,4280;5,9360
14290;71,3710;5,7970
14291;71,5330;5,7980
14292;71,4330;5,8150
14293;71,5190;5,8120
14294;71,4620;5,7990
14295;71,5610;5,8900
14296;71,4840;5,8020
14297;71,4530;5,8350
14298;71,4070;5,8270
14299;71,4450;5,8580
14300;71,3960;5,8520
14301;71,4410;5,8330
14302;71,5080;5,8620
14303;71,3800;5,8290
14304;71,3260;5,8280
14305;71,4960;5,8900
14306;71,6330;5,8200
14307;71,4500;5,8180
14308;71,4840;5,8150
14309;71,5060;5,8380
14310;71,3960;5,8060
14311;71,3820;5,7810
14312;71,5160;5,8270
14313;71,5850;5,8140
14314;71,5140;5,8220
14315;71,4730;5,8370
14316;71,3750;5,7770
14317;71,5250;5,8490
14318;71,3770;5,7930
14319;71,6440;5,8250
14320;71,4660;5,8380
14321;71,5040;5,8130
14322;71,4330;5,8400
14323;71,5770;5,8270
14324;71,4680;5,7440
14325;71,5130;5,8040
14326;71,4360;5,8180
14327;71,4840;5,8270
14328;71,4800;5,8140
14329;71,5060;5,8090
14330;71,5050;5,8270
14331;71,4100;5,8490
14332;71,4890;5,8180
14333;72,0000;5,8330
14334;71,5240;5,8010
14335;71,5270;5,8470
14336;71,3240;5,7880
14337;71,4630;5,8100
14338;71,4980;5,8420
14339;71,4530;5,8030
14340;71,4180;5,8260
14341;71,4140;5,8170
14342;71,4960;5,8890
14343;71,4590;5,8110
14344;71,3690;5,8520
14345;71,5950;5,8070
14346;71,4250;5,8050
14347;71,4980;5,8290
14348;71,5480;5,8420
14349;71,3870;5,8230
14350;71,5880;5,8270
14351;71,4620;5,9240
14352;71,4990;5,8090
14353;71,4630;5,8440
14354;71,4560;5,8880
14355;71,4720;5,8060
14356;71,3830;5,8260
14357;71,5300;5,8190
14358;71,5060;5,8460
14359;71,3940;5,7930
14360;71,4660;5,8260
14361;71,4740;5,8320
14362;71,4810;5,8070
14363;71,4900;5,8660
14364;71,4070;5,8570
14365;71,5290;5,7870
14366;71,3990;5,8460
14367;71,2670;5,8250
14368;71,5120;5,8170
14369;71,3820;5,7930
14370;71,5390;5,8270
14371;71,6170;5,8420
14372;71,4850;5,8150
14373;71,4490;5,7800
14374;71,5640;5,8520
14375;71,5300;5,8360
14376;71,4940;5,8130
14377;71,5760;5,8450
14378;71,5370;5,8040
14379;71,4630;5,8140
14380;71,5080;5,8480
14381;71,4890;5,8060
14382;71,4050;5,8740
14383;71,4580;5,8220
14384;71,5220;5,8150
14385;71,4980;5,8220
14386;71,4880;5,8310
14387;71,5220;5,8340
14388;71,5190;5,8240
14389;71,5210;5,8150
14390;71,1300;5,8300
14391;71,4090;5,8090
14392;71,4880;5,8320
14393;71,4080;5,8030
14394;71,5000;5,8040
14395;71,3860;5,8250
14396;71,5070;5,7980
14397;71,4680;5,8530
14398;71,4920;5,9010
14399;71,4270;5,8420
14400;71,4810;5,7900
14401;71,5330;5,7930
14402;71,4890;5,8600
14403;71,4430;5,8030
14404;71,5140;5,7970
14405;71,4270;5,8510
14406;71,4830;5,8130
14407;71,4560;5,7920
14408;71,3990;5,8130
14409;71,4140;5,8650
14410;71,4950;5,8420
14411;71,4120;5,8350
14412;71,4420;5,8140
14413;71,4290;5,8440
14414;71,4080;5,8460
14415;71,4950;5,8040
14416;71,4610;5,7990
14417;71,4760;5,8190
14418;71,4800;5,8050
14419;71,4990;5,8230
14420;71,4510;5,7840
14421;71,4550;5,7840
14422;71,4270;5,8080
14423;71,5410;5,8310
14424;71,5440;5,8320
14425;71,5270;5,8040
14426;71,5520;5,8100
14427;71,4700;5,8220
14428;71,4040;5,8050
14429;71,3900;5,8230
14430;71,4010;5,8710
14431;71,4740;5,8540
14432;71,5190;5,8060
14433;71,4880;5,8020
14434;71,5180;5,8070
14435;71,5320;5,8240
14436;71,4600;5,8300
14437;71,6130;5,8110
14438;71,4720;5,8770
14439;71,4340;5,8590
14440;71,4740;5,8540
14441;71,4640;5,8120
14442;71,5100;5,8090
14443;71,3740;5,7960
14444;71,4200;5,8130
14445;71,4590;5,9780
14446;71,4110;5,7970
14447;71,5280;5,8130
14448;71,3880;5,8260
14449;71,5010;5,8280
14450;71,4760;5,8180
14451;71,4920;5,8410
14452;71,5170;5,8610
14453;71,4960;5,8060
14454;71,4930;5,8130
14455;71,4270;5,8530
14456;71,5700;5,8350
14457;71,4990;5,7840
14458;71,3790;5,8360
14459;71,4760;5,8030
14460;71,4280;5,8180
14461;71,4490;5,8210
14462;71,4600;5,8340
14463;71,3900;5,8300
14464;71,4860;5,8550
14465;71,4620;5,8380
14466;71,3570;5,8160
14467;71,4430;5,8380
14468;71,4640;5,8780
14469;71,3790;5,8130
14470;71,4640;5,8240
14471;71,4650;5,8340
14472;71,4910;5,8100
14473;71,5300;5,8130
14474;71,3990;5,8020
14475;71,4530;5,8080
14476;71,3740;5,8270
14477;71,5640;5,7750
14478;71,3510;5,8380
14479;71,4300;5,8380
14480;71,3570;5,8390
14481;71,4960;5,8400
14482;71,4980;5,8150
14483;71,5050;5,8510
14484;71,4640;5,8000
14485;71,3500;5,8330
14486;71,3620;5,8080
14487;71,4130;5,8420
14488;71,5160;5,8370
14489;71,4760;5,8490
14490;71,4250;5,8230
14491;71,3660;5,9720
14492;71,5610;5,8470
14493;71,8090;5,7950
14494;71,3980;5,8140
14495;71,4940;5,8380
14496;71,5400;5,8380
14497;71,4510;5,8450
14498;71,5060;5,8050
14499;71,4380;5,8000
14500;71,4090;5,8440
14501;71,4590;5,8630
14502;71,4620;5,8200
14503;71,3880;5,8140
14504;71,4230;5,7980
14505;71,4980;5,7780
14506;71,5330;5,8150
14507;71,4880;5,7980
14508;71,3730;5,8260
14509;71,4170;5,8310
14510;71,4290;5,8180
14511;71,4660;5,8480
14512;71,4230;5,8270
14513;71,4490;5,8320
14514;71,4390;5,8060
14515;71,4470;5,8170
14516;71,4670;5,8360
14517;71,5380;5,8310
14518;71,4060;5,8270
14519;71,4620;5,8320
14520;71,4880;5,7830
14521;71,4340;5,8030
14522;71,5350;5,8230
14523;71,5670;5,8350
14524;71,4450;5,8410
14525;71,5170;5,7820
14526;71,4910;5,8780
14527;71,5360;5,8110
14528;71,4150;5,8560
14529;71,4790;5,8160
14530;71,4460;5,8270
14531;71,5520;5,8740
14532;71,4460;5,7920
14533;71,3840;5,8360
14534;71,5140;5,8060
14535;71,5490;5,8290
14536;71,5310;5,8600
14537;71,4980;5,8060
14538;71,3630;5,8300
14539;71,3990;5,8090
14540;71,4600;5,8150
14541;71,4210;5,8250
14542;71,4680;5,8300
14543;71,5710;5,8260
14544;71,4080;5,8180
14545;71,5410;5,8350
14546;71,4290;5,8210
14547;71,4250;5,8630
14548;71,4870;5,8210
14549;71,3850;5,8220
14550;71,4750;5,8060
14551;71,4430;5,8530
14552;71,5790;5,8170
14553;71,4860;5,8240
14554;71,5660;5,8320
14555;71,4930;5,8310
14556;71,5510;5,8310
14557;71,4790;5,8270
14558;71,4520;5,8220
14559;71,4810;5,8310
14560;71,5310;5,8070
14561;71,5120;5,8340
14562;71,5380;5,8160
14563;71,4700;5,8150
14564;71,4810;5,8180
14565;71,4280;5,8340
14566;71,5080;5,8300
14567;71,4750;5,8050
14568;71,5350;5,8260
14569;71,4560;5,8210
14570;71,4210;5,8300
14571;71,3720;5,8420
14572;71,4780;5,8240
14573;71,4720;5,8130
14574;71,5510;5,8100
14575;71,4940;5,8300
14576;71,5370;5,8150
14577;71,4720;5,8290
14578;71,3650;5,8010
14579;71,4610;5,7980
14580;71,5370;5,8010
14581;71,4340;5,8210
14582;71,5240;5,8180
14583;71,3970;5,7810
14584;71,3660;5,8630
14585;71,5250;5,8110
14586;71,5820;5,8080
14587;71,4580;5,8180
14588;71,4730;5,8920
14589;71,4910;5,8160
14590;71,4810;5,8270
14591;71,5040;5,8070
14592;71,4470;5,8200
14593;71,4960;5,8060
14594;71,4720;5,8270
14595;71,4640;5,7850
14596;71,4620;5,8090
14597;71,4940;5,7990
14598;71,5400;5,8430
14599;71,4110;5,7850
14600;71,3660;5,8070
14601;71,3980;5,8290
14602;71,4080;5,7950
14603;71,5020;5,8230
14604;71,4620;5,9180
14605;71,5490;5,8240
14606;71,4280;5,8000
14607;71,5710;5,8420
14608;71,5130;5,8240
14609;71,3980;5,8060
14610;71,3820;5,8390
14611;71,3650;5,8430
14612;71,4940;5,8280
14613;71,4100;5,8270
14614;71,4700;5,8180
14615;71,5130;5,8130
14616;71,5170;5,8870
14617;71,3410;5,8530
14618;71,3760;5,8070
14619;71,5510;5,8140
14620;71,4980;5,8070
14621;71,3870;5,8050
14622;71,5540;5,8100
14623;71,4630;5,8790
14624;71,3950;5,8450
14625;71,4520;5,8470
14626;71,6110;5,8180
14627;71,5920;5,8400
14628;71,4220;5,8420
14629;71,4620;5,8230
14630;71,4450;5,9520
14631;71,4900;5,7930
14632;71,5090;5,9100
14633;71,4740;5,8050
14634;71,4300;5,8920
14635;71,4850;5,8800
14636;71,4060;5,8630
14637;71,5090;5,8450
14638;71,4200;5,8040
14639;71,5270;5,7900
14640;71,4260;5,8100
14641;71,4050;5,8610
14642;71,4290;5,8630
14643;71,4010;5,8800
14644;71,5130;5,8540
14645;71,4660;5,8250
14646;71,5280;5,8390
14647;71,4820;5,8010
14648;71,4850;5,8020
14649;71,4470;5,8060
14650;71,4990;5,8180
14651;71,5250;5,8320
14652;71,4630;5,8370
14653;71,4330;5,8110
14654;71,5540;5,8230
14655;71,3120;5,7880
14656;71,4930;5,8680
14657;71,4100;5,7960
14658;71,5270;5,8040
14659;71,5350;5,8640
14660;71,4540;5,8160
14661;71,3710;5,9040
14662;71,4940;5,8400
14663;71,4990;5,8110
14664;71,3870;5,8180
14665;71,3410;5,8280
14666;71,4420;5,8410
14667;71,4270;5,8270
14668;71,4380;5,8370
14669;71,5330;5,8480
14670;71,5380;5,8120
14671;71,4730;5,8280
14672;71,4920;5,7990
14673;71,4130;5,8290
14674;71,4440;5,8100
14675;71,3830;5,8070
14676;71,9150;5,8320
14677;71,5100;5,7970
14678;71,4430;5,8280
14679;71,5090;5,8160
14680;71,3590;5,8280
14681;71,4310;5,8430
14682;71,6120;5,8390
14683;71,5070;5,8080
14684;71,4650;5,8340
14685;71,4200;5,8030
14686;71,4940;5,8280
14687;71,3760;5,8070
14688;71,4820;5,8170
14689;71,4780;5,8400
14690;71,5120;5,8440
14691;71,5820;5,8860
14692;71,4780;5,8180
14693;71,4670;5,9070
14694;71,4840;5,8410
14695;71,5090;5,8290
14696;71,4660;5,8070
14697;71,3770;5,8010
14698;71,4200;5,8580
14699;71,4450;5,8330
14700;71,3740;5,8110
14701;71,4130;5,8070
14702;71,4840;5,8050
14703;71,4380;5,8370
14704;71,5220;5,7830
14705;71,5370;5,8210
14706;71,5070;5,8210
14707;71,3930;5,8280
14708;71,4760;5,8040
14709;71,4430;5,8220
14710;71,4240;5,8090
14711;71,3890;5,8000
14712;71,4030;5,8470
14713;71,4580;5,8210
14714;71,4720;5,8640
14715;71,5990;5,8250
14716;71,4450;5,8110
14717;71,5130;5,8310
14718;71,5150;5,7920
14719;71,5290;5,8260
14720;71,5320;5,8130
14721;71,5160;5,8200
14722;71,5210;5,8110
14723;71,4050;5,8230
14724;71,4740;5,8640
14725;71,4580;5,7970
14726;71,3660;5,8170
14727;71,4570;5,8160
14728;71,4790;5,8360
14729;71,3930;5,8830
14730;71,3940;5,8070
14731;71,4390;5,8150
14732;71,5050;5,8190
14733;71,4210;5,8550
14734;71,4410;5,7950
14735;71,5310;5,8200
14736;71,5190;5,7770
14737;71,4520;5,8520
14738;71,5280;5,8010
14739;71,4350;5,8530
14740;71,5000;5,8950
14741;71,5840;5,8250
14742;71,5110;5,8030
14743;71,3170;5,8000
14744;71,5250;5,8270
14745;71,5310;5,8240
14746;71,5630;5,8300
14747;71,4540;5,8090
14748;71,4540;5,8280
14749;71,5590;5,8150
14750;71,4810;5,7910
14751;71,4930;5,8760
14752;71,4510;5,8280
14753;71,4680;5,8970
14754;71,4650;5,8150
14755;71,4680;5,8100
14756;71,4980;5,8220
14757;71,4610;5,9010
14758;71,4180;5,8290
14759;71,4200;5,8460
14760;71,3780;5,8550
14761;71,4690;5,8400
14762;71,5500;5,8000
14763;71,5390;5,8260
14764;71,5600;5,8400
14765;71,5630;5,8420
14766;71,4820;5,8210
14767;71,5420;5,8440
14768;71,2620;5,9100
14769;71,4170;5,8190
14770;71,4430;5,7950
14771;71,4040;5,7790
14772;71,5010;5,8440
14773;71,3970;5,8420
14774;71,5390;5,8010
14775;71,4110;5,8140
14776;71,4690;5,7980
14777;71,4140;5,8360
14778;71,5120;5,7740
14779;71,3960;5,8470
14780;71,4090;5,8360
14781;71,4510;5,8310
14782;71,5410;5,7940
14783;71,4720;5,8480
14784;71,4660;5,8580
14785;71,4130;5,8560
14786;71,4600;5,8430
14787;71,4080;5,8570
14788;71,4680;5,7900
14789;71,4020;5,8290
14790;71,4950;5,8300
14791;71,3650;5,8500
14792;71,4830;5,8180
14793;71,4830;5,8010
14794;71,4340;5,8400
14795;71,5410;5,8190
14796;71,5060;5,8250
14797;71,5130;5,8160
14798;71,3900;5,8390
14799;71,5120;5,8400
14800;71,4840;5,8280
14801;71,4480;5,8770
14802;71,5300;5,7980
14803;71,4860;5,8400
14804;71,5320;5,8090
14805;71,5640;5,8250
14806;71,3160;5,8270
14807;71,4770;5,8440
14808;71,4040;5,8080
14809;71,5380;5,8140
14810;71,4660;5,8120
14811;71,4770;5,8330
14812;71,5140;5,8140
14813;71,4660;5,8060
14814;71,4190;5,8040
14815;71,4780;5,8330
14816;71,4510;5,8230
14817;71,4840;5,8610
14818;71,5010;5,8450
14819;71,4430;5,8270
14820;71,4770;5,8500
14821;71,4910;5,8530
14822;71,5190;5,8720
14823;71,4710;5,8190
14824;71,4710;5,8100
14825;71,4500;5,8130
14826;71,4580;5,7820
14827;71,4640;5,9220
14828;71,4750;5,8280
14829;71,3800;5,8410
14830;71,4830;5,7970
14831;71,4760;5,8320
14832;71,4080;5,8100
14833;71,3780;5,8300
14834;71,5090;5,8050
14835;71,5140;5,8320
14836;71,5070;5,8160
14837;71,3900;5,8630
14838;71,5140;5,8460
14839;71,5050;5,8320
14840;71,4100;5,7960
14841;71,4310;5,8230
14842;71,4350;5,8580
14843;71,4240;5,8160
14844;71,3930;5,8310
14845;71,3740;5,8300
14846;71,3700;5,8060
14847;71,5600;5,8170
14848;71,5270;5,8290
14849;71,5180;5,8520
14850;71,4320;5,9440
14851;71,4250;5,8440
14852;71,4070;5,7940
14853;71,3440;5,8480
14854;71,4760;5,8240
14855;71,4920;5,8200
14856;71,5040;5,8250
14857;71,4790;5,8040
14858;71,6070;5,7740
14859;71,4960;5,8230
14860;71,5310;5,7980
14861;71,5370;5,8460
14862;71,5500;5,8800
14863;71,3410;5,8210
14864;71,5220;5,8480
14865;71,4180;5,8180
14866;71,4090;5,8320
14867;71,3940;5,8180
14868;71,3430;5,8220
14869;71,4940;5,8410
14870;71,4070;5,8020
14871;71,4140;5,8200
14872;71,6070;5,8500
14873;71,4500;5,8390
14874;71,4430;5,8150
14875;71,4140;5,8040
14876;71,4040;5,8070
14877;71,4930;5,8280
14878;71,4700;5,8570
14879;71,4350;5,8420
14880;71,4090;5,8610
14881;71,3950;5,8340
14882;71,5260;5,8070
14883;71,5140;5,8220
14884;71,3740;5,8780
14885;71,4450;5,8720
14886;71,3990;5,8280
14887;71,3460;5,8120
14888;71,4440;5,8280
14889;71,4000;5,8880
14890;71,4640;5,8290
14891;71,3360;5,8220
14892;71,4670;5,8110
14893;71,4410;5,8250
14894;71,5630;5,8120
14895;71,4730;5,8180
14896;71,5100;5,7990
14897;71,4370;5,8750
14898;71,2940;5,8220
14899;71,4750;5,7990
14900;71,4310;5,8700
14901;71,5320;5,9060
14902;71,4240;5,8320
14903;71,4290;5,8080
14904;71,4940;5,8620
14905;71,3850;5,8380
14906;71,5340;5,8480
14907;71,4290;5,8180
14908;71,4730;5,8290
14909;71,4860;5,8040
14910;71,5140;5,8180
14911;71,2130;5,8570
14912;71,4980;5,8240
14913;71,5130;5,8110
14914;71,2830;5,8380
14915;71,4030;5,8130
14916;71,5790;5,8230
14917;71,4780;5,8040
14918;71,5100;5,7910
14919;71,3120;5,8080
14920;71,5580;5,8110
14921;71,4120;5,8110
14922;71,3780;5,8240
14923;71,4630;5,8090
14924;71,3450;5,8170
14925;71,5260;5,8110
14926;71,5020;5,8820
14927;71,5140;5,8090
14928;71,4650;5,8360
14929;71,5610;5,9430
14930;71,3630;5,8150
14931;71,3670;5,8160
14932;71,4410;5,8350
14933;71,4680;5,8120
14934;71,4950;5,8190
14935;71,4770;5,8400
14936;71,4820;5,8310
14937;71,4870;5,8110
14938;71,5420;5,8370
14939;71,4850;5,8540
14940;71,4650;5,8340
14941;71,5140;5,8580
14942;71,5050;5,8420
14943;71,3510;5,8420
14944;71,3420;5,8280
14945;71,4650;5,8160
14946;71,4540;5,8110
14947;71,5220;5,7890
14948;71,4490;5,7820
14949;71,4950;5,8270
14950;71,4920;5,8310
14951;71,4900;5,9260
14952;71,3880;5,8120
14953;71,5210;5,8320
14954;71,4610;5,8160
14955;71,4620;5,8090
14956;71,4230;5,8180
14957;71,4190;5,8680
14958;71,4710;5,8050
14959;71,4620;5,8260
14960;71,5370;5,8290
14961;71,4420;5,8170
14962;71,3750;5,8180
14963;71,4990;5,8220
14964;71,4630;5,8370
14965;71,4060;5,8560
14966;71,4630;5,8310
14967;71,4950;5,8220
14968;71,4090;5,8240
14969;71,5280;5,8220
14970;71,4970;5,8140
14971;71,5180;5,8430
14972;71,3630;5,8200
14973;71,5340;5,8260
14974;71,6100;5,8190
14975;71,5030;5,8120
14976;71,4520;5,8070
14977;71,4530;5,8190
14978;71,5920;5,7830
14979;71,4440;5,8120
14980;71,4370;5,8500
14981;71,2840;5,8210
14982;71,4920;5,8400
14983;71,4380;5,7950
14984;71,5220;5,8340
14985;71,5510;5,8240
14986;71,4610;5,8130
14987;71,4120;5,8100
14988;71,4370;5,7960
14989;71,4350;5,8340
14990;71,4380;5,9320
14991;71,4530;5,8320
14992;71,3850;5,8280
14993;71,5120;5,8240
14994;71,5380;5,8210
14995;71,4190;5,8290
14996;71,4490;5,7600
14997;71,4250;5,8090
14998;71,4810;5,7880
14999;71,4010;5,8210
15000;71,4820;5,8060
15001;71,4150;5,8460
15002;71,3840;5,8250
15003;71,5130;5,8000
15004;71,4080;5,8070
15005;71,4290;5,8310
15006;71,4980;5,8060
15007;71,4380;5,8420
15008;71,4940;5,8370
15009;71,3830;5,7960
15010;71,4210;5,8420
15011;71,4080;5,8070
15012;71,4400;5,8200
15013;71,4400;5,8050
15014;71,4170;5,8280
15015;71,3850;5,8010
15016;71,3580;5,8590
15017;71,4610;5,9430
15018;71,4790;5,8340
15019;71,4300;5,8210
15020;71,4660;5,7870
15021;71,5010;5,8280
15022;71,5220;5,8170
15023;71,3780;5,8020
15024;71,4000;5,8610
15025;71,5350;5,8340
15026;71,6100;5,8080
15027;71,5140;5,8430
15028;71,4000;5,8390
15029;71,4290;5,8940
15030;71,5120;5,8260
15031;71,4020;5,8340
15032;71,4680;5,9320
15033;71,4460;5,7980
15034;71,4470;5,8300
15035;71,3650;5,8160
15036;71,4280;5,8060
15037;71,5430;5,8250
15038;71,5320;5,8870
15039;71,4020;5,8410
15040;71,4000;5,8260
15041;71,4660;5,8350
15042;71,4810;5,8300
15043;71,3560;5,8190
15044;71,5650;5,8150
15045;71,4340;5,8100
15046;71,4740;5,7970
15047;71,4520;5,8240
15048;71,4670;5,8370
15049;71,6140;5,8330
15050;71,4150;5,8460
15051;71,3950;5,8270
15052;71,3960;5,8120
15053;71,5210;5,8540
15054;71,4570;5,8310
15055;71,4300;5,8950
15056;71,5390;5,8040
15057;71,4500;5,8480
15058;71,4440;5,8380
15059;71,4660;5,8180
15060;71,5270;5,8220
15061;71,5630;5,8350
15062;71,4560;5,9380
15063;71,5040;5,8050
15064;71,3830;5,8240
15065;71,3740;5,8590
15066;71,5160;5,8530
15067;71,5230;5,8120
15068;71,5200;5,8200
15069;71,4420;5,8320
15070;71,3670;5,8100
15071;71,3570;5,8730
15072;71,4430;5,8030
15073;71,4650;5,8040
15074;71,4080;5,8220
15075;71,5720;5,7990
15076;71,5110;5,8460
15077;71,4790;5,7950
15078;71,4890;5,8180
15079;71,5470;5,8650
15080;71,4890;5,8380
15081;71,4880;5,8270
15082;71,4390;5,8030
15083;71,4470;5,8050
15084;71,4900;5,7930
15085;71,5250;5,7970
15086;71,5100;5,8390
15087;71,4590;5,8210
15088;71,4590;5,7910
15089;71,5490;5,8080
15090;71,3880;5,7820
15091;71,5020;5,8550
15092;71,4070;5,8270
15093;71,4810;5,8070
15094;71,5170;5,8350
15095;71,4730;5,8200
15096;71,3870;5,8210
15097;71,5750;5,8260
15098;71,5330;5,7110
15099;71,4160;5,8230
15100;71,5880;5,8650
15101;71,4480;5,8290
15102;71,5610;5,8260
15103;71,3930;5,8470
15104;71,4960;5,7810
15105;71,4020;5,8340
15106;71,3870;5,8060
15107;71,4960;5,8180
15108;71,4420;5,8170
15109;71,5560;5,8380
15110;71,4850;5,8560
15111;71,4890;5,8340
15112;71,4850;5,8310
15113;71,5420;5,8040
15114;71,5600;5,7850
15115;71,5160;5,8060
15116;71,6440;5,8560
15117;71,5390;5,8740
15118;71,3850;5,8310
15119;71,4780;5,8030
15120;71,5270;5,8320
15121;71,3920;5,7930
15122;71,5040;5,8140
15123;71,5080;5,8200
15124;71,4310;5,8510
15125;71,5400;5,8220
15126;71,4330;5,8510
15127;71,4990;5,8620
15128;71,4300;5,8160
15129;71,4080;5,7920
15130;71,3860;5,8210
15131;71,4820;5,8230
15132;71,5380;5,8320
15133;71,4770;5,7790
15134;71,5250;5,8940
15135;71,4070;5,9000
15136;71,4550;5,8120
15137;71,5240;5,8750
15138;71,4910;5,8220
15139;71,4520;5,8280
15140;71,4290;5,8130
15141;71,4420;5,8220
15142;71,4980;5,7820
15143;71,4050;5,8290
15144;71,6300;5,8070
15145;71,4380;5,8360
15146;71,5340;5,8210
15147;71,4780;5,8290
15148;71,4820;5,8360
15149;71,4620;5,8110
15150;71,5280;5,8600
15151;71,3600;5,8490
15152;71,5420;5,8180
15153;71,4570;5,8090
15154;71,4600;5,7990
15155;71,5140;5,8540
15156;71,5470;5,8130
15157;71,4400;5,8540
15158;71,4690;5,8030
15159;71,4540;5,8310
15160;71,5560;5,8220
15161;71,3820;5,8490
15162;71,4480;5,8190
15163;71,5140;5,9680
15164;71,5150;5,7880
15165;71,4720;5,8160
15166;71,5170;5,8720
15167;71,4950;5,8130
15168;71,5200;5,8010
15169;71,5390;5,8170
15170;71,6690;5,8970
15171;71,4860;5,8280
15172;71,4500;5,8420
15173;71,3480;5,7990
15174;71,4130;5,8270
15175;71,5560;5,8110
15176;71,4910;5,8050
15177;71,5020;5,7880
15178;71,4310;5,7930
15179;71,5420;5,8550
15180;71,5200;5,8280
15181;71,4260;5,8220
15182;71,4360;5,8130
15183;71,4800;5,8120
15184;71,5280;5,8130
15185;71,4770;5,7800
15186;71,4370;5,8060
15187;71,3440;5,9700
15188;71,4490;5,8040
15189;71,4480;5,8210
15190;71,4960;5,8280
15191;71,5760;5,8170
15192;71,4140;5,8180
15193;71,4550;5,7870
15194;71,5420;5,8180
15195;71,3800;5,8180
15196;71,4730;5,8040
15197;71,5300;5,8320
15198;71,5080;5,8120
15199;71,6940;5,9250
15200;71,4760;5,8180
15201;71,5190;5,8280
15202;71,5020;5,8110
15203;71,4780;5,8250
15204;71,3130;5,9410
15205;71,4990;5,8060
15206;71,4550;5,8140
15207;71,4690;5,8080
15208;71,4230;5,8710
15209;71,5310;5,8550
15210;71,5310;5,8000
15211;71,4200;5,8230
15212;71,4360;5,8120
15213;71,5550;5,8360
15214;71,4550;5,8310
15215;71,4620;5,7940
15216;71,5180;5,8500
15217;71,4360;5,8010
15218;71,4480;5,8470
15219;71,4850;5,8440
15220;71,4100;5,7970
15221;71,4200;5,8420
15222;71,5440;5,8150
15223;71,4980;5,8160
15224;71,6410;5,8100
15225;71,3910;5,8730
15226;71,4620;5,8120
15227;71,4990;5,7940
15228;71,4190;5,8700
15229;71,5150;5,8110
15230;71,3790;5,8270
15231;71,4270;5,8250
15232;71,4300;5,8150
15233;71,3850;5,8340
15234;71,5650;5,8290
15235;71,4520;5,8330
15236;71,4340;5,8260
15237;71,4070;5,8160
15238;71,3820;5,8860
15239;71,5670;5,7780
15240;71,5160;5,8030
15241;71,4800;5,8170
15242;71,4350;5,8590
15243;71,5140;5,8630
15244;71,4070;5,8070
15245;71,5090;5,8040
15246;71,4970;5,8010
15247;71,4560;5,7880
15248;71,4810;5,8090
15249;71,4840;5,8110
15250;71,5160;5,8510
15251;71,4990;5,8290
15252;71,4880;5,8400
15253;71,4300;5,8410
15254;71,5580;5,8130
15255;71,5100;5,8510
15256;71,4740;5,7990
15257;71,4050;5,8600
15258;71,4900;5,8620
15259;71,5330;5,8480
15260;71,3900;5,8680
15261;71,4730;5,8150
15262;71,4940;5,8310
15263;71,4050;5,8390
15264;71,4530;5,7700
15265;71,3720;5,8450
15266;71,4960;5,8040
15267;71,4390;5,8120
15268;71,5810;5,8350
15269;71,4780;5,8070
15270;71,4850;5,9300
15271;71,4750;5,7940
15272;71,5070;5,8130
15273;71,4950;5,8090
15274;71,5380;5,8010
15275;71,5110;5,8150
15276;71,4870;5,8090
15277;71,4730;5,8170
15278;71,4950;5,8260
15279;71,4510;5,7960
15280;71,4000;5,8320
15281;71,3690;5,8510
15282;71,5540;5,7780
15283;71,5970;5,8360
15284;71,4830;5,8380
15285;71,3900;5,9600
15286;71,4480;5,8330
15287;71,6440;5,8340
15288;71,4380;5,8130
15289;71,4030;5,8620
15290;71,4600;5,8170
15291;71,4600;5,7940
15292;71,4580;5,8680
15293;71,5630;5,8640
15294;71,4120;5,7780
15295;71,3850;5,8090
15296;71,4580;5,8390
15297;71,5350;5,8390
15298;71,4900;5,8620
15299;71,5610;5,8140
15300;71,4280;5,8010
15301;71,4970;5,8760
15302;71,5290;5,8620
15303;71,4690;5,8170
15304;71,5200;5,7890
15305;71,6470;5,6200
15306;71,4220;5,8210
15307;71,4370;5,8080
15308;71,4270;5,7960
15309;71,5610;5,7820
15310;71,4000;5,8400
15311;71,6620;5,8450
15312;71,4890;5,8130
15313;71,4890;5,8200
15314;71,5150;5,7820
15315;71,5910;5,7880
15316;71,5220;5,8210
15317;71,5580;5,8120
15318;71,4690;5,8450
15319;71,3720;5,8360
15320;71,5100;5,8210
15321;71,4360;5,8920
15322;71,5370;5,8120
15323;71,4240;5,8320
15324;71,4260;5,8100
15325;71,3790;5,8030
15326;71,4980;5,8550
15327;71,4500;5,8200
15328;71,4580;5,8230
15329;71,4910;5,8240
15330;71,5300;5,8280
15331;71,5900;5,7690
15332;71,5450;5,7940
15333;71,4550;5,8650
15334;71,4100;5,7980
15335;71,4900;5,8420
15336;71,4960;5,8390
15337;71,5200;5,7790
15338;71,5000;5,8040
15339;71,4380;5,8260
15340;71,4810;5,8300
15341;71,4720;5,8710
15342;71,5960;5,8080
15343;71,5260;5,8030
15344;71,5320;5,8270
15345;71,6420;5,8260
15346;71,5060;5,7940
15347;71,5020;5,8070
15348;71,3850;5,8700
15349;71,4850;5,8590
15350;71,5440;5,8080
15351;71,4740;5,7930
15352;71,5470;5,8770
15353;71,5010;5,8160
15354;71,4880;5,9140
15355;71,4110;5,7910
15356;71,5140;5,8410
15357;71,4740;5,8740
15358;71,4410;5,8240
15359;71,3980;5,8260
15360;71,3980;5,9870
15361;71,4020;5,8190
15362;71,5880;5,8240
15363;71,4950;5,7860
15364;71,3630;5,8130
15365;71,5090;5,8820
15366;71,4180;5,8750
15367;71,5860;5,7830
15368;71,4980;5,8060
15369;71,5840;5,8100
15370;71,4910;5,8340
15371;71,5420;5,9740
15372;71,5190;5,8100
15373;71,4240;5,7860
15374;71,4950;5,8320
15375;71,4330;5,7880
15376;71,4410;5,8310
15377;71,5020;5,8340
15378;71,4940;5,8030
15379;71,4560;5,7860
15380;71,5130;5,7970
15381;71,5330;5,8220
15382;71,4750;5,8030
15383;71,4640;5,8230
15384;71,5280;5,8200
15385;71,6130;5,8040
15386;71,4360;5,8250
15387;71,5220;5,8130
15388;71,4230;5,7990
15389;71,3410;5,8010
15390;71,4140;5,8470
15391;71,4020;5,8050
15392;71,5530;5,8240
15393;71,4620;5,8070
15394;71,4430;5,8050
15395;71,5190;5,8130
15396;71,4860;5,7800
15397;71,4060;5,8320
15398;71,4610;5,8070
15399;71,4620;5,8060
15400;71,5200;5,8060
15401;71,5230;5,7780
15402;71,5020;5,8240
15403;71,4240;5,7880
15404;71,4980;5,9190
15405;71,5810;5,8200
15406;71,5860;5,7890
15407;71,5100;5,8150
15408;71,3550;5,8200
15409;71,5000;5,7900
15410;71,4100;5,8300
15411;71,4540;5,8150
15412;71,5390;5,8280
15413;71,5040;5,8020
15414;71,4570;5,8160
15415;71,4870;5,7890
15416;71,5300;5,8150
15417;71,4710;5,7240
15418;71,4600;5,8110
15419;71,3960;5,8650
15420;71,5410;5,8020
15421;71,5280;5,8090
15422;71,4460;5,7950
15423;71,5040;5,8740
15424;71,6040;5,8340
15425;71,3770;5,7970
15426;71,5110;5,8890
15427;71,4600;5,8190
15428;71,5400;5,8580
15429;71,4770;5,8180
15430;71,4520;5,8300
15431;71,4180;5,8170
15432;71,4430;5,8040
15433;71,4370;5,8260
15434;71,3930;5,8490
15435;71,4390;5,8350
15436;71,5070;5,8290
15437;71,4630;5,8140
15438;71,4080;5,8390
15439;71,4070;5,8200
15440;71,5950;5,8260
15441;71,3870;5,8120
15442;71,4380;5,7980
15443;71,5060;5,7890
15444;71,4100;5,7760
15445;71,5150;5,8490
15446;71,5450;5,8470
15447;71,4390;5,8100
15448;71,4340;5,8080
15449;71,4530;5,8240
15450;71,5070;5,8700
15451;71,4040;5,8250
15452;71,3630;5,8060
15453;71,4890;5,7960
15454;71,4070;5,8280
15455;71,4480;5,8570
15456;71,4880;5,8350
15457;71,3930;5,7800
15458;71,5050;5,8410
15459;71,5310;5,7920
15460;71,4090;5,7870
15461;71,5200;5,7960
15462;71,5200;5,7890
15463;71,6680;5,7980
15464;71,5200;5,8180
15465;71,4420;5,8200
15466;71,5470;5,8550
15467;71,5170;5,8440
15468;71,4690;5,8210
15469;71,5020;5,8250
15470;71,4970;5,8180
15471;71,3690;5,8390
15472;71,3790;5,8200
15473;71,4600;5,8430
15474;71,5140;5,8310
15475;71,4720;5,8200
15476;71,5540;5,8080
15477;71,5520;5,8130
15478;71,3190;5,8630
15479;71,4500;5,7980
15480;71,3950;5,8220
15481;71,4040;5,8010
15482;71,3890;5,8190
15483;71,5330;5,8340
15484;71,4570;5,7940
15485;71,5050;5,8290
15486;71,4890;5,8010
15487;71,4830;5,8540
15488;71,3680;5,8340
15489;71,5210;5,8980
15490;71,5030;5,8200
15491;71,5510;5,9020
15492;71,5750;5,8120
15493;71,5390;5,8010
15494;71,4530;5,7930
15495;71,5460;5,8690
15496;71,5950;5,8610
15497;71,4900;5,8610
15498;71,4680;5,9550
15499;71,4210;5,9490
15500;71,4660;5,8150
15501;71,4290;5,8260
15502;71,5340;5,8240
15503;71,5200;5,8190
15504;71,4980;5,8300
15505;71,4070;5,8020
15506;71,4640;5,7870
15507;71,4910;5,8320
15508;71,9150;5,8090
15509;71,3860;5,8710
15510;71,4800;5,8130
15511;71,4240;5,8040
15512;71,4790;5,8220
15513;71,4790;5,8360
15514;71,5000;5,8470
15515;71,4730;5,8330
15516;71,5730;5,7760
15517;71,4530;5,8230
15518;71,5130;5,8360
15519;71,5280;5,8410
15520;71,5190;5,8200
15521;71,5600;5,8170
15522;71,3630;5,8150
15523;71,5150;5,8270
15524;71,5500;5,8300
15525;71,3910;5,8180
15526;71,4930;5,8130
15527;71,4560;5,8190
15528;71,5140;5,8330
15529;71,4850;5,8260
15530;71,4340;5,7880
15531;71,4560;5,8770
15532;71,4660;5,8630
15533;71,6000;5,8900
15534;71,5380;5,8270
15535;71,3780;5,8020
15536;71,5060;5,8080
15537;71,4570;5,8360
15538;71,5500;5,8360
15539;71,4770;5,8180
15540;71,4660;5,8090
15541;71,4270;5,8160
15542;71,3360;5,9530
15543;71,4090;5,7810
15544;71,5130;5,8300
15545;71,4700;5,8510
15546;71,4240;5,8170
15547;71,5690;5,8240
15548;71,4920;5,7800
15549;71,5190;5,8200
15550;71,4410;5,8220
15551;71,5200;5,7450
15552;71,4170;5,7760
15553;71,5410;5,8020
15554;71,4660;5,8250
15555;71,4720;5,8180
15556;71,4760;5,8300
15557;71,5110;5,8070
15558;71,4620;5,8630
15559;71,5330;5,8190
15560;71,5770;5,8430
15561;71,4410;5,7930
15562;71,4090;5,7960
15563;71,5340;5,8470
15564;71,3470;5,8420
15565;71,3830;5,7970
15566;71,4430;5,9190
15567;71,4350;5,8070
15568;71,5110;5,8330
15569;71,3950;5,8040
15570;71,4770;5,8480
15571;71,4730;5,7930
15572;71,4280;5,8240
15573;71,5560;5,7860
15574;71,4870;5,8050
15575;71,4690;5,8450
15576;71,4260;5,8210
15577;71,5020;5,8200
15578;71,4600;5,8170
15579;71,4700;5,8170
15580;71,5200;5,8520
15581;71,5050;5,8110
15582;71,2900;5,8550
15583;71,4390;5,8330
15584;71,4320;5,7990
15585;71,5010;5,8270
15586;71,4630;5,8030
15587;71,4030;5,8010
15588;71,4790;5,8060
15589;71,5320;5,8500
15590;71,5210;5,8130
15591;71,4630;5,8650
15592;71,4010;5,8480
15593;71,4950;5,8220
15594;71,5520;5,8040
15595;71,5060;5,8100
15596;71,4160;5,8240
15597;71,4610;5,8240
15598;71,4550;5,8240
15599;71,5030;5,8170
15600;71,4480;5,8020
15601;71,4250;5,8180
15602;71,5120;5,8240
15603;71,5770;5,9600
15604;71,3870;5,8660
15605;71,5570;5,7970
15606;71,5400;5,8030
15607;71,5810;5,8190
15608;71,4770;5,8630
15609;71,5220;5,8400
15610;71,4890;5,8450
15611;71,5440;5,8420
15612;71,4640;5,7760
15613;71,4200;5,8210
15614;71,4470;5,8000
15615;71,3880;5,8550
15616;71,5640;5,8400
15617;71,5130;5,8190
15618;71,5730;5,8120
15619;71,5350;5,8100
15620;71,5060;5,8290
15621;71,5100;5,8050
15622;71,4200;5,8550
15623;71,5370;5,8260
15624;71,4490;5,7840
15625;71,4940;5,8270
15626;71,5500;5,8240
15627;71,5680;5,8400
15628;71,4330;5,8330
15629;71,4840;5,8070
15630;71,4800;5,7960
15631;71,4860;5,8400
15632;71,4860;5,7980
15633;71,5480;5,8350
15634;71,5240;5,8350
15635;71,4830;5,8200
15636;71,5150;5,8130
15637;71,4330;5,8290
15638;71,4000;5,7980
15639;71,5300;5,7750
15640;71,5140;5,7990
15641;71,5240;5,8220
15642;71,4870;5,8230
15643;71,4000;5,8470
15644;71,4690;5,8360
15645;71,4130;5,8270
15646;71,4100;5,8620
15647;71,4530;5,8510
15648;71,4430;5,8150
15649;71,5420;5,7940
15650;71,4530;5,8160
15651;71,4650;5,8340
15652;71,4030;5,8170
15653;71,5190;5,8270
15654;71,4320;5,8150
15655;71,6090;5,7970
15656;71,4640;5,8330
15657;71,4180;5,7210
15658;71,4880;5,8310
15659;71,3670;5,7990
15660;71,5170;5,8120
15661;71,4930;5,8040
15662;71,4970;5,8200
15663;71,5120;5,8470
15664;71,4730;5,8210
15665;71,5000;5,8180
15666;71,5200;5,8140
15667;71,5220;5,8400
15668;71,5390;5,7980
15669;71,5850;5,8510
15670;71,5330;5,8520
15671;71,5130;5,8580
15672;71,4070;5,8470
15673;71,3120;5,9300
15674;71,4730;5,8420
15675;71,5080;5,7910
15676;71,4580;5,8430
15677;71,4430;5,8740
15678;71,5420;5,7140
15679;71,5880;5,8520
15680;71,4730;5,7930
15681;71,4560;5,8160
15682;71,4750;5,8160
15683;71,4260;5,8110
15684;71,4650;5,8240
15685;71,5040;5,7860
15686;71,5580;5,7840
15687;71,5460;5,8270
15688;71,5240;5,8020
15689;71,4820;5,7980
15690;71,4770;5,8070
15691;71,3550;5,8900
15692;71,4350;5,7980
15693;71,5780;5,8080
15694;71,3630;5,8300
15695;71,3850;5,8310
15696;71,5240;5,8500
15697;71,5660;5,8120
15698;71,4370;5,8480
15699;71,6210;5,8470
15700;71,4980;5,8240
15701;71,4160;5,8170
15702;71,4970;5,8090
15703;71,4880;5,8510
15704;71,4680;5,7710
15705;71,5060;5,8260
15706;71,4730;5,7990
15707;71,4490;5,8130
15708;71,5490;5,7890
15709;71,4300;5,8220
15710;71,5130;5,8900
15711;71,4870;5,8330
15712;71,5660;5,8240
15713;71,5280;5,8810
15714;71,5190;5,8070
15715;71,5000;5,8460
15716;71,5580;5,9170
15717;71,4830;5,8600
15718;71,4700;5,8120
15719;71,4760;5,7910
15720;71,4350;5,8310
15721;71,4930;5,8130
15722;71,5010;5,8450
15723;71,4570;5,7920
15724;71,5170;5,8300
15725;71,4610;5,8620
15726;71,4610;5,8070
15727;71,4570;5,7920
15728;71,4440;5,8200
15729;71,5270;5,8470
15730;71,5110;5,8470
15731;71,4740;5,8160
15732;71,5250;5,9120
15733;71,5000;5,8440
15734;71,4080;5,8100
15735;71,4000;5,9250
15736;71,3620;5,8330
15737;71,4740;5,8100
15738;71,5730;5,8060
15739;71,5690;5,8110
15740;71,4910;5,7670
15741;71,4910;5,8230
15742;71,4870;5,8080
15743;71,5780;5,8200
15744;71,4980;5,8310
15745;71,5110;5,8250
15746;71,3960;5,8110
15747;71,5090;5,8310
15748;71,4840;5,7970
15749;71,4240;5,8560
15750;71,5160;5,8180
15751;71,5590;5,8120
15752;71,4550;5,7880
15753;71,4790;5,8560
15754;71,3320;5,8260
15755;71,4090;5,8140
15756;71,5720;5,7910
15757;71,5340;5,8150
15758;71,4040;5,8290
15759;71,4660;5,8300
15760;71,5250;5,7200
15761;71,4530;5,8420
15762;71,5030;5,8320
15763;71,4330;5,8520
15764;71,4180;5,8380
15765;71,4310;5,8620
15766;71,4380;5,8470
15767;71,5520;5,8620
15768;71,4090;5,8190
15769;71,4680;5,8010
15770;71,5270;5,8160
15771;71,5320;5,7640
15772;71,5030;5,8130
15773;71,4410;5,7940
15774;71,4330;5,8220
15775;71,4690;5,8220
15776;71,4810;5,8400
15777;71,5760;5,7810
15778;71,4780;5,8500
15779;71,4730;5,8420
15780;71,4680;5,8390
15781;71,4930;5,7930
15782;71,4820;5,8380
15783;71,5060;5,8610
15784;71,4670;5,7920
15785;71,4170;5,8730
15786;71,4430;5,8910
15787;71,4540;5,8090
15788;71,3910;5,8160
15789;71,4730;5,7860
15790;71,5240;5,8400
15791;71,4730;5,8320
15792;71,4210;5,8370
15793;71,5050;5,8080
15794;71,5230;5,8160
15795;71,5000;5,8300
15796;71,4840;5,8460
15797;71,4650;5,8000
15798;71,4360;5,8010
15799;71,5110;5,8120
15800;71,4330;5,8280
15801;71,5070;5,8410
15802;71,5510;5,7970
15803;71,4740;5,7990
15804;71,4700;5,8560
15805;71,5310;5,7820
15806;71,5050;5,8130
15807;71,5620;5,7800
15808;71,5010;5,8350
15809;71,4370;5,8090
15810;71,5190;5,8360
15811;71,5240;5,8180
15812;71,5030;5,7790
15813;71,5240;5,7840
15814;71,5580;5,7890
15815;71,4820;5,7930
15816;71,5360;5,8350
15817;71,5110;5,8590
15818;71,5100;5,8130
15819;71,3810;5,9210
15820;71,4350;5,7890
15821;71,5100;5,7970
15822;71,5380;5,8430
15823;71,5320;5,8400
15824;71,5270;5,8090
15825;71,5060;5,8670
15826;71,4940;5,7860
15827;71,4140;5,8440
15828;71,3790;5,8180
15829;71,4440;5,7970
15830;71,2020;5,7650
15831;71,4220;5,8320
15832;71,5480;5,8090
15833;71,5940;5,8800
15834;71,5640;5,7850
15835;71,5220;5,8100
15836;71,5120;5,8630
15837;71,4560;5,8200
15838;71,4620;5,8550
15839;71,4140;5,7990
15840;71,5480;5,8500
15841;71,5230;5,8650
15842;71,4380;5,8200
15843;71,4820;5,8120
15844;71,5160;5,8600
15845;71,5600;5,8310
15846;71,5030;5,8870
15847;71,4380;5,9430
15848;71,4400;5,7840
15849;71,2610;5,8060
15850;71,3780;5,7880
15851;71,4160;5,8550
15852;71,4750;5,8920
15853;71,4640;5,8370
15854;71,3860;5,8380
15855;71,4250;5,8140
15856;71,5320;5,7870
15857;71,4950;5,8220
15858;71,5320;5,8390
15859;71,5520;5,8180
15860;71,4090;5,8110
15861;71,4010;5,8740
15862;71,4980;5,8120
15863;71,5420;5,8210
15864;71,4610;5,8230
15865;71,4510;5,8360
15866;71,4040;5,8400
15867;71,4450;5,8210
15868;71,4740;5,8230
15869;71,4160;5,8100
15870;71,4920;5,8190
15871;71,4640;5,8750
15872;71,4810;5,7960
15873;71,5030;5,9630
15874;71,4630;5,8310
15875;71,4660;5,8280
15876;71,4160;5,7980
15877;71,3940;5,8220
15878;71,4340;5,7790
15879;71,4990;5,8700
15880;71,5570;5,8300
15881;71,5540;5,8460
15882;71,4670;5,8250
15883;71,4920;5,8140
15884;71,4930;5,8560
15885;71,4380;5,8300
15886;71,3580;5,8140
15887;71,4390;5,8190
15888;71,5890;5,8270
15889;71,4420;5,8460
15890;71,5450;5,8580
15891;71,4330;5,8340
15892;71,4130;5,8270
15893;71,4070;5,8330
15894;71,3440;5,8020
15895;71,4770;5,7970
15896;71,4710;5,8020
15897;71,4850;5,8080
15898;71,5470;5,8060
15899;71,4690;5,8670
15900;71,3800;5,8060
15901;71,4720;5,8040
15902;71,5710;5,8250
15903;71,4920;5,8170
15904;71,5950;5,8270
15905;71,2650;5,8200
15906;71,4950;5,8090
15907;71,4440;5,8190
15908;71,4890;5,8780
15909;71,4950;5,8860
15910;71,3180;5,8350
15911;71,4520;5,8420
15912;71,5940;5,8030
15913;71,4630;5,8300
15914;71,3570;5,8410
15915;71,4530;5,8270
15916;71,4820;5,8480
15917;71,4410;5,8220
15918;71,3760;5,8090
15919;71,4660;5,7980
15920;71,5240;5,7930
15921;71,4650;5,7950
15922;71,4490;5,8070
15923;71,5760;5,8480
15924;71,4180;5,8320
15925;71,3530;5,8580
15926;71,4590;5,7960
15927;71,5830;5,7870
15928;71,4750;5,8090
15929;71,5740;5,8670
15930;71,4980;5,7890
15931;71,4380;5,8150
15932;71,3900;5,8770
15933;71,5060;5,8300
15934;71,4770;5,8020
15935;71,5130;5,8460
15936;71,4160;5,8300
15937;71,4970;5,7830
15938;71,4160;5,8490
15939;71,4830;5,8570
15940;71,3580;5,8090
15941;71,3560;5,8360
15942;70,7470;5,8010
15943;71,6040;5,7930
15944;71,5120;5,8270
15945;71,4710;5,8730
15946;71,4590;5,8430
15947;71,5870;5,8600
15948;71,4790;5,8300
15949;71,4400;5,8320
15950;71,5260;5,8270
15951;71,4730;5,8530
15952;71,5180;5,8420
15953;71,4740;5,8180
15954;71,4040;5,8080
15955;71,5050;5,8310
15956;71,4410;5,8310
15957;71,4090;5,9340
15958;71,4320;5,8100
15959;71,4450;5,8860
15960;71,5150;5,8420
15961;71,5400;5,8040
15962;71,4900;5,8150
15963;71,4540;5,7940
15964;71,4830;5,8130
15965;71,4610;5,8230
15966;71,4030;5,7970
15967;71,5290;5,8400
15968;71,4590;5,8230
15969;71,5250;5,7960
15970;71,5260;5,8350
15971;71,4910;5,8240
15972;71,5540;5,8410
15973;71,4640;5,8010
15974;71,5280;5,7990
15975;71,5680;5,8540
15976;71,5290;5,8050
15977;71,5120;5,8250
15978;71,4350;5,8450
15979;71,4190;5,8060
15980;71,3420;5,8490
15981;71,4320;5,8060
15982;71,4520;5,8170
15983;71,4630;5,8690
15984;71,4280;5,8030
15985;71,4650;5,8420
15986;71,5310;5,8430
15987;71,4000;5,8270
15988;71,5520;5,8490
15989;71,3830;5,8090
15990;71,4870;5,8300
15991;71,5770;5,8230
15992;71,4750;5,8290
15993;71,5490;5,8580
15994;71,4840;5,8660
15995;71,5260;5,8120
15996;71,5450;5,8100
15997;71,5090;5,8270
15998;71,4450;5,8170
15999;71,4010;5,7980
16000;71,5030;5,7730
16001;71,4950;5,8580
16002;71,4630;5,8220
16003;71,3910;5,8330
16004;71,4820;5,8400
16005;71,5200;5,8010
16006;71,4850;5,8280
16007;71,4610;5,8050
16008;71,5440;5,8050
16009;71,4790;5,8360
16010;71,3410;5,7610
16011;71,5090;5,8280
16012;71,5420;5,8420
16013;71,4950;5,8460
16014;71,4940;5,7760
16015;71,5140;5,8540
16016;71,5720;5,8810
16017;71,5150;5,8320
16018;71,4250;5,8060
16019;71,4000;5,8780
16020;71,3780;5,8060
16021;71,5070;5,8340
16022;71,4760;5,7970
16023;71,4310;5,8590
16024;71,4600;5,8010
16025;71,4420;5,8460
16026;71,2140;5,8240
16027;71,5270;5,8820
16028;71,3050;5,8280
16029;71,3680;5,8380
16030;71,4540;5,8000
16031;71,4570;5,8270
16032;71,4810;5,8410
16033;71,4490;5,8590
16034;71,5070;5,8080
16035;71,5320;5,8180
16036;71,4930;5,8010
16037;71,5520;5,8240
16038;71,5400;5,8200
16039;71,4450;5,8060
16040;71,5430;5,8720
16041;71,4040;5,7950
16042;71,4950;5,7870
16043;71,4460;5,8770
16044;71,5190;5,7990
16045;71,3910;5,8080
16046;71,5100;5,8200
16047;71,4550;5,7960
16048;71,5340;5,8090
16049;71,4460;5,8320
16050;71,4480;5,8570
16051;71,5350;5,8250
16052;71,4690;5,7910
16053;71,6040;5,7940
16054;71,4820;5,8300
16055;71,4790;5,7880
16056;71,5420;5,8290
16057;71,4420;5,8210
16058;71,3990;5,8440
16059;71,4050;5,8000
16060;71,4960;5,8080
16061;71,4960;5,8150
16062;71,5090;5,8260
16063;71,4680;5,8540
16064;71,4900;5,8010
16065;71,5210;5,8160
16066;71,5140;5,8250
16067;71,4430;5,8400
16068;71,4900;5,7970
16069;71,4350;5,8550
16070;71,6040;5,8350
16071;71,4010;5,7840
16072;71,4670;5,8510
16073;71,5750;5,8880
16074;71,4540;5,8460
16075;71,4930;5,8160
16076;71,5180;5,8950
16077;71,5560;5,8470
16078;71,5420;5,8090
16079;71,5330;5,8360
16080;71,4630;5,8070
16081;71,3810;5,8030
16082;71,4940;5,8380
16083;71,4090;5,8570
16084;71,5110;5,8190
16085;71,5560;5,8020
16086;71,3910;5,7780
16087;71,4590;5,9020
16088;71,5010;5,8360
16089;71,5310;5,8020
16090;71,4090;5,8450
16091;71,5190;5,8350
16092;71,4340;5,8470
16093;71,4270;5,8080
16094;71,4530;5,8020
16095;71,4740;5,8090
16096;71,4740;5,8740
16097;71,4870;5,7950
16098;71,5120;5,7960
16099;71,4820;5,8150
16100;71,5160;5,8120
16101;71,4870;5,8580
16102;71,4110;5,7930
16103;71,4510;5,8880
16104;71,4640;5,7970
16105;71,4820;5,8640
16106;71,5230;5,8890
16107;71,5210;5,7890
16108;71,5500;5,8230
16109;71,4970;5,8560
16110;71,5090;5,8200
16111;71,4840;5,8640
16112;71,4980;5,7570
16113;71,4230;5,8030
16114;71,5330;5,8430
16115;71,4510;5,8430
16116;71,5010;5,9210
16117;71,4980;5,8030
16118;71,4330;5,8830
16119;71,4300;5,7670
16120;71,5560;5,8190
16121;71,5180;5,8150
16122;71,3990;5,7920
16123;71,4880;5,8370
16124;71,4820;5,8100
16125;71,5380;5,7990
16126;71,5750;5,8290
16127;71,3000;5,8060
16128;71,4900;5,8500
16129;71,4120;5,8310
16130;71,3530;5,9100
16131;71,4710;5,7940
16132;71,4810;5,8100
16133;71,5400;5,8020
16134;71,3630;5,8240
16135;71,4370;5,8170
16136;71,4450;5,8160
16137;71,4590;5,8100
16138;71,4240;5,8810
16139;71,4680;5,8340
16140;71,4950;5,8530
16141;71,5680;5,8380
16142;71,3970;5,8150
16143;71,3360;5,9130
16144;71,4790;5,8510
16145;71,4200;5,8490
16146;71,4320;5,8270
16147;71,5610;5,7920
16148;71,4190;5,8400
16149;71,5030;5,8370
16150;71,4550;5,8060
16151;71,5280;5,8360
16152;71,4680;5,8800
16153;71,4620;5,8280
16154;71,4180;5,8180
16155;71,3020;5,8340
16156;71,5520;5,8150
16157;71,4470;5,8590
16158;71,5520;5,8160
16159;71,4800;5,9870
16160;71,4990;5,8060
16161;71,4710;5,8310
16162;71,4640;5,8370
16163;71,4960;5,8430
16164;71,4320;5,8330
16165;71,5080;5,8300
16166;71,4420;5,8450
16167;71,4700;5,8270
16168;71,4870;5,8550
16169;71,4370;5,8420
16170;71,0670;5,7930
16171;71,4570;5,8100
16172;71,4220;5,8160
16173;71,4670;5,7900
16174;71,3270;5,8220
16175;71,6580;5,8240
16176;71,4840;5,7970
16177;71,5290;5,8260
16178;71,4560;5,8150
16179;71,4450;5,8170
16180;71,4260;5,8420
16181;71,4050;5,7920
16182;71,5290;5,8380
16183;71,5510;5,8140
16184;71,4990;5,8170
16185;71,5470;5,8760
16186;71,4520;5,8930
16187;71,5330;5,7780
16188;71,6120;5,8880
16189;71,4830;5,8290
16190;71,4910;5,8770
16191;71,4690;5,7950
16192;71,4790;5,8330
16193;71,5790;5,8340
16194;71,5180;5,7790
16195;71,4530;5,8170
16196;71,5370;5,8140
16197;71,5010;5,8520
16198;71,2660;5,8350
16199;71,4910;5,8290
16200;71,5330;5,7890
16201;71,4500;5,8240
16202;71,5250;5,8540
16203;71,4500;5,8230
16204;71,5870;5,8250
16205;71,4210;5,9670
16206;71,4960;5,8430
16207;71,4280;5,8920
16208;71,4980;5,8560
16209;71,4190;5,8430
16210;71,5030;5,8210
16211;71,4630;5,8350
16212;71,4880;5,7750
16213;71,4430;5,8320
16214;71,4120;5,8360
16215;71,5350;5,8370
16216;71,5290;5,8130
16217;71,4870;5,7980
16218;71,5790;5,8240
16219;71,4770;5,8270
16220;71,5010;5,8340
16221;71,5030;5,8440
16222;71,4330;5,8010
16223;71,6110;5,8240
16224;71,4370;5,7380
16225;71,3870;5,8240
16226;71,4760;5,8330
16227;71,4710;5,8170
16228;71,4600;5,7900
16229;71,4760;5,8140
16230;71,4410;5,8420
16231;71,4310;5,8160
16232;71,4920;5,8140
16233;71,4620;5,8380
16234;71,4940;5,8120
16235;71,5580;5,8190
16236;71,5610;5,8440
16237;71,3770;5,8490
16238;71,5220;5,7980
16239;71,4500;5,8240
16240;71,4280;5,8310
16241;71,5370;5,8250
16242;71,4320;5,8670
16243;71,4250;5,8240
16244;71,5270;5,8290
16245;71,4070;5,8560
16246;71,4380;5,7830
16247;71,4540;5,8150
16248;71,5450;5,8240
16249;71,5520;5,8070
16250;71,5230;5,8230
16251;71,4580;5,8230
16252;71,3890;5,8330
16253;71,3580;5,7870
16254;71,5160;5,8400
16255;71,4890;5,8240
16256;71,5450;5,8230
16257;71,4880;5,8030
16258;71,3720;5,8400
16259;71,4920;5,8060
16260;71,4340;5,8230
16261;71,5150;5,7950
16262;71,4580;5,8750
16263;71,5010;5,8460
16264;71,4980;5,8450
16265;71,4440;5,8430
16266;71,4500;5,8380
16267;71,4240;5,8660
16268;71,6540;5,8350
16269;71,4900;5,7920
16270;71,4950;5,7980
16271;71,4620;5,8080
16272;71,4630;5,8070
16273;71,4850;5,8220
16274;71,4690;5,8670
16275;71,5010;5,8180
16276;71,4160;5,7870
16277;71,4850;5,8180
16278;71,5190;5,9100
16279;71,5200;5,8230
16280;71,3680;5,8700
16281;71,3950;5,8310
16282;71,4760;5,8350
16283;71,4990;5,8080
16284;71,4680;5,8300
16285;71,5700;5,8320
16286;71,4400;5,8320
16287;71,5150;5,8140
16288;71,4530;5,8390
16289;71,4460;5,8040
16290;71,4990;5,8080
16291;71,3830;5,8210
16292;71,3630;5,8020
16293;71,4150;5,8370
16294;71,4980;5,8390
16295;71,4740;5,7870
16296;71,5330;5,8260
16297;71,5140;5,7890
16298;71,4010;5,7940
16299;71,4780;5,7910
16300;71,4040;5,8070
16301;71,4300;5,8160
16302;71,4010;5,8280
16303;71,5300;5,8190
16304;71,4650;5,8300
16305;71,3880;5,8760
16306;71,5310;5,8840
16307;71,4780;5,8150
16308;71,5000;5,8080
16309;71,5130;5,8020
16310;71,5470;5,8360
16311;71,4640;5,8710
16312;71,4110;5,8380
16313;71,5360;5,8150
16314;71,5190;5,8710
16315;71,4900;5,8460
16316;71,5580;5,8340
16317;71,5210;5,7950
16318;71,4800;5,8670
16319;71,5100;5,8450
16320;71,4560;5,8200
16321;71,4390;5,7830
16322;71,4500;5,8600
16323;71,4470;5,8500
16324;71,5190;5,8310
16325;71,5220;5,8340
16326;71,5030;5,8110
16327;71,4920;5,8480
16328;71,5230;5,9080
16329;71,4180;5,8510
16330;71,5310;5,8590
16331;71,5230;5,8310
16332;71,4310;5,7970
16333;71,3900;5,8550
16334;71,4560;5,7990
16335;71,5140;5,8330
16336;71,4380;5,8120
16337;71,5490;5,8130
16338;71,5410;5,8180
16339;71,5130;5,8520
16340;71,4910;5,8240
16341;71,4050;5,8000
16342;71,4360;5,8200
16343;71,4880;5,8160
16344;71,4770;5,8230
16345;71,4690;5,7930
16346;71,4960;5,7970
16347;71,4840;5,8610
16348;71,4780;5,8070
16349;71,4530;5,8170
16350;71,3990;5,8380
16351;71,6050;5,8080
16352;71,4430;5,9570
16353;71,5350;5,8150
16354;71,4580;5,8040
16355;71,4150;5,8430
16356;71,6150;5,8290
16357;71,8940;5,8500
16358;71,5510;5,8020
16359;71,3270;5,8600
16360;71,4270;5,7750
16361;71,4700;5,8380
16362;71,4660;5,8110
16363;71,5040;5,8000
16364;71,4360;5,8570
16365;71,4140;5,8310
16366;71,5380;5,8590
16367;71,5280;5,8190
16368;71,5420;5,8150
16369;71,4150;5,8620
16370;71,4930;5,8010
16371;71,4840;5,7690
16372;71,5020;5,7880
16373;71,5070;5,8100
16374;71,5330;5,8150
16375;71,4140;5,8200
16376;71,4860;5,8500
16377;71,4080;5,9720
16378;71,5040;5,8160
16379;71,4870;5,8310
16380;71,4580;5,8330
16381;71,5210;5,8480
16382;71,4930;5,8110
16383;71,5250;5,9200
16384;71,4050;5,8070
16385;71,4870;5,7900
16386;71,5220;5,8530
16387;71,5880;5,8200
16388;71,4940;5,8410
16389;71,3920;5,8090
16390;71,4970;5,8130
16391;71,5630;5,8230
16392;71,4000;5,8290
16393;71,4310;5,8120
16394;71,4740;5,8340
16395;71,5270;5,8060
16396;71,4790;5,8340
16397;71,4760;5,7910
16398;71,4380;5,8130
16399;71,5330;5,8600
16400;71,5080;5,8260
16401;71,4900;5,8050
16402;71,5070;5,7990
16403;71,4500;5,8530
16404;71,4250;5,8360
16405;71,5170;5,8040
16406;71,5840;5,8150
16407;71,3900;5,8330
16408;71,5050;5,7950
16409;71,5330;5,8550
16410;71,3830;5,8600
16411;71,5180;5,8260
16412;71,4810;5,8360
16413;71,4910;5,8340
16414;71,4790;5,8330
16415;71,4500;5,8160
16416;71,4750;5,8440
16417;71,4580;5,8130
16418;71,5030;5,8070
16419;71,2440;5,8110
16420;71,5240;5,7880
16421;71,4420;5,8010
16422;71,3900;5,8030
16423;71,5190;5,8520
16424;71,4770;5,8030
16425;71,4730;5,7930
16426;71,4910;5,7900
16427;71,4800;5,8920
16428;71,4170;5,8050
16429;71,4510;5,7950
16430;71,4450;5,7980
16431;71,4960;5,8190
16432;71,4790;5,8140
16433;71,5290;5,8290
16434;71,3850;5,8220
16435;71,5760;5,8300
16436;71,4750;5,8150
16437;71,4280;5,7740
16438;71,4280;5,8380
16439;71,4590;5,8470
16440;71,4960;5,7940
16441;71,5390;5,8340
16442;71,4320;5,8110
16443;71,4860;5,8610
16444;71,4860;5,8500
16445;71,5660;5,8220
16446;71,4730;5,8160
16447;71,3900;5,8400
16448;71,3400;5,8420
16449;71,4030;5,7960
16450;71,4700;5,8170
16451;71,4970;5,8170
16452;71,4600;5,8130
16453;71,4520;5,7640
16454;71,3760;5,8300
16455;71,4180;5,8300
16456;71,4230;5,8110
16457;71,5340;5,8120
16458;71,5380;5,8210
16459;71,5590;5,8300
16460;71,3980;5,8180
16461;71,4150;5,8180
16462;71,4730;5,7910
16463;71,4690;5,8220
16464;71,3750;5,8020
16465;71,4040;5,7990
16466;71,5270;5,8510
16467;71,3700;5,8650
16468;71,4020;5,8100
16469;71,5400;5,7960
16470;71,4760;5,9240
16471;71,4250;5,8360
16472;71,4640;5,8190
16473;71,4590;5,8370
16474;71,5280;5,9110
16475;71,4740;5,8390
16476;71,4430;5,7960
16477;71,4950;5,7800
16478;71,5380;5,8270
16479;71,3900;5,8380
16480;71,4650;5,8270
16481;71,3910;5,8300
16482;71,5860;5,8460
16483;71,4630;5,7970
16484;71,5120;5,8220
16485;71,5030;5,8100
16486;71,4230;5,8410
16487;71,4140;5,8480
16488;71,4500;5,8160
16489;71,4870;5,8560
16490;71,4690;5,8290
16491;71,5170;5,8440
16492;71,5060;5,8310
16493;71,5470;5,8480
16494;71,4750;5,7830
16495;71,4260;5,8130
16496;71,4770;5,7970
16497;71,5330;5,8090
16498;71,2810;5,8310
16499;71,6150;5,8080
16500;72,1170;5,8200
16501;71,3750;5,7760
16502;71,4210;5,8040
16503;71,5670;5,8580
16504;71,4830;5,8290
16505;71,4790;5,8020
16506;71,4470;5,8020
16507;71,5470;5,8450
16508;71,4740;5,7800
16509;71,4990;5,8360
16510;71,4310;5,8300
16511;71,4560;5,8120
16512;71,6970;5,8380
16513;71,5150;5,8170
16514;71,3750;5,8130
16515;71,4600;5,8010
16516;71,4760;5,8290
16517;71,5380;5,8430
16518;71,3970;5,7960
16519;71,5660;5,7940
16520;71,5350;5,8160
16521;71,4450;5,8110
16522;71,4020;5,8600
16523;71,3930;5,9250
16524;71,4370;5,8010
16525;71,3510;5,7960
16526;71,4800;5,7940
16527;71,3950;5,8390
16528;71,3900;5,8150
16529;71,5240;5,8250
16530;71,5210;5,8250
16531;71,4360;5,8160
16532;71,4440;5,8170
16533;71,4500;5,7870
16534;71,4490;5,7930
16535;71,4180;5,8200
16536;71,4030;5,8480
16537;71,5000;5,8320
16538;71,4890;5,7970
16539;71,4990;5,8050
16540;71,4520;5,8180
16541;71,3860;5,8360
16542;71,5500;5,7990
16543;71,4650;5,8340
16544;71,3730;5,8180
16545;71,4980;5,8270
16546;71,5600;5,8080
16547;71,4180;5,8150
16548;71,5090;5,8210
16549;71,4620;5,8280
16550;71,4200;5,8100
16551;71,0060;5,8190
16552;71,4320;5,8330
16553;71,3950;5,8480
16554;71,5380;5,8210
16555;71,3650;5,7950
16556;71,4330;5,7920
16557;71,3770;5,7980
16558;71,4690;5,8210
16559;71,5050;5,8160
16560;71,4670;5,8300
16561;71,4640;5,7870
16562;71,4550;5,7920
16563;71,5310;5,8110
16564;71,4550;5,8010
16565;71,5010;5,8220
16566;71,4800;5,8830
16567;71,6170;5,7260
16568;71,4710;5,8320
16569;71,4640;5,8040
16570;71,3850;5,8220
16571;71,5100;5,8420
16572;71,5030;5,8080
16573;71,4730;5,8150
16574;71,3850;5,8290
16575;71,4690;5,8560
16576;71,4820;5,8230
16577;71,4580;5,8000
16578;71,4140;5,8590
16579;71,4060;5,7880
16580;71,5100;5,7800
16581;71,3300;5,8920
16582;71,5040;5,8160
16583;71,4080;5,8370
16584;71,4520;5,8360
16585;71,4260;5,8480
16586;71,4850;5,8120
16587;71,6030;5,8040
16588;71,5130;5,8100
16589;71,5460;5,8220
16590;71,3710;5,7610
16591;71,4020;5,7810
16592;71,4250;5,8030
16593;71,5010;5,8050
16594;71,4800;5,8340
16595;71,4550;5,8300
16596;71,4630;5,8150
16597;71,5200;5,8630
16598;71,4940;5,8350
16599;71,4590;5,8260
16600;71,4230;5,7960
16601;71,3990;5,8600
16602;71,3900;5,8020
16603;71,4520;5,8450
16604;71,4760;5,8250
16605;71,4980;5,8680
16606;71,4570;5,8460
16607;71,4710;5,8130
16608;71,5030;5,8080
16609;71,4760;5,8110
16610;71,4290;5,7920
16611;71,4920;5,8550
16612;71,4880;5,7920
16613;71,4990;5,8240
16614;71,4560;5,7530
16615;71,5010;5,7990
16616;71,4450;5,8130
16617;71,4600;5,8170
16618;71,4650;5,8080
16619;71,5320;5,8310
16620;71,4340;5,9460
16621;71,5760;5,8200
16622;71,3640;5,8290
16623;71,4820;5,8210
16624;71,4220;5,8170
16625;71,4830;5,8610
16626;71,4620;5,7920
16627;71,5560;5,8540
16628;71,4510;5,8210
16629;71,4390;5,8400
16630;71,4670;5,8200
16631;71,5470;5,8280
16632;71,3590;5,8270
16633;71,4780;5,7930
16634;71,5380;5,9180
16635;71,5090;5,8240
16636;71,4610;5,8560
16637;71,5420;5,8760
16638;71,4590;5,7940
16639;71,4020;5,8340
16640;71,5440;5,8250
16641;71,4480;5,8450
16642;71,4750;5,7970
16643;71,5150;5,8650
16644;71,5250;5,8030
16645;71,5330;5,8160
16646;71,5430;5,8250
16647;71,5610;5,7860
16648;71,4590;5,8110
16649;71,3820;5,8510
16650;71,4330;5,8250
16651;71,3570;5,7480
16652;71,2240;5,8200
16653;71,5010;5,7980
16654;71,4050;5,8060
16655;71,4350;5,8440
16656;71,4510;5,7800
16657;71,4780;5,7800
16658;71,4830;5,8150
16659;71,5020;5,8780
16660;71,4680;5,8870
16661;71,4650;5,8110
16662;71,4880;5,7940
16663;71,5170;5,8210
16664;71,4410;5,8280
16665;71,4610;5,8290
16666;71,3700;5,8620
16667;71,4680;5,8260
16668;71,5460;5,8440
16669;71,4690;5,8660
16670;71,4670;5,8890
16671;71,2500;5,8110
16672;71,4350;5,8520
16673;71,3920;5,8330
16674;71,4310;5,8060
16675;71,5010;5,8370
16676;71,4580;5,8560
16677;71,5190;5,8140
16678;71,4400;5,8310
16679;71,4130;5,7980
16680;71,5160;5,7920
16681;71,4300;5,8020
16682;71,5520;5,7970
16683;71,5100;5,9180
16684;71,3900;5,8350
16685;71,4790;5,8300
16686;71,4620;5,8000
16687;71,4040;5,7900
16688;71,4410;5,8280
16689;71,5820;5,8320
16690;71,4480;5,8100
16691;71,4020;5,8010
16692;71,4510;5,7900
16693;71,3960;5,8330
16694;71,3980;5,8310
16695;71,5070;5,8210
16696;71,4760;5,8050
16697;71,4430;5,8070
16698;71,4520;5,8330
16699;71,4290;5,7990
16700;71,4890;5,8200
16701;71,4840;5,8360
16702;71,4300;5,8530
16703;71,5060;5,8520
16704;71,4600;5,8260
16705;71,4820;5,8300
16706;71,4820;5,8450
16707;71,5470;5,8150
16708;71,4260;5,9630
16709;71,4900;5,8240
16710;71,4320;5,8420
16711;71,4280;5,8380
16712;71,4180;5,8010
16713;71,3630;5,7960
16714;71,4700;5,7970
16715;71,4800;5,8550
16716;71,5140;5,8150
16717;71,5370;5,8120
16718;71,5140;5,8560
16719;71,5030;5,8350
16720;71,5130;5,8070
16721;71,5810;5,8270
16722;71,4950;5,8460
16723;71,3860;5,8160
16724;71,4820;5,8890
16725;71,4980;5,8260
16726;71,4880;5,8380
16727;71,4250;5,8630
16728;71,4540;5,8370
16729;71,4990;5,8120
16730;71,5010;5,8090
16731;71,4070;5,9150
16732;71,5490;5,7880
16733;71,5030;5,8400
16734;71,4170;5,7800
16735;71,5100;5,8150
16736;71,4990;5,8570
16737;71,4970;5,8730
16738;71,4750;5,8180
16739;71,4330;5,8140
16740;71,4280;5,8040
16741;71,4770;5,8480
16742;71,4930;5,9280
16743;71,4230;5,8630
16744;71,4280;5,8090
16745;71,3180;5,8270
16746;71,5240;5,8260
16747;71,4460;5,8110
16748;71,4580;5,8150
16749;71,4420;5,7900
16750;71,2780;5,8200
16751;71,4410;5,8170
16752;71,4480;5,8470
16753;71,3880;5,7970
16754;71,4060;5,8560
16755;71,3920;5,8560
16756;71,4560;5,8160
16757;71,4350;5,6870
16758;71,5140;5,8130
16759;71,4570;5,8060
16760;71,4940;5,8310
16761;71,4120;5,8310
16762;71,5170;5,8050
16763;71,4630;5,8050
16764;71,4740;5,8230
16765;71,4540;5,7590
16766;71,4680;5,8420
16767;71,5010;5,8470
16768;71,5140;5,8610
16769;71,3790;5,8410
16770;71,4820;5,8340
16771;71,5210;5,8600
16772;71,4030;5,7970
16773;71,3360;5,8360
16774;71,5030;5,8250
16775;71,3850;5,7950
16776;71,5000;5,8020
16777;71,3880;5,7850
16778;71,4980;5,7690
16779;71,5350;5,8420
16780;71,4190;5,8230
16781;71,4920;5,8180
16782;71,4940;5,8610
16783;71,4240;5,7890
16784;71,4380;5,8190
16785;71,4380;5,8260
16786;71,4730;5,9090
16787;71,5130;5,8390
16788;71,4980;5,8230
16789;71,3890;5,8230
16790;71,5430;5,8470
16791;71,4800;5,8210
16792;71,4300;5,8120
16793;71,5230;5,8030
16794;71,4830;5,8240
16795;71,4760;5,8280
16796;71,4070;5,8330
16797;71,4980;5,8230
16798;71,4100;5,8110
16799;71,3800;5,8130
16800;71,4130;5,9000
16801;71,4750;5,7930
16802;71,4880;5,8350
16803;71,3930;5,8740
16804;71,4840;5,7920
16805;71,5120;5,8860
16806;71,5760;5,8640
16807;71,4970;5,8010
16808;71,3880;5,8250
16809;71,5000;5,8030
16810;71,4280;5,8440
16811;71,5110;5,8370
16812;71,4330;5,8560
16813;71,5340;5,8470
16814;71,4950;5,8280
16815;71,4800;5,8600
16816;71,2880;5,8060
16817;71,5110;5,8440
16818;71,4390;5,7560
16819;71,4860;5,7860
16820;71,5140;5,8160
16821;71,4350;5,8290
16822;71,4160;5,8660
16823;71,4830;5,8090
16824;71,4520;5,8170
16825;71,5260;5,8320
16826;71,4830;5,8260
16827;71,4860;5,8220
16828;71,4410;5,8190
16829;71,4030;5,9010
16830;71,4800;5,9030
16831;71,5180;5,8100
16832;71,5560;5,8120
16833;71,5250;5,7920
16834;71,3470;5,8460
16835;71,4660;5,8130
16836;71,4480;5,8590
16837;71,4840;5,8000
16838;71,3960;5,8910
16839;71,4020;5,8360
16840;71,4460;5,8160
16841;71,4990;5,8440
16842;71,4860;5,7810
16843;71,4130;5,8060
16844;71,5640;5,8070
16845;71,3180;5,8510
16846;71,5100;5,8430
16847;71,4970;5,8460
16848;71,5000;5,8090
16849;71,4960;5,8750
16850;71,4000;5,8320
16851;71,4580;5,8110
16852;71,5110;5,8770
16853;71,4630;5,9630
16854;71,3640;5,8590
16855;71,3530;5,8550
16856;71,5560;5,8040
16857;71,5050;5,7640
16858;71,5200;5,8020
16859;71,4700;5,8110
16860;71,5040;5,8620
16861;71,4400;5,8130
16862;71,4930;5,8320
16863;71,5550;5,7960
16864;71,4870;5,8150
16865;71,5230;5,8300
16866;71,4580;5,8130
16867;71,4960;5,8360
16868;71,4880;5,7940
16869;71,5320;5,8400
16870;71,3580;5,7960
16871;71,5170;5,8020
16872;71,4640;5,8180
16873;71,4920;5,8530
16874;71,4490;5,8260
16875;71,4750;5,8460
16876;71,4770;5,8600
16877;71,3940;5,8630
16878;71,4530;5,8080
16879;71,3880;5,8620
16880;71,4750;5,8120
16881;71,5440;5,8060
16882;71,4210;5,7820
16883;71,4340;5,8170
16884;71,4620;5,9210
16885;71,4880;5,9160
16886;71,5120;5,8680
16887;71,5160;5,8430
16888;71,4740;5,8440
16889;71,5660;5,8470
16890;71,4570;5,8980
16891;71,4370;5,8160
16892;71,5080;5,8330
16893;71,5150;5,8590
16894;71,4510;5,8200
16895;71,4840;5,7990
16896;71,5180;5,8210
16897;71,4620;5,8050
16898;71,4940;5,8360
16899;71,5090;5,8040
16900;71,4130;5,8120
16901;71,5210;5,8220
16902;71,4020;5,8590
16903;71,2080;5,8130
16904;71,4720;5,8200
16905;71,4260;5,7980
16906;71,4720;5,8200
16907;71,5640;5,8210
16908;71,4840;5,8240
16909;71,4550;5,8740
16910;71,4620;5,8420
16911;71,4540;5,8050
16912;71,4940;5,8290
16913;71,5220;5,8610
16914;71,5120;5,8030
16915;71,4690;5,9240
16916;71,4150;5,7970
16917;71,4320;5,8060
16918;71,5510;5,8230
16919;71,4250;5,8240
16920;71,4510;5,8250
16921;71,4630;5,8170
16922;71,5850;5,7910
16923;71,3790;5,8110
16924;71,5160;5,7980
16925;71,4930;5,8270
16926;71,4770;5,7960
16927;71,4520;5,8540
16928;71,4900;5,7930
16929;71,3920;5,8070
16930;71,4970;5,8130
16931;71,5020;5,8630
16932;71,5070;5,8150
16933;71,5220;5,8360
16934;71,4660;5,8330
16935;71,4840;5,9040
16936;71,3900;5,8180
16937;71,4570;5,8600
16938;71,4410;5,8290
16939;71,6010;5,8170
16940;71,5540;5,8720
16941;71,4000;5,7810
16942;71,4850;5,8390
16943;71,4040;5,8170
16944;71,5380;5,8030
16945;71,4590;5,8150
16946;71,4810;5,8340
16947;71,5080;5,7900
16948;71,5430;5,8600
16949;71,4250;5,7880
16950;71,4840;5,8680
16951;71,4980;5,7970
16952;71,4720;5,8250
16953;71,4060;5,7920
16954;71,5160;5,8150
16955;71,4760;5,8220
16956;71,4870;5,8310
16957;71,4250;5,7910
16958;71,3780;5,7910
16959;71,4740;5,7710
16960;71,4490;5,8070
16961;71,4580;5,8620
16962;71,4570;5,9220
16963;71,4810;5,8130
16964;71,4970;5,8210
16965;71,4880;5,8070
16966;71,4860;5,8170
16967;71,3960;5,7980
16968;71,5120;5,8030
16969;71,4350;5,8530
16970;71,4660;5,8160
16971;71,5770;5,8100
16972;71,3230;5,8470
16973;71,2880;5,8690
16974;71,4430;5,8060
16975;71,4820;5,7900
16976;71,5060;5,8390
16977;71,3520;5,8520
16978;71,5310;5,8350
16979;71,6150;5,8110
16980;71,4620;5,7950
16981;71,4020;5,8010
16982;71,5620;5,8360
16983;71,4620;5,7830
16984;71,5530;5,8240
16985;71,5820;5,8190
16986;71,5310;5,8450
16987;71,4290;5,8320
16988;71,4590;5,8060
16989;71,3730;5,8160
16990;71,4570;5,8350
16991;71,4020;5,8280
16992;71,5700;5,8390
16993;71,4830;5,8260
16994;71,4660;5,8400
16995;71,4830;5,8310
16996;71,1880;5,7980
16997;71,7430;5,8900
16998;71,3230;5,8240
16999;71,3730;5,8110
17000;71,3980;5,8550
17001;71,5140;5,8230
17002;71,4050;5,8470
17003;71,3390;5,8140
17004;71,4820;5,8500
17005;71,5370;5,8270
17006;71,4220;5,7900
17007;71,3310;5,9220
17008;71,4430;5,8290
17009;71,4560;5,8010
17010;71,3520;5,8210
17011;71,5340;5,8190
17012;71,4160;5,8190
17013;71,3960;5,8490
17014;71,4500;5,8570
17015;71,5060;5,8110
17016;71,5270;5,8230
17017;71,5580;5,8650
17018;71,5010;5,8580
17019;71,4950;5,8120
17020;71,4950;5,8290
17021;71,4770;5,7920
17022;71,4440;5,8050
17023;71,4020;5,8740
17024;71,4140;5,8040
17025;71,5230;5,7570
17026;71,4660;5,8140
17027;71,3300;5,8120
17028;71,4840;5,8570
17029;71,4560;5,8260
17030;71,4610;5,8180
17031;71,4640;5,8570
17032;71,5790;5,8260
17033;71,4270;5,8220
17034;71,5070;5,8190
17035;71,4870;5,8110
17036;71,2650;5,8150
17037;71,4340;5,8010
17038;71,4050;5,8100
17039;71,3980;5,8440
17040;71,4010;5,8360
17041;71,3980;5,8350
17042;71,5110;5,8110
17043;71,4220;5,8000
17044;71,4380;5,7980
17045;71,5240;5,8520
17046;71,5130;5,8140
17047;71,1790;5,8260
17048;71,4740;5,8210
17049;71,4030;5,8110
17050;71,4800;5,8270
17051;71,5260;5,7770
17052;71,5520;5,8090
17053;71,4250;5,8800
17054;71,3540;5,8110
17055;71,5950;5,8160
17056;71,5860;5,8540
17057;71,4750;5,8000
17058;71,2000;5,8210
17059;71,4870;5,7960
17060;71,4260;5,8480
17061;71,5830;5,8440
17062;71,4820;5,8360
17063;71,5020;5,8450
17064;71,4700;5,8220
17065;71,4400;5,8280
17066;71,4870;5,8100
17067;71,3920;5,8040
17068;71,4630;5,8290
17069;71,4220;5,8190
17070;71,4690;5,8250
17071;71,3630;5,8270
17072;71,4160;5,9030
17073;71,5120;5,8120
17074;71,4700;5,7840
17075;71,4550;5,8140
17076;71,4820;5,7810
17077;71,4900;5,8350
17078;71,4940;5,8430
17079;71,4950;5,8150
17080;71,4950;5,8280
17081;71,3770;5,8310
17082;71,5290;5,8020
17083;71,4400;5,8050
17084;71,4130;5,8130
17085;71,4220;5,8120
17086;71,4930;5,8150
17087;71,4000;5,7900
17088;71,3870;5,7890
17089;71,3820;5,9450
17090;71,5230;5,8300
17091;71,4030;5,7950
17092;71,4960;5,8710
17093;71,4190;5,8650
17094;71,3820;5,7880
17095;71,3340;5,8160
17096;71,5270;5,7860
17097;71,4930;5,8110
17098;71,3310;5,8850
17099;71,4370;5,8160
17100;71,4220;5,8410
17101;71,4910;5,8160
17102;71,4890;5,8340
17103;71,5080;5,8080
17104;71,4700;5,8180
17105;71,3890;5,8270
17106;71,5240;5,8170
17107;71,3630;5,8130
17108;71,4120;5,8200
17109;71,4630;5,8050
17110;71,5000;5,8280
17111;71,4010;5,8240
17112;71,4760;5,8050
17113;71,5060;5,7990
17114;71,4810;5,7800
17115;71,4670;5,8350
17116;71,5280;5,8630
17117;71,4380;5,8530
17118;71,5240;5,8110
17119;71,4860;5,8540
17120;71,4860;5,8460
17121;71,3830;5,8440
17122;71,4800;5,9000
17123;71,4590;5,8320
17124;71,4670;5,8190
17125;71,5230;5,8080
17126;71,4340;5,8430
17127;71,4320;5,8110
17128;71,4110;5,7960
17129;71,4990;5,7980
17130;71,4670;5,7990
17131;71,5040;5,8200
17132;71,4580;5,7870
17133;71,4430;5,8400
17134;71,3980;5,8230
17135;71,4430;5,8200
17136;71,4020;5,7890
17137;71,4910;5,7800
17138;71,3260;5,8000
17139;71,4330;5,8210
17140;71,4420;5,7960
17141;71,5790;5,8200
17142;71,4340;5,8280
17143;71,5200;5,7860
17144;71,4820;5,8150
17145;71,5280;5,8250
17146;71,4880;5,8330
17147;71,5030;5,8250
17148;71,4780;5,8120
17149;71,5290;5,8080
17150;71,4590;5,8130
17151;71,5460;5,8030
17152;71,4930;5,8230
17153;71,4820;5,8420
17154;71,4350;5,8740
17155;71,5030;5,8180
17156;71,5640;5,8590
17157;71,3690;5,8280
17158;71,4910;5,8220
17159;71,5800;5,8720
17160;71,5410;5,8050
17161;71,4220;5,7760
17162;71,4580;5,8380
17163;71,4870;5,8160
17164;71,4120;5,8340
17165;71,4820;5,7910
17166;71,4600;5,8770
17167;71,3960;5,8240
17168;71,4570;5,8270
17169;71,5020;5,8880
17170;71,4340;5,8300
17171;71,4010;5,7840
17172;71,4540;5,7920
17173;71,5080;5,8210
17174;71,5790;5,8360
17175;71,4060;5,8050
17176;71,4770;5,8010
17177;71,5370;5,8190
17178;71,5180;5,8620
17179;71,4740;5,8200
17180;71,4390;5,8320
17181;71,5090;5,8290
17182;71,3830;5,8000
17183;71,5010;5,8120
17184;71,5620;5,7800
17185;71,4220;5,8400
17186;71,3840;5,8610
17187;71,4680;5,8350
17188;71,4660;5,8490
17189;71,4100;5,8190
17190;71,3850;5,8450
17191;71,4360;5,7920
17192;71,3650;5,8540
17193;71,4260;5,8310
17194;71,5110;5,8730
17195;71,4910;5,9310
17196;71,4650;5,8190
17197;71,4340;5,8070
17198;71,5110;5,7750
17199;71,4670;5,7460
17200;71,4870;5,7870
17201;71,4300;5,8100
17202;71,5060;5,8480
17203;71,3550;5,8720
17204;71,5100;5,8340
17205;71,3590;5,8290
17206;71,5540;5,9210
17207;71,4870;5,8260
17208;71,3630;5,8100
17209;71,5080;5,8310
17210;71,5150;5,8130
17211;71,5010;5,8080
17212;71,5270;5,8260
17213;71,4770;5,8140
17214;71,4630;5,9360
17215;71,5410;5,8220
17216;71,4410;5,7970
17217;71,3590;5,8160
17218;71,4630;5,8250
17219;71,4520;5,8000
17220;71,5610;5,7970
17221;71,5100;5,8030
17222;71,4790;5,8310
17223;71,5020;5,8260
17224;71,3880;5,8150
17225;71,5210;5,8040
17226;71,2930;5,8030
17227;71,4760;5,8060
17228;71,3960;5,8970
17229;71,4790;5,8390
17230;71,5300;5,7910
17231;71,3950;5,9930
17232;71,4610;5,8210
17233;71,5040;5,8320
17234;71,4900;5,8470
17235;71,4920;5,8210
17236;71,4640;5,8150
17237;71,5180;5,9120
17238;71,4440;5,8330
17239;71,4870;5,8200
17240;71,3470;5,8080
17241;71,4270;5,8230
17242;71,6370;5,8250
17243;71,5310;5,8600
17244;71,4860;5,7800
17245;71,4570;5,8110
17246;71,3910;5,8290
17247;71,5200;5,8990
17248;71,4650;5,8740
17249;71,4490;5,8390
17250;71,4670;5,8390
17251;71,4160;5,8160
17252;71,2850;5,8200
17253;71,4490;5,8110
17254;71,4240;5,8280
17255;73,0080;5,7960
17256;71,4770;5,9500
17257;71,3730;5,8400
17258;71,4610;5,8120
17259;71,4910;5,8220
17260;71,5050;5,7960
17261;71,5160;5,8230
17262;71,4220;5,7980
17263;71,4300;5,8240
17264;71,5140;5,8290
17265;71,5300;5,8500
17266;71,4270;5,7970
17267;71,4920;5,8030
17268;71,4430;5,8220
17269;71,4400;5,8260
17270;71,4100;5,8280
17271;71,3650;5,7600
17272;71,4250;5,8180
17273;71,4450;5,8430
17274;71,4950;5,8580
17275;71,4680;5,8450
17276;71,5200;5,7710
17277;71,4640;5,8430
17278;71,4700;5,8380
17279;71,5170;5,8410
17280;71,5050;5,7930
17281;71,4570;5,8260
17282;71,5170;5,8520
17283;71,4930;5,8220
17284;71,5260;5,8230
17285;71,4260;5,7980
17286;71,5100;5,8200
17287;71,4770;5,8120
17288;71,4060;5,8190
17289;71,4540;5,8100
17290;71,3620;5,8570
17291;71,5000;5,8020
17292;71,5190;5,8390
17293;71,4660;5,8680
17294;71,3430;5,8170
17295;71,4580;5,8040
17296;71,4980;5,8470
17297;71,4330;5,8270
17298;71,4440;5,8780
17299;71,4650;5,7920
17300;71,4320;5,8330
17301;71,4670;5,8420
17302;71,5260;5,8380
17303;71,5080;5,8440
17304;71,3930;5,8430
17305;71,5030;5,8480
17306;71,4400;5,8030
17307;71,4350;5,8290
17308;71,4780;5,8320
17309;71,5220;5,8610
17310;71,5660;5,8640
17311;71,4080;5,8100
17312;71,4800;5,8120
17313;71,4540;5,8250
17314;71,4630;5,8080
17315;71,4800;5,8180
17316;71,5090;5,8090
17317;71,4760;5,8250
17318;71,3980;5,8420
17319;71,4270;5,8540
17320;71,4520;5,8180
17321;71,4390;5,8230
17322;71,3650;5,8370
17323;71,2970;5,7920
17324;71,4400;5,8070
17325;71,4580;5,8430
17326;71,5070;5,8270
17327;71,3960;5,8330
17328;71,4660;5,7820
17329;71,2080;5,8510
17330;71,5090;5,8280
17331;71,4480;5,8040
17332;71,4590;5,8210
17333;71,5000;5,8140
17334;71,4710;5,8160
17335;71,4100;5,8470
17336;71,4050;5,8810
17337;71,4200;5,7890
17338;71,4430;5,8560
17339;71,5210;5,8150
17340;71,4680;5,8230
17341;71,4770;5,7900
17342;71,4810;5,8140
17343;71,5440;5,8240
17344;71,4750;5,8300
17345;71,5300;5,8360
17346;71,5030;5,8100
17347;71,5200;5,8050
17348;71,4690;5,8290
17349;71,3820;5,8150
17350;71,4030;5,8350
17351;71,4820;5,8090
17352;71,4850;5,8250
17353;71,4360;5,7790
17354;71,4100;5,8350
17355;71,3580;5,8170
17356;71,3940;5,8320
17357;71,4750;5,8090
17358;71,3980;5,8240
17359;71,3980;5,8070
17360;71,4720;5,7910
17361;71,4980;5,8500
17362;71,4970;5,8510
17363;71,4610;5,7790
17364;71,4200;5,8410
17365;71,5370;5,8340
17366;71,4320;5,8450
17367;71,4670;5,7980
17368;71,5510;5,7990
17369;71,4870;5,8060
17370;71,3640;5,8490
17371;71,4210;5,8230
17372;71,3990;5,8290
17373;71,5140;5,7830
17374;71,5110;5,8100
17375;71,3930;5,8150
17376;71,4080;5,7900
17377;71,1440;5,8250
17378;71,4660;5,7950
17379;71,4630;5,8090
17380;71,5250;5,8030
17381;71,4040;5,8060
17382;71,5760;5,8030
17383;71,6650;5,8420
17384;71,5540;5,9110
17385;71,5290;5,8190
17386;71,4940;5,8240
17387;71,5140;5,8100
17388;71,5050;5,7990
17389;71,4560;5,8520
17390;71,4340;5,8230
17391;71,4680;5,8290
17392;71,5180;5,7720
17393;71,5110;5,8300
17394;71,4380;5,8210
17395;71,4250;5,8010
17396;71,5450;5,8330
17397;71,3930;5,8370
17398;71,5030;5,8000
17399;71,5420;5,8970
17400;71,3860;5,8750
17401;71,4340;5,8740
17402;71,4930;5,8190
17403;71,4820;5,8200
17404;71,4950;5,8270
17405;71,3380;5,8270
17406;71,4930;5,8550
17407;71,5830;5,8560
17408;71,4750;5,8340
17409;71,3670;5,8160
17410;71,4400;5,8000
17411;71,4600;5,8100
17412;71,5320;5,8480
17413;71,4990;5,7980
17414;71,4090;5,7760
17415;71,4490;5,8250
17416;71,4860;5,8370
17417;71,4960;5,7900
17418;71,3600;5,8280
17419;71,4520;5,7770
17420;71,4880;5,8030
17421;71,3970;5,8570
17422;71,4800;5,8520
17423;71,3980;5,6460
17424;71,3910;5,9050
17425;71,4570;5,8010
17426;71,5610;5,7890
17427;71,4850;5,8350
17428;71,4170;5,8800
17429;71,6030;5,8310
17430;71,4650;5,9060
17431;71,5000;5,8370
17432;71,4680;5,8360
17433;71,4400;5,8040
17434;71,5480;5,8200
17435;71,4000;5,7950
17436;71,4120;5,8010
17437;71,5370;5,8290
17438;71,5040;5,8320
17439;71,4820;5,8510
17440;71,4470;5,7770
17441;71,4320;5,8020
17442;71,4430;5,7840
17443;71,4780;5,8020
17444;71,4110;5,8350
17445;71,4990;5,8560
17446;71,4480;5,8180
17447;71,4850;5,8600
17448;71,5290;5,7920
17449;71,3610;5,8140
17450;71,4210;5,8560
17451;71,5220;5,8330
17452;71,4000;5,8360
17453;71,5850;5,8520
17454;71,4950;5,8120
17455;71,4280;5,8160
17456;71,4290;5,8240
17457;71,4570;5,8790
17458;71,4970;5,7950
17459;71,5140;5,8300
17460;71,3940;5,8870
17461;71,5110;5,7850
17462;71,4610;5,8380
17463;71,4080;5,8290
17464;71,4990;5,8050
17465;71,3310;5,8370
17466;71,3830;5,8230
17467;71,5060;5,8530
17468;71,4430;5,8130
17469;71,4120;5,8510
17470;71,4480;5,7840
17471;71,4320;5,8160
17472;71,4200;5,7980
17473;71,6060;5,8150
17474;73,1130;5,8310
17475;71,5410;5,8730
17476;71,4600;5,8090
17477;71,4720;5,8040
17478;71,4190;5,8240
17479;71,3670;5,8250
17480;71,4260;5,8250
17481;71,4660;5,8570
17482;71,4130;5,8500
17483;71,4420;5,8470
17484;71,4470;5,8100
17485;71,5140;5,8220
17486;71,4450;5,8810
17487;71,5530;5,9380
17488;71,4400;5,8300
17489;71,4870;5,8240
17490;71,4470;5,8080
17491;71,6410;5,8270
17492;71,4550;5,8240
17493;71,4230;5,8350
17494;71,4380;5,8110
17495;71,3410;5,8440
17496;71,4790;5,8140
17497;71,4640;5,8090
17498;71,5120;5,7990
17499;71,4020;5,8300
17500;71,4360;5,8500
17501;71,5130;5,8350
17502;71,5950;5,8410
17503;71,4170;5,8210
17504;71,5840;5,8030
17505;71,4370;5,8830
17506;71,3830;5,7970
17507;71,4330;5,8460
17508;71,4030;5,8140
17509;71,5420;5,8310
17510;71,4260;5,7880
17511;71,5130;5,8360
17512;71,5230;5,8500
17513;71,4460;5,8480
17514;71,5710;5,8220
17515;71,4410;5,8170
17516;71,4410;5,8090
17517;71,3750;5,8300
17518;71,5090;5,8250
17519;71,3670;5,8090
17520;71,4610;5,8530
17521;71,3360;5,8440
17522;71,5380;5,8010
17523;71,5190;5,7890
17524;71,4700;5,7990
17525;71,3900;5,8310
17526;71,4180;5,8300
17527;71,4640;5,8290
17528;71,4970;5,8110
17529;71,4670;5,8240
17530;71,3750;5,7920
17531;71,5430;5,8230
17532;71,5700;5,8230
17533;71,6020;5,7900
17534;71,3610;5,8010
17535;71,5100;5,8330
17536;71,5190;5,8770
17537;71,4020;5,8240
17538;71,3720;5,8300
17539;71,2860;5,8180
17540;71,5130;5,8640
17541;71,4110;5,8260
17542;71,6320;5,7970
17543;71,5810;5,8080
17544;71,5600;5,7840
17545;71,4770;5,8270
17546;71,4300;5,7930
17547;71,2060;5,8290
17548;71,5010;5,8080
17549;71,4050;5,6670
17550;71,3900;5,7940
17551;71,4060;5,7930
17552;71,4850;5,7960
17553;71,4790;5,8200
17554;71,4500;5,8920
17555;71,3850;5,7900
17556;71,4900;5,7940
17557;71,3800;5,8360
17558;71,5010;5,8350
17559;71,4770;5,7990
17560;71,5010;5,8270
17561;71,5060;5,7940
17562;71,4610;5,8330
17563;71,4640;5,8730
17564;71,3120;5,8290
17565;71,4750;5,8410
17566;71,4850;5,8330
17567;71,3800;5,8450
17568;71,3950;5,8160
17569;71,4830;5,8450
17570;71,2960;5,8470
17571;71,3600;5,8050
17572;71,4870;5,8260
17573;71,5000;5,8000
17574;71,4350;5,8660
17575;71,5660;5,7940
17576;71,4470;5,8340
17577;71,5460;5,8160
17578;71,4650;5,8050
17579;71,4320;5,8110
17580;71,5320;5,8000
17581;71,3530;5,8260
17582;71,2480;5,8410
17583;71,4210;5,7980
17584;71,5690;5,7890
17585;71,3590;5,8190
17586;71,2670;5,8090
17587;71,3980;5,7990
17588;71,4790;5,8190
17589;71,4670;5,7700
17590;71,3830;5,8440
17591;71,4100;5,8740
17592;71,4070;5,7710
17593;71,2840;5,8200
17594;71,4470;5,8000
17595;71,3970;5,8340
17596;71,5880;5,8420
17597;71,4660;5,8640
17598;71,4550;5,8100
17599;71,4020;5,8340
17600;71,4280;5,8300
17601;71,5150;5,8250
17602;71,3760;5,8660
17603;71,4580;5,7940
17604;71,4110;5,8220
17605;71,4160;5,8450
17606;71,4670;5,7890
17607;71,4260;5,8670
17608;71,4710;5,8010
17609;71,4860;5,8860
17610;71,4770;5,7970
17611;71,4470;5,7910
17612;71,5120;5,8300
17613;71,4870;5,7880
17614;71,5070;5,8480
17615;71,4540;5,8280
17616;71,4330;5,8010
17617;71,5010;5,8060
17618;71,4680;5,8120
17619;71,3960;5,8150
17620;71,5530;5,8360
17621;71,5870;5,8110
17622;71,3720;5,8210
17623;71,5030;5,8200
17624;71,5500;5,8190
17625;71,5790;5,8280
17626;71,4470;5,8660
17627;71,4570;5,7920
17628;71,4490;5,8640
17629;71,3940;5,7950
17630;71,3730;5,8710
17631;71,3180;5,8510
17632;71,4460;5,8170
17633;71,4160;5,7900
17634;71,4150;5,8100
17635;71,3740;5,8040
17636;71,3670;5,8070
17637;71,4650;5,8580
17638;71,4510;5,7930
17639;71,3940;5,8310
17640;71,4350;5,8000
17641;71,4230;5,8030
17642;71,4610;5,8210
17643;71,4830;5,7920
17644;71,5450;5,8380
17645;71,5290;5,8410
17646;71,5430;5,7700
17647;71,4160;5,6990
17648;71,4070;5,8730
17649;71,5770;5,8690
17650;71,4850;5,8200
17651;71,3940;5,8240
17652;71,5530;5,8010
17653;71,4420;5,8180
17654;71,4630;5,8140
17655;71,4190;5,8270
17656;71,4430;5,8440
17657;71,4560;5,8100
17658;71,4510;5,8290
17659;71,4350;5,8510
17660;71,5070;5,8520
17661;71,4300;5,7950
17662;71,4730;5,8330
17663;71,4460;5,8500
17664;71,5030;5,8050
17665;71,4370;5,9950
17666;71,3420;5,8400
17667;71,5130;5,8510
17668;71,5580;5,8140
17669;71,4560;5,8620
17670;71,4380;5,8210
17671;71,2160;5,8120
17672;71,4360;5,8170
17673;71,3860;5,8290
17674;71,4320;5,8550
17675;71,4940;5,8290
17676;71,6200;5,8220
17677;71,3840;5,8330
17678;71,4970;5,7990
17679;71,4590;5,8300
17680;71,4680;5,8080
17681;71,3820;5,8000
17682;71,3490;5,8150
17683;71,4160;5,8190
17684;71,4330;5,8180
17685;71,3930;5,8140
17686;71,4680;5,7970
17687;71,4430;5,8030
17688;71,4260;5,7920
17689;71,4950;5,8490
17690;71,1890;5,8110
17691;71,4740;5,8360
17692;71,4710;5,8160
17693;71,5260;5,8020
17694;71,4670;5,8340
17695;71,3920;5,8180
17696;71,4540;5,8090
17697;71,4010;5,8080
17698;71,4680;5,7810
17699;71,5500;5,8050
17700;71,5300;5,8300
17701;71,4250;5,8240
17702;71,4740;5,8300
17703;71,3940;5,8100
17704;71,3900;5,8550
17705;71,4090;5,8390
17706;71,4900;5,8210
17707;71,5480;5,8020
17708;71,4250;5,8210
17709;71,4820;5,8390
17710;71,4250;5,8140
17711;71,4010;5,8380
17712;71,5180;5,8320
17713;71,5320;5,8670
17714;71,5570;5,8020
17715;71,3910;5,8420
17716;71,3770;5,8160
17717;71,4420;5,8330
17718;71,4500;5,8250
17719;71,3850;5,8210
17720;71,4800;5,7960
17721;71,4860;5,8330
17722;71,4720;5,8410
17723;71,4740;5,7890
17724;71,4380;5,8170
17725;71,4250;5,7930
17726;72,9070;5,8380
17727;71,3070;5,8100
17728;71,4870;5,8060
17729;71,4370;5,8130
17730;71,4930;5,8490
17731;71,4960;5,8120
17732;71,5080;5,8790
17733;71,3670;5,8540
17734;71,5030;5,8000
17735;71,6470;5,9070
17736;71,3970;5,7930
17737;71,5430;5,8130
17738;71,5520;5,7850
17739;71,5060;5,8160
17740;71,4300;5,8540
17741;71,4560;5,8290
17742;71,3800;5,8080
17743;71,4680;5,7830
17744;71,4430;5,8220
17745;71,5200;5,8060
17746;71,5680;5,8160
17747;71,5190;5,8660
17748;71,4870;5,8920
17749;71,4810;5,8810
17750;71,4350;5,8360
17751;71,4940;5,8340
17752;71,3740;5,7840
17753;71,4530;5,8220
17754;71,5190;5,8210
17755;71,2340;5,8100
17756;71,3550;5,8460
17757;71,5000;5,8230
17758;71,4600;5,8400
17759;71,5370;5,8350
17760;71,5830;5,8270
17761;71,4500;5,7960
17762;71,3790;5,8500
17763;71,3820;5,7990
17764;71,4870;5,8670
17765;71,4030;5,8080
17766;71,4530;5,7980
17767;71,4770;5,8400
17768;71,4070;5,8210
17769;71,4550;5,8610
17770;71,4060;5,8200
17771;71,4710;5,8210
17772;71,4280;5,8120
17773;71,3880;5,8100
17774;71,4320;5,8050
17775;71,5390;5,8210
17776;71,4720;5,8130
17777;71,4730;5,8220
17778;71,3910;5,8110
17779;71,4440;5,8240
17780;71,4680;5,8020
17781;71,4970;5,8090
17782;71,4800;5,8160
17783;71,4100;5,8230
17784;71,5190;5,8850
17785;71,3530;5,7950
17786;71,3220;5,8000
17787;71,4510;5,8140
17788;71,5230;5,8380
17789;71,4940;5,7920
17790;71,4150;5,8460
17791;71,4870;5,8040
17792;71,4550;5,8210
17793;71,4460;5,8070
17794;71,3810;5,7950
17795;71,4690;5,9320
17796;71,4390;5,8220
17797;71,4960;5,8280
17798;71,4840;5,8000
17799;71,3760;5,7830
17800;71,4320;5,8240
17801;71,4940;5,8150
17802;71,3300;5,7860
17803;71,3600;5,8200
17804;71,4200;5,8420
17805;71,4440;5,8310
17806;71,5780;5,8460
17807;71,4150;5,8530
17808;71,4390;5,8010
17809;71,3190;5,8180
17810;71,4930;5,8040
17811;71,3860;5,8020
17812;71,2680;5,8200
17813;71,4710;5,8580
17814;71,2380;5,7960
17815;71,4880;5,8150
17816;71,4760;5,8130
17817;71,4390;5,8500
17818;71,4270;5,8270
17819;71,4280;5,8150
17820;71,4800;5,8310
17821;71,4720;5,8020
17822;71,4990;5,8110
17823;71,4520;5,8160
17824;71,5020;5,8000
17825;71,4500;5,8010
17826;71,4170;5,7930
17827;71,4350;5,8060
17828;71,4440;5,8480
17829;71,4250;5,8460
17830;71,4040;5,8070
17831;71,5300;5,8070
17832;71,4010;5,8720
17833;71,4160;5,8100
17834;71,5530;5,8220
17835;71,3730;5,8100
17836;71,5000;5,8210
17837;71,4740;5,8890
17838;71,3730;5,8110
17839;71,3880;5,8570
17840;71,4840;5,8210
17841;71,3860;5,7980
17842;71,3400;5,8460
17843;71,3940;5,8320
17844;71,4230;5,7990
17845;71,3640;5,7960
17846;71,5290;5,8220
17847;71,2480;5,8620
17848;71,4000;5,8070
17849;71,5120;5,8240
17850;71,4210;5,8750
17851;71,4570;5,8120
17852;71,3330;5,7810
17853;71,4110;5,8400
17854;71,4950;5,8140
17855;71,4200;5,8410
17856;71,4650;5,8480
17857;71,4470;5,8430
17858;71,4650;5,8280
17859;71,5410;5,7710
17860;71,4990;5,8100
17861;71,4810;5,8200
17862;71,3910;5,8100
17863;71,4690;5,8400
17864;71,4720;5,8060
17865;71,4260;5,8340
17866;71,3880;5,8200
17867;71,4850;5,8050
17868;71,5160;5,8550
17869;71,3900;5,7890
17870;71,2550;5,8300
17871;71,4120;5,7960
17872;71,4800;5,8430
17873;71,3480;5,9190
17874;71,4180;5,7970
17875;71,4830;5,7880
17876;71,4060;5,8190
17877;71,4200;5,7460
17878;71,4880;5,8100
17879;71,3670;5,8310
17880;71,4110;5,8240
17881;71,4550;5,8210
17882;71,4160;5,7980
17883;71,4620;5,8560
17884;71,5500;5,8430
17885;71,4330;5,8060
17886;71,4320;5,8060
17887;71,4360;5,8120
17888;71,4450;5,8090
17889;71,4210;5,8110
17890;71,5500;5,8140
17891;71,4480;5,8210
17892;71,4220;5,8090
17893;71,4200;5,7710
17894;71,5530;5,8490
17895;71,4860;5,8680
17896;71,3840;5,8310
17897;71,3710;5,8060
17898;71,2090;5,8370
17899;71,3840;5,8080
17900;71,4680;5,8010
17901;71,3970;5,8160
17902;71,4200;5,8210
17903;71,5100;5,8360
17904;71,5540;5,8420
17905;71,4090;5,8160
17906;71,4490;5,8060
17907;71,3950;5,7800
17908;71,5300;5,8450
17909;71,4480;5,8250
17910;71,2850;5,8370
17911;71,4980;5,7770
17912;71,3830;5,8180
17913;71,3910;5,7820
17914;71,4520;5,8190
17915;71,4800;5,8290
17916;71,4670;5,8050
17917;71,4680;5,8350
17918;71,4740;5,7880
17919;71,3960;5,8300
17920;71,5160;5,8570
17921;71,5000;5,8170
17922;71,4860;5,8100
17923;71,4670;5,8090
17924;71,3950;5,8400
17925;71,3860;5,9010
17926;71,5200;5,8030
17927;71,4710;5,8220
17928;71,4880;5,8370
17929;71,4600;5,7710
17930;71,4890;5,8120
17931;71,4290;5,8330
17932;71,4660;5,8050
17933;71,5400;5,8480
17934;71,3640;5,8440
17935;71,4570;5,8020
17936;71,5690;5,8360
17937;71,4450;5,8530
17938;71,4580;5,9510
17939;71,5220;5,8290
17940;71,4030;5,8030
17941;71,4670;5,8260
17942;71,6330;5,8170
17943;71,4940;5,9070
17944;71,4180;5,8130
17945;71,4770;5,8150
17946;71,4950;5,8060
17947;71,4640;5,8750
17948;71,3700;5,8780
17949;71,4950;5,8060
17950;71,4460;5,8220
17951;71,4030;5,8060
17952;71,4710;5,7930
17953;71,4920;5,7900
17954;71,4020;5,8580
17955;71,4240;5,7970
17956;71,2500;5,7980
17957;71,3800;5,7260
17958;71,5080;5,8540
17959;71,4030;5,8420
17960;71,2180;5,8550
17961;71,4250;5,8220
17962;71,4950;5,7970
17963;71,4100;5,8650
17964;71,4960;5,7830
17965;71,3870;5,8400
17966;71,4570;5,8160
17967;71,5090;5,8500
17968;71,3010;5,8280
17969;71,3840;5,8270
17970;71,3790;5,7960
17971;71,4140;5,7990
17972;71,4020;5,8140
17973;71,4340;5,8090
17974;71,5730;5,8290
17975;71,4460;5,8180
17976;71,5780;5,8450
17977;71,4930;5,7910
17978;71,5150;5,8380
17979;71,4060;5,8210
17980;71,4040;5,8280
17981;71,3780;5,7920
17982;71,4170;5,8250
17983;71,5000;5,8770
17984;71,5930;5,8550
17985;71,3800;5,7980
17986;71,5460;5,8720
17987;71,3720;5,8000
17988;71,3970;5,8390
17989;71,4650;5,9610
17990;71,4580;5,8280
17991;71,4170;5,7930
17992;71,5440;5,7930
17993;71,4560;5,7920
17994;71,4430;5,9450
17995;71,3770;5,8320
17996;71,4180;5,8760
17997;71,4920;5,8360
17998;71,5860;5,8340
17999;71,3690;5,8170
18000;71,4050;5,7490
18001;71,4930;5,8240
18002;71,4660;5,8060
18003;71,5160;5,7800
18004;71,3430;5,8080
18005;71,4200;5,7950
18006;71,4830;5,7940
18007;71,5700;5,8020
18008;71,4780;5,7790
18009;71,6320;5,8460
18010;71,3460;5,8160
18011;71,4630;5,8210
18012;71,5060;5,8520
18013;71,4500;5,8820
18014;71,4710;5,7970
18015;71,4290;5,8010
18016;71,5030;5,8580
18017;71,4470;5,7910
18018;71,4610;5,8130
18019;71,4330;5,8200
18020;71,4280;5,7900
18021;71,5160;5,8310
18022;71,4290;5,8020
18023;71,4250;5,7840
18024;71,4550;5,8400
18025;71,4960;5,8300
18026;71,4390;5,8270
18027;71,5150;5,8430
18028;71,5590;5,8070
18029;71,4930;5,8800
18030;71,4670;5,8590
18031;71,4710;5,8030
18032;71,3940;5,8390
18033;71,4550;5,8280
18034;71,4130;5,8200
18035;71,4010;5,8020
18036;71,4760;5,8080
18037;71,4210;5,8040
18038;71,5080;5,7690
18039;71,4470;5,7960
18040;71,4560;5,8390
18041;71,4820;5,7930
18042;71,5550;5,7870
18043;71,4400;5,7840
18044;71,3850;5,8240
18045;71,5370;5,8210
18046;71,5000;5,8180
18047;71,4180;5,8210
18048;71,4860;5,7840
18049;71,4370;5,8120
18050;71,3930;5,8030
18051;71,4430;5,8020
18052;71,3750;5,8300
18053;71,4060;5,8110
18054;71,4670;5,8580
18055;71,4190;5,8140
18056;71,3910;5,8050
18057;71,3880;5,8340
18058;71,4790;5,7840
18059;71,5130;5,8110
18060;71,5100;5,8190
18061;71,4280;5,8240
18062;71,3720;5,8330
18063;71,4480;5,8330
18064;71,3600;5,7310
18065;71,5100;5,8280
18066;71,4160;5,8100
18067;71,4270;5,7930
18068;71,4700;5,8080
18069;71,4910;5,9410
18070;71,4120;5,7880
18071;71,3620;5,8340
18072;71,3930;5,8240
18073;71,4400;5,9670
18074;71,4800;5,8090
18075;71,3950;5,8120
18076;71,4280;5,8330
18077;71,4880;5,7950
18078;71,4400;5,8230
18079;71,4740;5,8090
18080;71,4500;5,8250
18081;71,5060;5,8290
18082;72,9110;5,8000
18083;71,4870;5,8370
18084;71,3790;5,7960
18085;71,4960;5,8440
18086;71,4500;5,8040
18087;71,5640;5,7970
18088;71,3470;5,8270
18089;71,4500;5,8170
18090;71,3850;5,7990
18091;71,5870;5,7890
18092;71,3690;5,8100
18093;71,4010;5,8050
18094;71,4690;5,8110
18095;71,4430;5,8220
18096;71,4680;5,7970
18097;71,4590;5,8150
18098;71,5380;5,7940
18099;71,4390;5,7980
18100;71,3400;5,7850
18101;71,4960;5,8240
18102;71,3860;5,8040
18103;71,4890;5,7970
18104;71,5120;5,8140
18105;71,5400;5,8170
18106;71,4690;5,7940
18107;71,3970;5,8290
18108;71,3930;5,8440
18109;71,4240;5,8650
18110;71,4970;5,8070
18111;71,4400;5,8230
18112;71,5330;5,8200
18113;71,4360;5,8420
18114;71,4500;5,7860
18115;71,3350;5,8410
18116;71,4370;5,8130
18117;71,5180;5,8150
18118;71,3870;5,8460
18119;71,4750;5,8030
18120;71,4860;5,8240
18121;71,4520;5,8290
18122;71,2840;5,8070
18123;71,4410;5,8350
18124;71,4850;5,7950
18125;71,4980;5,8050
18126;71,5040;5,7860
18127;71,5030;5,8600
18128;71,4300;5,8330
18129;71,4400;5,8380
18130;71,4320;5,8700
18131;71,4830;5,8100
18132;71,4230;5,8040
18133;71,4930;5,8150
18134;71,4210;5,8210
18135;71,5330;5,7990
18136;71,3850;5,8370
18137;71,5700;5,7480
18138;71,4840;5,8020
18139;71,3120;5,8260
18140;71,3740;5,8340
18141;71,4490;5,7780
18142;71,4400;5,8640
18143;71,4320;5,8130
18144;71,4480;5,8430
18145;71,4050;5,8090
18146;71,5200;5,7960
18147;71,3070;5,8020
18148;71,4830;5,8050
18149;71,4560;5,8120
18150;71,4000;5,8170
18151;71,5080;5,8190
18152;71,4640;5,7880
18153;71,4530;5,7900
18154;71,4790;5,7800
18155;71,3980;5,8230
18156;71,4590;5,8220
18157;71,4020;5,7520
18158;71,4010;5,8090
18159;71,5350;5,7900
18160;71,4880;5,8430
18161;71,3740;5,8810
18162;71,4660;5,8530
18163;71,4610;5,8110
18164;71,3810;5,7900
18165;71,5660;5,8130
18166;71,4070;5,8470
18167;71,5450;5,8240
18168;71,4120;5,8870
18169;71,4980;5,8170
18170;71,3290;5,8210
18171;71,5170;5,8010
18172;71,4450;5,8310
18173;71,4400;5,8160
18174;71,4570;5,7780
18175;71,3240;5,7940
18176;71,4280;5,8410
18177;71,4180;5,8250
18178;71,4260;5,8050
18179;71,3850;5,7240
18180;71,4540;5,8200
18181;71,4160;5,8330
18182;71,4490;5,7770
18183;71,4360;5,8260
18184;71,4740;5,8130
18185;71,5450;5,8070
18186;71,4750;5,8060
18187;71,4590;5,8390
18188;71,4480;5,7770
18189;71,5020;5,7810
18190;71,3580;5,8050
18191;71,4230;5,7890
18192;71,4760;5,8150
18193;71,4620;5,7920
18194;71,4550;5,7900
18195;71,4540;5,7820
18196;71,4740;5,7970
18197;71,4480;5,8110
18198;71,4990;5,8200
18199;71,4390;5,8070
18200;71,3700;5,8040
18201;71,4520;5,8240
18202;71,6550;5,8040
18203;71,4120;5,7810
18204;71,2770;5,7920
18205;71,4310;5,7910
18206;71,4390;5,8080
18207;71,4240;5,7990
18208;71,4240;5,8340
18209;71,6160;5,8550
18210;71,3830;5,6870
18211;71,4530;5,8290
18212;71,4300;5,8300
18213;71,4530;5,8030
18214;71,6070;5,8110
18215;71,4910;5,7970
18216;71,3840;5,8480
18217;71,4390;5,7900
18218;71,4270;5,8060
18219;71,4250;5,7890
18220;71,4850;5,8170
18221;71,5450;5,7940
18222;71,4140;5,8250
18223;71,4680;5,8430
18224;71,4200;5,8410
18225;71,4700;5,7860
18226;71,4930;5,8020
18227;71,5160;5,7790
18228;71,4530;5,7980
18229;71,5080;5,8480
18230;71,4470;5,8500
18231;71,4400;5,8030
18232;73,0860;5,8310
18233;71,3670;5,7980
18234;71,4880;5,7970
18235;71,4900;5,8150
18236;71,4780;5,7990
18237;71,4440;5,8330
18238;71,5130;5,7680
18239;71,3330;5,8150
18240;71,3170;5,8070
18241;71,4680;5,8100
18242;71,3600;5,8080
18243;71,4990;5,8460
18244;71,5760;5,8190
18245;71,4060;5,7980
18246;71,3760;5,8090
18247;71,3850;5,8810
18248;71,4340;5,8160
18249;71,4820;5,8400
18250;71,4920;5,7980
18251;71,4390;5,8030
18252;71,3820;5,7800
18253;71,4640;5,8470
18254;71,2880;5,8530
18255;71,4540;5,8170
18256;71,4370;5,8390
18257;71,4590;5,8520
18258;71,4350;5,8320
18259;71,4020;5,7910
18260;71,4800;5,8140
18261;71,4530;5,8310
18262;71,4400;5,8340
18263;71,2230;5,8250
18264;71,4970;5,8170
18265;71,5080;5,8110
18266;71,5370;5,8200
18267;71,4150;5,7940
18268;71,4230;5,8380
18269;71,4500;5,8560
18270;71,5370;5,8220
18271;71,3740;5,8190
18272;71,4970;5,8460
18273;71,3840;5,9040
18274;71,4250;5,8210
18275;71,4800;5,7990
18276;71,4800;5,7870
18277;71,4110;5,8300
18278;71,4300;5,8060
18279;71,3900;5,7960
18280;71,4230;5,8230
18281;71,4200;5,7880
18282;71,4750;5,7980
18283;71,3740;5,8040
18284;71,5050;5,8840
18285;71,4490;5,8200
18286;71,3870;5,8190
18287;71,4450;5,8330
18288;71,4760;5,7940
18289;71,6100;5,8150
18290;71,5070;5,8500
18291;71,5230;5,8360
18292;71,4260;5,8410
18293;71,4970;5,8390
18294;71,5560;5,8500
18295;71,4180;5,7650
18296;71,5010;5,8510
18297;71,5410;5,8060
18298;71,3410;5,8250
18299;71,0400;5,8100
18300;71,3920;5,7990
18301;71,4580;5,8580
18302;71,6830;5,8230
18303;71,3610;5,8090
18304;71,4590;5,8200
18305;71,3510;5,8210
18306;71,4290;5,7960
18307;71,3700;5,8150
18308;71,3570;5,8050
18309;71,4160;5,8410
18310;71,4070;5,8200
18311;71,4290;5,8070
18312;71,4700;5,7930
18313;71,4460;5,8830
18314;71,3750;5,8030
18315;71,5960;5,8510
18316;71,5350;5,7820
18317;71,3500;5,8410
18318;71,3720;5,8390
18319;71,4540;5,8190
18320;71,4710;5,8030
18321;71,4880;5,7970
18322;71,4370;5,7640
18323;71,4620;5,8230
18324;71,4510;5,7790
18325;71,3890;5,8230
18326;71,4530;5,8090
18327;71,4430;5,8730
18328;71,4670;5,8040
18329;71,4820;5,8320
18330;71,3580;5,7950
18331;71,5280;5,7890
18332;71,3740;5,7860
18333;71,4090;5,8190
18334;71,4000;5,8310
18335;71,5100;5,7960
18336;71,3950;5,8210
18337;71,4150;5,7900
18338;71,4390;5,7960
18339;71,4350;5,8290
18340;71,3190;5,8240
18341;71,6100;5,8510
18342;71,4840;5,8640
18343;71,3760;5,9540
18344;71,4510;5,8230
18345;71,4540;5,7800
18346;71,4340;5,8230
18347;71,4110;5,8160
18348;71,4140;5,8080
18349;71,3260;5,8080
18350;71,5190;5,8260
18351;71,5240;5,8400
18352;71,4730;5,8170
18353;71,5640;5,8260
18354;71,3730;5,8210
18355;71,3880;5,8200
18356;71,5120;5,8290
18357;71,4590;5,8080
18358;71,4850;5,8240
18359;71,4790;5,8330
18360;71,3600;5,8230
18361;71,3770;5,8020
18362;71,4170;5,8390
18363;71,3250;5,8370
18364;71,4730;5,8130
18365;71,4190;5,8610
18366;71,4290;5,8150
18367;71,5180;5,8200
18368;71,5460;5,8060
18369;71,4670;5,8230
18370;71,4920;5,8010
18371;71,4390;5,8050
18372;71,4550;5,8020
18373;71,4200;5,8250
18374;71,3960;5,8360
18375;71,4860;5,8130
18376;71,2950;5,8100
18377;71,5060;5,8120
18378;71,4030;5,8150
18379;71,4650;5,8030
18380;71,4380;5,7980
18381;71,4780;5,8550
18382;71,3950;5,8730
18383;71,4200;5,8160
18384;71,4100;5,8080
18385;71,4570;5,7840
18386;71,5050;5,8560
18387;71,5070;5,8080
18388;71,4510;5,8060
18389;71,4110;5,7900
18390;71,5060;5,9170
18391;71,4190;5,7910
18392;71,4110;5,7820
18393;71,4220;5,8240
18394;71,4620;5,8550
18395;71,3630;5,8160
18396;71,4200;5,8880
18397;71,5110;5,8420
18398;71,4220;5,8470
18399;71,5060;5,8150
18400;71,4200;5,8050
18401;71,3900;5,8200
18402;71,4710;5,8120
18403;71,3860;5,8530
18404;71,5190;5,8190
18405;71,4090;5,8190
18406;71,4180;5,7770
18407;71,4510;5,8490
18408;71,4860;5,7760
18409;71,4450;5,8190
18410;71,4500;5,8100
18411;71,3720;5,7840
18412;71,4620;5,8790
18413;71,3820;5,8840
18414;71,4240;5,8490
18415;71,3210;5,8000
18416;71,4140;5,8260
18417;71,3770;5,8080
18418;71,4710;5,8160
18419;71,5300;5,8630
18420;71,4810;5,8260
18421;71,4720;5,8240
18422;71,4640;5,8730
18423;71,3990;5,8340
18424;71,4390;5,8440
18425;71,4570;5,8110
18426;71,3820;5,8240
18427;71,4810;5,8170
18428;71,4300;5,8200
18429;71,4850;5,8100
18430;71,5160;5,7960
18431;71,3720;5,8120
18432;71,4530;5,8210
18433;71,3900;5,8180
18434;71,5470;5,8240
18435;71,4010;5,8520
18436;71,4860;5,8460
18437;71,4920;5,8320
18438;71,3910;5,7970
18439;71,4870;5,8080
18440;71,3820;5,8000
18441;71,5050;5,8200
18442;71,4300;5,8070
18443;71,4100;5,8550
18444;71,5230;5,8670
18445;71,4230;5,8450
18446;71,3830;5,8090
18447;71,4340;5,7740
18448;71,4150;5,8100
18449;71,4430;5,8110
18450;71,4800;5,8360
18451;71,5790;5,8240
18452;71,4960;5,7710
18453;71,4860;5,8100
18454;71,4330;5,8090
18455;71,4470;5,8030
18456;71,4110;5,7890
18457;71,3910;5,8020
18458;71,3820;5,8070
18459;71,3950;5,8560
18460;71,5270;5,8010
18461;71,4960;5,7790
18462;71,3810;5,8290
18463;71,4570;5,8340
18464;71,3630;5,8040
18465;71,5570;5,9010
18466;71,4470;5,8320
18467;71,4430;5,8370
18468;71,4800;5,8470
18469;71,3910;5,8010
18470;71,4130;5,8360
18471;71,4800;5,8220
18472;71,5230;5,8070
18473;71,3820;5,8020
18474;71,4690;5,8080
18475;71,3960;5,8340
18476;71,4880;5,8480
18477;71,4620;5,8090
18478;71,4480;5,8480
18479;71,5000;5,8220
18480;71,4650;5,8260
18481;71,4220;5,8090
18482;71,4250;5,8520
18483;71,3610;5,8670
18484;71,5220;5,8530
18485;71,3600;5,7930
18486;71,4180;5,8020
18487;71,4740;5,8030
18488;71,4110;5,8040
18489;71,4000;5,7970
18490;71,5100;5,8540
18491;71,4730;5,7920
18492;71,4170;5,8700
18493;71,5890;5,8310
18494;71,4000;5,7840
18495;71,3950;5,8110
18496;71,5290;5,8260
18497;71,4750;5,8170
18498;71,2820;5,8350
18499;71,3970;5,7970
18500;71,4610;5,8540
18501;71,3930;5,8210
18502;71,4630;5,7910
18503;71,5100;5,7770
18504;71,4310;5,8270
18505;71,5570;5,8370
18506;71,4810;5,7930
18507;71,3970;5,8290
18508;71,5370;5,8310
18509;71,5440;5,8280
18510;71,4710;5,7930
18511;71,4410;5,8290
18512;71,4390;5,8510
18513;71,4880;5,8830
18514;71,4120;5,7850
18515;71,5530;5,8060
18516;71,5010;5,8190
18517;71,4610;5,8100
18518;71,4330;5,8160
18519;71,4170;5,8250
18520;71,4950;5,7940
18521;71,4300;5,8080
18522;71,3630;5,8180
18523;71,3740;5,8120
18524;71,3560;5,8260
18525;71,4320;5,8360
18526;71,5460;5,8080
18527;71,4530;5,7960
18528;71,3880;5,8040
18529;71,4320;5,8110
18530;71,4160;5,7900
18531;71,5200;5,8300
18532;71,3920;5,8570
18533;71,3590;5,8070
18534;71,4340;5,8110
18535;71,4620;5,7730
18536;71,3790;5,7670
18537;71,4590;5,8100
18538;71,3980;5,8450
18539;71,4370;5,8300
18540;71,5070;5,8060
18541;71,3240;5,8200
18542;71,3470;5,8230
18543;71,4520;5,7790
18544;71,3700;5,8560
18545;71,5040;5,7980
18546;71,4650;5,8110
18547;71,5030;5,8360
18548;71,4610;5,8450
18549;71,4520;5,8130
18550;71,3720;5,8090
18551;71,4820;5,7920
18552;71,4710;5,7960
18553;71,2880;5,8180
18554;71,4260;5,7990
18555;71,5080;5,8140
18556;71,4410;5,7900
18557;71,4400;5,8220
18558;71,4880;5,8640
18559;71,4620;5,8220
18560;71,3340;5,8090
18561;71,4860;5,7770
18562;71,3990;5,8100
18563;71,3750;5,7940
18564;71,4590;5,8140
18565;71,3910;5,8440
18566;71,3550;5,7920
18567;71,4270;5,7980
18568;71,3650;5,8040
18569;71,4270;5,8000
18570;71,4030;5,8280
18571;71,4300;5,8020
18572;71,5100;5,8590
18573;71,4170;5,7950
18574;71,4510;5,7920
18575;71,4500;5,8370
18576;71,3800;5,7950
18577;71,3950;5,7850
18578;71,3900;5,8150
18579;71,5220;5,7970
18580;71,4570;5,8100
18581;71,4470;5,8050
18582;71,3880;5,8270
18583;71,4530;5,8180
18584;71,3740;5,8350
18585;71,4610;5,8060
18586;71,4470;5,7820
18587;71,4220;5,8240
18588;71,3710;5,7790
18589;71,5650;5,8370
18590;71,3130;5,8310
18591;71,3840;5,8000
18592;71,5020;5,8120
18593;71,4350;5,8280
18594;71,4810;5,8220
18595;71,3770;5,8060
18596;71,4080;5,8390
18597;71,5240;5,8400
18598;71,4670;5,7810
18599;71,3800;5,8180
18600;71,4910;5,8140
18601;71,4900;5,8270
18602;71,4660;5,8190
18603;71,4440;5,8390
18604;71,3590;5,8240
18605;71,4170;5,8300
18606;71,4360;5,8010
18607;71,4090;5,8090
18608;71,4220;5,8530
18609;71,4920;5,8240
18610;71,3440;5,8190
18611;71,3750;5,7970
18612;71,4270;5,8100
18613;71,4710;5,8150
18614;71,4150;5,8520
18615;71,4760;5,7880
18616;71,4690;5,8030
18617;71,3630;5,7670
18618;71,4420;5,8510
18619;71,3930;5,7930
18620;71,4450;5,8140
18621;71,5030;5,8440
18622;71,5560;5,7870
18623;71,3450;5,8160
18624;71,4670;5,8350
18625;71,3680;5,7980
18626;71,4230;5,8010
18627;71,4570;5,8260
18628;71,4620;5,8250
18629;71,4100;5,7980
18630;71,5040;5,8210
18631;71,4020;5,8150
18632;71,3840;5,8190
18633;71,3890;5,8290
18634;71,5000;5,8000
18635;71,4550;5,7800
18636;71,3740;5,8790
18637;71,4290;5,8020
18638;71,3990;5,7820
18639;71,3840;5,7910
18640;71,2710;5,8140
18641;71,3760;5,8600
18642;71,4460;5,8130
18643;71,5250;5,8130
18644;71,4690;5,8150
18645;71,4460;5,7970
18646;71,4030;5,7990
18647;71,4180;5,7840
18648;71,5200;5,7850
18649;71,4500;5,8240
18650;71,4390;5,7890
18651;71,5290;5,7880
18652;71,4380;5,8460
18653;71,4670;5,8210
18654;71,4450;5,8200
18655;71,4000;5,8190
18656;71,4400;5,8130
18657;71,4210;5,8110
18658;71,4670;5,8190
18659;71,3860;5,8000
18660;71,4580;5,8350
18661;71,4650;5,8170
18662;71,3630;5,7910
18663;71,3730;5,7680
18664;71,4050;5,8090
18665;71,4400;5,8410
18666;71,4340;5,8110
18667;71,4320;5,8050
18668;71,4830;5,8520
18669;71,4480;5,8070
18670;71,3890;5,8320
18671;71,4510;5,8350
18672;71,3700;5,8180
18673;71,4160;5,7800
18674;71,3540;5,8190
18675;71,4500;5,7980
18676;71,4090;5,8310
18677;71,4600;5,8530
18678;71,4620;5,7850
18679;71,4350;5,8080
18680;71,4570;5,8080
18681;71,4470;5,8050
18682;71,5350;5,8070
18683;71,2600;5,8150
18684;71,4620;5,7910
18685;71,3570;5,8220
18686;71,4680;5,8740
18687;71,4460;5,8090
18688;71,3970;5,8070
18689;71,3170;5,8050
18690;71,3680;5,8320
18691;71,4050;5,9110
18692;71,4260;5,7940
18693;71,3990;5,8330
18694;71,4050;5,8240
18695;71,4690;5,7950
18696;71,3330;5,7720
18697;71,4470;5,8200
18698;71,4330;5,8550
18699;71,5280;5,7560
18700;71,4230;5,8200
18701;71,4980;5,8250
18702;71,4930;5,8190
18703;71,4600;5,8150
18704;71,3930;5,8190
18705;71,4010;5,7820
18706;71,4820;5,8170
18707;71,3720;5,8260
18708;71,4880;5,7670
18709;71,4390;5,8280
18710;71,4040;5,8250
18711;71,4240;5,8090
18712;71,4660;5,8020
18713;71,4170;5,8130
18714;71,4270;5,8260
18715;71,3460;5,8010
18716;71,4080;5,8360
18717;71,4020;5,8060
18718;71,4280;5,8000
18719;71,4710;5,7910
18720;71,4930;5,8090
18721;71,3680;5,8450
18722;71,4860;5,7920
18723;71,3620;5,8300
18724;71,4930;5,7910
18725;71,3030;5,8120
18726;71,4330;5,7890
18727;71,4220;5,8160
18728;71,4300;5,8180
18729;71,4220;5,8150
18730;71,3890;5,7940
18731;71,4720;5,8050
18732;71,3600;5,8330
18733;71,4720;5,8040
18734;71,4770;5,8570
18735;71,4630;5,8090
18736;71,4610;5,8070
18737;71,4490;5,7970
18738;71,2310;5,8480
18739;71,4710;5,8460
18740;72,7810;5,7820
18741;71,4030;5,7930
18742;71,4520;5,8350
18743;71,3690;5,8030
18744;71,4410;5,8050
18745;71,4210;5,8120
18746;71,4130;5,8370
18747;71,4230;5,8660
18748;71,4670;5,8150
18749;71,4230;5,8010
18750;71,4640;5,8560
18751;71,4550;5,8170
18752;71,4780;5,8940
18753;71,3790;5,7900
18754;71,4590;5,8760
18755;71,4890;5,8660
18756;71,4780;5,8430
18757;71,5490;5,8170
18758;71,4300;5,7970
18759;71,4470;5,7870
18760;71,4700;5,8070
18761;71,4370;5,8460
18762;71,4500;5,7910
18763;71,4820;5,8230
18764;71,3900;5,7930
18765;71,4830;5,7970
18766;71,4040;5,8130
18767;71,5350;5,8220
18768;71,4580;5,8730
18769;71,4810;5,8340
18770;71,4890;5,8240
18771;71,5610;5,8280
18772;71,3830;5,8150
18773;71,4220;5,8010
18774;71,4530;5,8180
18775;71,4560;5,8130
18776;71,4190;5,8460
18777;71,3610;5,8040
18778;71,3510;5,8020
18779;71,3930;5,7880
18780;71,3670;5,8140
18781;71,3560;5,7890
18782;71,3350;5,8370
18783;71,3440;5,7780
18784;71,4390;5,8110
18785;71,4490;5,7850
18786;71,3770;5,8130
18787;71,5270;5,8410
18788;71,5120;5,7990
18789;71,4700;5,7980
18790;71,4240;5,8140
18791;71,4870;5,8520
18792;71,4100;5,7980
18793;71,3950;5,8540
18794;71,4440;5,8060
18795;71,4480;5,7890
18796;71,4680;5,8470
18797;71,3350;5,7850
18798;71,4450;5,8130
18799;71,4360;5,8100
18800;71,2920;5,8010
18801;71,4160;5,8130
18802;71,4190;5,8130
18803;71,4160;5,8190
18804;71,5730;5,8180
18805;71,4730;5,7970
18806;71,4880;5,8200
18807;71,4770;5,8000
18808;71,6190;5,8070
18809;71,3990;5,8210
18810;71,4180;5,7980
18811;71,4710;5,8570
18812;71,4900;5,8170
18813;71,4390;5,8060
18814;71,4250;5,7980
18815;71,5200;5,7860
18816;71,2830;5,7850
18817;71,4300;5,8450
18818;71,4850;5,7940
18819;71,4870;5,8580
18820;71,4390;5,7910
18821;71,3810;5,7890
18822;71,3990;5,7890
18823;71,4530;5,8020
18824;72,8480;5,8540
18825;71,5410;5,8490
18826;71,4910;5,8370
18827;71,3770;5,8050
18828;71,5590;5,7850
18829;71,3740;5,8020
18830;71,4760;5,7930
18831;71,4610;5,8470
18832;71,4820;5,8480
18833;71,4990;5,8200
18834;71,4450;5,7930
18835;71,4940;5,7960
18836;71,4730;5,8140
18837;71,4450;5,8620
18838;71,4260;5,7770
18839;71,4260;5,8490
18840;71,3880;5,8510
18841;71,3930;5,7890
18842;71,4240;5,7770
18843;71,3930;5,7950
18844;71,4740;5,8050
18845;71,5030;5,8050
18846;71,2510;5,8180
18847;71,4670;5,8470
18848;71,4220;5,8430
18849;71,4160;5,7700
18850;71,3350;5,8080
18851;71,5470;5,8160
18852;71,4290;5,8290
18853;71,5150;5,8340
18854;71,4200;5,8620
18855;71,5210;5,7910
18856;71,3730;5,8390
18857;71,4950;5,8010
18858;71,4740;5,8190
18859;71,4450;5,8060
18860;71,5780;5,8320
18861;71,3700;5,8010
18862;71,3750;5,8130
18863;71,4100;5,9320
18864;71,5310;5,8150
18865;71,4380;5,8250
18866;71,4260;5,7910
18867;71,4450;5,8120
18868;71,4150;5,8280
18869;71,4400;5,8240
18870;71,4010;5,8000
18871;71,5490;5,7820
18872;71,4190;5,7870
18873;71,4060;5,8040
18874;71,4260;5,8100
18875;71,5400;5,8230
18876;71,4330;5,8310
18877;71,4700;5,8140
18878;71,4390;5,7900
18879;71,4690;5,8210
18880;71,3940;5,8300
18881;71,3220;5,8240
18882;71,3880;5,7960
18883;71,4580;5,7870
18884;71,4840;5,7870
18885;71,4850;5,7660
18886;71,4820;5,7990
18887;71,4720;5,8140
18888;71,4660;5,8160
18889;71,4750;5,7960
18890;71,4780;5,7970
18891;71,4900;5,8210
18892;71,3950;5,8390
18893;71,4470;5,8070
18894;71,3980;5,8260
18895;71,4610;5,8030
18896;71,5120;5,8240
18897;71,4190;5,8200
18898;71,3790;5,7950
18899;71,3850;5,8150
18900;71,4660;5,8200
18901;71,4750;5,7810
18902;71,3870;5,7450
18903;71,5490;5,9460
18904;71,4430;5,8170
18905;71,5730;5,7990
18906;71,4030;5,8050
18907;71,1890;5,8080
18908;71,4450;5,8600
18909;71,3330;5,8020
18910;71,4610;5,8090
18911;71,3090;5,8230
18912;71,4110;5,8300
18913;71,4270;5,7980
18914;71,4460;5,7810
18915;71,5340;5,7860
18916;71,4420;5,8210
18917;71,4020;5,7930
18918;71,4660;5,8200
18919;71,4160;5,7960
18920;71,4130;5,8360
18921;71,4370;5,8190
18922;71,4590;5,8100
18923;71,4400;5,7950
18924;71,5290;5,8270
18925;71,6310;5,7810
18926;71,4810;5,8340
18927;71,4880;5,7960
18928;71,3990;5,8480
18929;71,3760;5,8260
18930;71,4690;5,8200
18931;71,3770;5,7960
18932;71,4750;5,7960
18933;71,4320;5,8030
18934;71,4640;5,8120
18935;71,4800;5,8040
18936;71,4130;5,8550
18937;71,4480;5,7920
18938;71,4860;5,8700
18939;71,4940;5,8140
18940;71,4470;5,8150
18941;71,3960;5,7970
18942;71,4920;5,8320
18943;71,3760;5,7920
18944;71,4030;5,8020
18945;71,4360;5,7740
18946;71,4460;5,8180
18947;71,4440;5,8810
18948;71,3880;5,7820
18949;71,3590;5,8020
18950;71,3750;5,8320
18951;71,4590;5,8260
18952;71,4620;5,8280
18953;71,4780;5,7790
18954;71,4930;5,7940
18955;71,4290;5,8110
18956;71,5190;5,7610
18957;71,5720;5,8050
18958;71,3990;5,8000
18959;71,4520;5,8010
18960;71,4570;5,7970
18961;71,4030;5,7820
18962;71,4820;5,8420
18963;71,3950;5,8130
18964;71,4870;5,8160
18965;71,3480;5,8310
18966;71,4620;5,8270
18967;71,3540;5,7970
18968;71,5110;5,8080
18969;71,3680;5,8150
18970;71,4140;5,7930
18971;71,3720;5,8260
18972;71,4430;5,8150
18973;71,4060;5,8030
18974;71,4790;5,8460
18975;71,4030;5,8140
18976;71,3770;5,8080
18977;71,3930;5,8380
18978;71,4700;5,7980
18979;71,4860;5,8030
18980;71,3680;5,7930
18981;71,4330;5,7950
18982;71,4870;5,8290
18983;71,4420;5,7760
18984;71,4340;5,7530
18985;71,4970;5,8610
18986;71,4680;5,8350
18987;71,3580;5,8380
18988;71,3230;5,7880
18989;71,3890;5,8040
18990;71,4420;5,8360
18991;71,4490;5,8460
18992;71,4730;5,8390
18993;71,4510;5,8220
18994;71,4400;5,7810
18995;71,4840;5,7770
18996;71,4840;5,8850
18997;71,4830;5,8010
18998;71,3850;5,7960
18999;71,3820;5,8000
19000;71,4620;5,8110
19001;71,4390;5,8180
19002;71,4370;5,8130
19003;71,4190;5,8420
19004;71,4740;5,7900
19005;71,4450;5,8140
19006;71,4270;5,7920
19007;71,4160;5,8520
19008;71,3890;5,8080
19009;71,2300;5,8950
19010;71,5540;5,8280
19011;71,4130;5,7720
19012;71,3580;5,9180
19013;71,4850;5,8000
19014;71,4960;5,8040
19015;71,4660;5,8030
19016;71,4950;5,7940
19017;71,4910;5,8210
19018;71,4160;5,8180
19019;71,3620;5,8220
19020;71,4180;5,7740
19021;71,4690;5,9380
19022;71,4250;5,8010
19023;71,5140;5,8220
19024;71,3590;5,8530
19025;71,5060;5,8010
19026;71,4760;5,7870
19027;71,4370;5,8830
19028;71,5060;5,8010
19029;71,5620;5,8210
19030;71,4120;5,8370
19031;71,4190;5,8240
19032;71,4160;5,8360
19033;71,4280;5,7840
19034;71,4990;5,7860
19035;71,4880;5,8550
19036;71,5260;5,8160
19037;71,4700;5,8140
19038;71,5020;5,8580
19039;71,5120;5,8540
19040;71,4370;5,8230
19041;71,3570;5,8010
19042;71,3960;5,7830
19043;71,4410;5,8420
19044;71,4090;5,8130
19045;71,4160;5,8130
19046;71,4560;5,7830
19047;71,4000;5,8290
19048;71,3660;5,8300
19049;71,3960;5,8610
19050;71,3850;5,7990
19051;71,3500;5,8110
19052;71,3770;5,7770
19053;71,4500;5,8050
19054;71,2440;5,8270
19055;71,3840;5,8000
19056;71,4370;5,8210
19057;71,2390;5,8320
19058;71,3930;5,7930
19059;71,4450;5,8110
19060;71,3790;5,8070
19061;71,3560;5,7970
19062;71,4480;5,8470
19063;71,5130;5,8250
19064;71,2030;5,8060
19065;71,4060;5,8220
19066;71,4090;5,8110
19067;71,5270;5,7980
19068;71,3880;5,7830
19069;71,4820;5,7720
19070;71,4530;5,7970
19071;71,4080;5,8310
19072;71,5030;5,8110
19073;71,4190;5,8360
19074;71,3700;5,8040
19075;71,3570;5,8170
19076;71,3290;5,8150
19077;71,4160;5,8120
19078;71,4320;5,7850
19079;71,3980;5,7970
19080;71,4400;5,8440
19081;71,4970;5,8180
19082;71,4920;5,9110
19083;71,4280;5,7970
19084;71,5230;5,7610
19085;71,4710;5,7830
19086;71,4070;5,8210
19087;71,4110;5,8000
19088;71,4430;5,8340
19089;71,4370;5,7990
19090;71,3570;5,8080
19091;71,4640;5,8130
19092;71,4690;5,8250
19093;71,5190;5,7930
19094;71,3590;5,8410
19095;71,4480;5,7840
19096;71,4550;5,8190
19097;71,3450;5,8140
19098;71,4270;5,8110
19099;71,4070;5,7720
19100;71,4360;5,8000
19101;71,4860;5,8010
19102;71,4640;5,8050
19103;71,4700;5,8240
19104;71,3310;5,7980
19105;71,5680;5,8180
19106;71,3970;5,8130
19107;71,3780;5,8360
19108;71,4320;5,7900
19109;71,3720;5,8290
19110;71,4620;5,8240
19111;71,3880;5,8040
19112;71,4460;5,8130
19113;71,3890;5,8150
19114;71,4270;5,7840
19115;71,3630;5,8070
19116;71,4190;5,7770
19117;71,4370;5,7810
19118;71,4600;5,8130
19119;71,5740;5,8820
19120;71,5160;5,8170
19121;71,4610;5,8700
19122;71,3680;5,8050
19123;71,4290;5,8210
19124;71,3650;5,8230
19125;71,4030;5,8330
19126;71,4150;5,8030
19127;71,4910;5,8150
19128;71,4080;5,8230
19129;71,4050;5,8500
19130;71,4170;5,8330
19131;71,3470;5,8090
19132;71,2890;5,8410
19133;71,4530;5,8210
19134;71,4630;5,8040
19135;71,4970;5,8220
19136;71,3550;5,8380
19137;71,3920;5,8440
19138;71,4600;5,7360
19139;71,3900;5,8810
19140;71,3980;5,7970
19141;71,5470;5,8060
19142;71,3810;5,8220
19143;71,5270;5,8020
19144;71,4010;5,8030
19145;71,2920;5,7990
19146;71,3910;5,8380
19147;71,3160;5,8620
19148;71,3840;5,8060
19149;71,3890;5,7910
19150;71,4350;5,8480
19151;71,3810;5,8200
19152;71,4560;5,8080
19153;71,4110;5,8010
19154;71,4080;5,8300
19155;71,4760;5,8120
19156;71,4180;5,9430
19157;71,3950;5,8050
19158;71,6250;5,8000
19159;71,4670;5,7980
19160;71,4060;5,7940
19161;71,3920;5,8400
19162;71,4070;5,8590
19163;71,3700;5,8560
19164;71,2740;5,8280
19165;72,0160;5,9620
19166;71,4320;5,8060
19167;71,4190;5,8220
19168;71,5210;5,8280
19169;71,3970;5,8130
19170;71,5500;5,8010
19171;71,3430;5,7750
19172;71,3550;5,8090
19173;71,3900;5,7780
19174;71,3210;5,8800
19175;71,4400;5,8050
19176;71,5490;5,8980
19177;71,4280;5,8280
19178;71,5040;5,8030
19179;71,3750;5,8020
19180;71,5090;5,8720
19181;71,4740;5,7830
19182;71,3570;5,8130
19183;71,4870;5,9040
19184;71,2940;5,8160
19185;71,4290;5,8420
19186;71,4740;5,8450
19187;71,4440;5,8420
19188;71,4140;5,8190
19189;71,3980;5,8280
19190;71,4420;5,8070
19191;71,4020;5,8140
19192;71,3960;5,8030
19193;71,5050;5,8260
19194;71,5310;5,7890
19195;71,5880;5,8120
19196;71,4940;5,8020
19197;71,5010;5,8080
19198;71,4420;5,8090
19199;71,3920;5,8170
19200;71,5140;5,8190
19201;71,4620;5,8380
19202;71,3670;5,8100
19203;71,4920;5,7990
19204;71,4800;5,7880
19205;71,4710;5,7910
19206;71,4700;5,8100
19207;71,3770;5,8080
19208;71,3580;5,8550
19209;71,5500;5,8110
19210;71,4460;5,8300
19211;71,4140;5,8070
19212;71,3660;5,8260
19213;71,4910;5,8500
19214;71,4430;5,7930
19215;71,4450;5,7840
19216;71,4190;5,8270
19217;71,3990;5,7990
19218;71,3950;5,8270
19219;71,3590;5,8210
19220;71,4400;5,8130
19221;71,3960;5,8450
19222;71,4210;5,8590
19223;71,4900;5,8140
19224;71,4480;5,8130
19225;71,3990;5,8680
19226;71,3920;5,8060
19227;71,4890;5,8170
19228;71,4450;5,8010
19229;71,4160;5,8600
19230;71,4840;5,7940
19231;71,4810;5,7790
19232;71,3150;5,8300
19233;71,4110;5,8330
19234;71,4110;5,7960
19235;71,3930;5,8190
19236;71,5130;5,8090
19237;71,3900;5,8050
19238;71,4100;5,8370
19239;71,4750;5,7910
19240;71,3200;5,8410
19241;71,3860;5,7790
19242;71,5350;5,8080
19243;71,4000;5,8120
19244;71,4060;5,8220
19245;71,4250;5,7960
19246;71,3860;5,8060
19247;71,4460;5,8550
19248;71,4100;5,8420
19249;71,2920;5,8050
19250;71,4510;5,8230
19251;71,4720;5,8330
19252;71,4200;5,7750
19253;71,3390;5,8320
19254;71,4200;5,8010
19255;71,4780;5,8340
19256;71,4730;5,8260
19257;71,3810;5,8200
19258;71,3620;5,8210
19259;71,3720;5,8070
19260;71,4860;5,7920
19261;71,5850;5,8860
19262;71,4100;5,8310
19263;71,4340;5,8810
19264;71,4030;5,8670
19265;71,5340;5,8140
19266;71,4550;5,8180
19267;71,3880;5,7700
19268;71,3860;5,8690
19269;71,4300;5,8050
19270;71,5490;5,8090
19271;71,4260;5,8700
19272;71,4270;5,8370
19273;71,3720;5,8150
19274;71,4420;5,8100
19275;71,3990;5,7890
19276;71,4020;5,8070
19277;71,5030;5,8820
19278;71,3990;5,8000
19279;71,3620;5,8540
19280;71,3990;5,8050
19281;71,4030;5,8020
19282;71,3660;5,9110
19283;71,4840;5,8290
19284;71,4550;5,8080
19285;71,4090;5,8170
19286;71,6750;5,8100
19287;71,3300;5,8060
19288;71,4270;5,8230
19289;71,4350;5,8410
19290;71,3990;5,8100
19291;71,4860;5,8190
19292;71,3640;5,8090
19293;71,3480;5,8350
19294;71,4070;5,8390
19295;71,3840;5,7900
19296;71,4420;5,8030
19297;71,3650;5,8740
19298;71,4400;5,8370
19299;71,4440;5,8230
19300;71,3800;5,8170
19301;71,4690;5,8000
19302;71,3100;5,8510
19303;71,4330;5,8540
19304;71,4340;5,8230
19305;71,5320;5,8870
19306;71,3890;5,8170
19307;71,3880;5,7840
19308;71,4940;5,7790
19309;71,3530;5,7900
19310;71,3890;5,8220
19311;71,4140;5,8300
19312;71,4910;5,8090
19313;71,4430;5,7940
19314;71,4620;5,8000
19315;71,4490;5,8390
19316;71,3730;5,8220
19317;71,5300;5,8310
19318;71,3950;5,7890
19319;71,3970;5,8300
19320;71,4680;5,8330
19321;71,3890;5,7900
19322;71,4690;5,8000
19323;71,3640;5,7920
19324;71,4200;5,8210
19325;71,5040;5,8340
19326;71,4410;5,8130
19327;71,3920;5,8090
19328;71,3620;5,7980
19329;71,4260;5,8330
19330;71,4690;5,8380
19331;71,4130;5,8050
19332;71,4740;5,7900
19333;71,3660;5,9600
19334;71,4840;5,8230
19335;71,4070;5,8020
19336;71,4300;5,7920
19337;71,4460;5,8230
19338;71,5450;5,8640
19339;71,4430;5,8100
19340;71,4040;5,8420
19341;71,4090;5,8070
19342;71,4960;5,8110
19343;71,4400;5,8390
19344;71,4990;5,8140
19345;71,4020;5,8340
19346;71,4120;5,7780
19347;71,4450;5,8120
19348;71,3360;5,8200
19349;71,5000;5,8260
19350;71,3830;5,8020
19351;71,4920;5,7720
19352;71,4560;5,7900
19353;71,4790;5,7720
19354;71,5300;5,8050
19355;71,3290;5,7900
19356;71,3600;5,8410
19357;71,3380;5,8040
19358;71,4910;5,8050
19359;71,4220;5,8100
19360;71,4110;5,9070
19361;71,5430;5,7910
19362;71,3950;5,8050
19363;71,4620;5,8180
19364;71,4980;5,8230
19365;71,4680;5,7750
19366;71,4980;5,7970
19367;71,5880;5,7980
19368;71,3640;5,8020
19369;71,3920;5,7950
19370;71,4460;5,7930
19371;71,4470;5,8630
19372;71,3220;5,7880
19373;71,4750;5,8190
19374;71,3620;5,7880
19375;71,3460;5,7960
19376;71,4550;5,7830
19377;71,3920;5,7830
19378;71,4720;5,8370
19379;71,4370;5,8210
19380;71,4070;5,7920
19381;71,4650;5,7830
19382;71,4370;5,8510
19383;71,4680;5,8040
19384;71,4340;5,8290
19385;71,4430;5,8040
19386;71,4180;5,8010
19387;71,3850;5,7940
19388;71,4480;5,8540
19389;71,6100;5,8200
19390;71,4700;5,8200
19391;71,4110;5,8040
19392;71,4020;5,8150
19393;71,3780;5,7720
19394;71,3840;5,7730
19395;71,4950;5,8800
19396;71,4770;5,8420
19397;71,4320;5,8350
19398;71,3500;5,7970
19399;71,3810;5,8030
19400;71,5310;5,8340
19401;71,4360;5,8100
19402;71,4340;5,8020
19403;71,4980;5,7920
19404;71,4460;5,8150
19405;71,5290;5,8240
19406;71,3730;5,7970
19407;71,4470;5,8040
19408;71,4270;5,7950
19409;71,5540;5,8040
19410;71,3700;5,7890
19411;71,4510;5,7910
19412;71,4860;5,8570
19413;71,3920;5,8130
19414;71,4570;5,7820
19415;71,2810;5,9770
19416;71,4950;5,7800
19417;71,4910;5,8060
19418;71,4590;5,7940
19419;71,4080;5,8230
19420;71,4830;5,8050
19421;71,3930;5,8160
19422;71,4510;5,8010
19423;71,5050;5,8600
19424;71,4340;5,8170
19425;71,4650;5,8090
19426;71,3770;5,7830
19427;71,3650;5,7960
19428;71,5350;5,8000
19429;71,4090;5,7900
19430;71,4460;5,8220
19431;71,4540;5,8250
19432;71,4530;5,7990
19433;71,4000;5,7940
19434;71,3900;5,8050
19435;71,3400;5,8300
19436;71,4600;5,7970
19437;71,4170;5,8220
19438;71,4580;5,7820
19439;71,4130;5,8250
19440;71,4260;5,7890
19441;71,4100;5,7820
19442;71,4490;5,7820
19443;71,3720;5,7850
19444;71,3560;5,8140
19445;71,4860;5,8280
19446;71,5500;5,8120
19447;71,4180;5,8420
19448;71,4600;5,8220
19449;71,4380;5,7880
19450;71,4440;5,8250
19451;71,4320;5,8290
19452;71,4600;5,8660
19453;71,5370;5,7950
19454;71,2740;5,8120
19455;71,4830;5,8190
19456;71,5180;5,8220
19457;71,3520;5,7990
19458;71,4340;5,7750
19459;71,4350;5,8170
19460;71,6040;5,8040
19461;71,4810;5,7990
19462;71,3640;5,8150
19463;71,4450;5,8110
19464;71,4140;5,8030
19465;71,3310;5,8210
19466;71,4400;5,8010
19467;71,4440;5,8340
19468;71,4780;5,8190
19469;71,3550;5,8190
19470;71,4010;5,8240
19471;71,4070;5,8140
19472;71,4070;5,8140
19473;71,3660;5,8340
19474;71,4640;5,8190
19475;71,4290;5,8090
19476;71,4690;5,7840
19477;71,4090;5,8110
19478;71,4360;5,8250
19479;71,4110;5,7910
19480;71,3850;5,8120
19481;71,4700;5,8330
19482;71,4350;5,8260
19483;71,3730;5,8300
19484;71,4910;5,7780
19485;71,3580;5,8390
19486;71,3300;5,8170
19487;71,4760;5,8120
19488;71,3870;5,7670
19489;71,5300;5,8240
19490;71,4860;5,7230
19491;71,4590;5,7900
19492;71,4920;5,8170
19493;71,4510;5,8170
19494;71,4380;5,7900
19495;71,4050;5,7870
19496;71,3950;5,7580
19497;71,4440;5,7900
19498;71,4560;5,8160
19499;71,3370;5,8110
19500;71,3820;5,8230
19501;71,4450;5,8120
19502;71,3950;5,8590
19503;71,4790;5,8220
19504;71,2380;5,7810
19505;71,6130;5,7920
19506;71,3730;5,8170
19507;71,4160;5,8060
19508;71,4390;5,7960
19509;71,3710;5,8120
19510;71,4330;5,8100
19511;71,3620;5,8240
19512;71,5130;5,7930
19513;71,3480;5,8020
19514;71,4030;5,8160
19515;71,4510;5,7950
19516;71,4580;5,8020
19517;71,4890;5,7810
19518;71,4000;5,8070
19519;71,4800;5,8270
19520;71,3650;5,8160
19521;71,3290;5,8790
19522;71,5460;5,8070
19523;71,4290;5,8020
19524;71,4390;5,8240
19525;71,4690;5,8180
19526;71,4290;5,8030
19527;71,4180;5,7910
19528;71,4070;5,8300
19529;71,4240;5,8240
19530;71,4600;5,7920
19531;71,3280;5,8140
19532;71,3500;5,8420
19533;71,4830;5,8140
19534;71,4220;5,7840
19535;71,4530;5,7970
19536;71,3640;5,8270
19537;71,4220;5,8130
19538;71,3920;5,8340
19539;71,4520;5,8170
19540;71,4150;5,7870
19541;71,4090;5,7870
19542;71,5460;5,8000
19543;71,3590;5,8590
19544;71,4720;5,8040
19545;71,3940;5,8550
19546;71,4270;5,8020
19547;71,4020;5,8150
19548;71,3940;5,8040
19549;71,4860;5,9000
19550;71,3830;5,7900
19551;71,5030;5,7960
19552;71,3720;5,8170
19553;71,5410;5,8250
19554;71,3420;5,8290
19555;71,4470;5,8020
19556;71,4880;5,8140
19557;71,3260;5,8610
19558;71,4530;5,7950
19559;71,3750;5,8310
19560;71,4680;5,8230
19561;71,3610;5,8680
19562;71,4270;5,8150
19563;71,5850;5,7670
19564;71,4040;5,7940
19565;71,4820;5,7850
19566;71,3270;5,7620
19567;71,4050;5,8150
19568;71,3940;5,8330
19569;71,4540;5,8560
19570;71,4900;5,7940
19571;71,3360;5,8170
19572;71,4340;5,8610
19573;71,3600;5,8260
19574;71,3770;5,7990
19575;71,4500;5,8300
19576;71,4180;5,7880
19577;71,3360;5,8190
19578;71,4560;5,8510
19579;71,3050;5,8430
19580;71,3360;5,8060
19581;71,4460;5,7810
19582;71,4370;5,7850
19583;71,5390;5,8140
19584;71,4050;5,7880
19585;71,4190;5,8010
19586;71,3780;5,7940
19587;71,3550;5,8350
19588;71,5140;5,8030
19589;71,4770;5,7920
19590;71,3770;5,8280
19591;71,4610;5,8510
19592;71,3940;5,7970
19593;71,4680;5,7720
19594;71,4280;5,7790
19595;71,3970;5,7990
19596;71,3710;5,8200
19597;71,5170;5,8180
19598;71,3860;5,8330
19599;71,4750;5,7840
19600;71,3900;5,8130
19601;71,4730;5,8550
19602;71,3600;5,7890
19603;71,5630;5,7960
19604;71,4430;5,7980
19605;71,4090;5,8300
19606;71,4830;5,8450
19607;71,4570;5,8280
19608;71,4310;5,8310
19609;71,4500;5,7930
19610;71,4320;5,7900
19611;71,4480;5,8160
19612;71,4190;5,8030
19613;71,3920;5,8620
19614;71,4230;5,7990
19615;71,4290;5,7980
19616;71,4160;5,8490
19617;71,4050;5,7820
19618;71,3920;5,7920
19619;71,4740;5,8110
19620;71,4330;5,8280
19621;71,3940;5,8330
19622;71,4690;5,8280
19623;71,4520;5,8290
19624;71,4800;5,8720
19625;71,4920;5,8200
19626;71,3800;5,8100
19627;71,4380;5,7760
19628;71,4500;5,8360
19629;71,3880;5,7920
19630;71,3660;5,7830
19631;71,4060;5,8270
19632;71,3640;5,8540
19633;71,3660;5,8300
19634;71,3630;5,8140
19635;71,3890;5,8130
19636;71,3280;5,8220
19637;71,5400;5,8190
19638;71,4370;5,8350
19639;71,4430;5,7750
19640;71,3530;5,8230
19641;71,4030;5,8240
19642;71,4660;5,7820
19643;71,3970;5,7950
19644;71,4220;5,8150
19645;71,4270;5,8110
19646;71,4960;5,8460
19647;71,3890;5,8100
19648;71,4880;5,7840
19649;71,4320;5,8250
19650;71,3450;5,8170
19651;71,4340;5,7810
19652;71,4570;5,7660
19653;71,4370;5,8090
19654;71,4350;5,8060
19655;71,3600;5,8080
19656;71,5110;5,8210
19657;71,3890;5,7780
19658;71,4860;5,8000
19659;71,4070;5,7990
19660;71,3860;5,8130
19661;71,4430;5,7860
19662;71,4720;5,8150
19663;71,3630;5,7900
19664;71,4890;5,8140
19665;71,4110;5,7930
19666;71,2840;5,8140
19667;71,3880;5,8140
19668;71,5280;5,8000
19669;71,4190;5,8410
19670;71,4790;5,7960
19671;71,4650;5,8280
19672;71,3370;5,7930
19673;71,3720;5,8100
19674;71,4560;5,8110
19675;71,4900;5,8470
19676;71,3490;5,8220
19677;71,4620;5,7680
19678;71,3770;5,7910
19679;71,3640;5,8290
19680;71,4110;5,8440
19681;71,3570;5,8090
19682;71,3670;5,8050
19683;71,3670;5,7810
19684;71,3870;5,8190
19685;71,4000;5,7810
19686;71,3780;5,8360
19687;71,3830;5,7910
19688;71,5230;5,9240
19689;71,5350;5,8030
19690;71,4320;5,9190
19691;71,4720;5,7930
19692;71,5100;5,8350
19693;71,4520;5,8050
19694;71,4610;5,8300
19695;71,4670;5,8120
19696;71,4520;5,8060
19697;71,3560;5,7680
19698;71,3520;5,7910
19699;71,4910;5,7890
19700;71,4270;5,8180
19701;71,2630;5,8530
19702;71,3330;5,8530
19703;71,4350;5,8130
19704;71,4500;5,8100
19705;71,5110;5,8200
19706;71,4900;5,8130
19707;71,4430;5,8540
19708;71,3600;5,8390
19709;71,4150;5,8600
19710;71,4640;5,8080
19711;71,4640;5,8370
19712;71,3790;5,8010
19713;71,3650;5,7920
19714;71,4800;5,7650
19715;71,4220;5,8250
19716;71,4860;5,7940
19717;71,4580;5,7960
19718;71,4740;5,8100
19719;71,4420;5,8690
19720;71,4540;5,8410
19721;71,3780;5,7810
19722;71,3850;5,8080
19723;71,4480;5,8050
19724;71,5020;5,8040
19725;71,3520;5,9360
19726;71,4410;5,8130
19727;71,3870;5,8270
19728;71,4540;5,8030
19729;71,4360;5,8640
19730;71,3980;5,8100
19731;71,4190;5,8330
19732;71,3980;5,7860
19733;71,5020;5,7940
19734;71,4590;5,7880
19735;71,5360;5,8060
19736;71,4450;5,7820
19737;71,3780;5,8290
19738;71,4450;5,8230
19739;71,4370;5,8160
19740;71,4490;5,7940
19741;71,4330;5,7990
19742;71,4610;5,8080
19743;71,3990;5,7990
19744;71,3490;5,8030
19745;71,3960;5,7880
19746;71,4580;5,8340
19747;71,4580;5,8160
19748;71,4040;5,9130
19749;71,4160;5,7950
19750;71,4290;5,8280
19751;71,3170;5,8090
19752;71,4040;5,8100
19753;71,4740;5,8160
19754;71,4780;5,7750
19755;71,4530;5,7940
19756;71,4930;5,8410
19757;71,3090;5,8070
19758;71,3920;5,8120
19759;71,4140;5,8190
19760;71,4600;5,8090
19761;71,4640;5,8000
19762;71,4210;5,7870
19763;71,3950;5,8260
19764;71,4060;5,8180
19765;71,4220;5,8130
19766;71,4120;5,7800
19767;71,5250;5,8060
19768;71,4970;5,8190
19769;71,4510;5,8210
19770;71,4600;5,8130
19771;71,2140;5,8010
19772;71,3460;5,8540
19773;71,3530;5,8220
19774;71,4290;5,8130
19775;71,3320;5,7870
19776;71,4360;5,8260
19777;71,4840;5,8480
19778;71,3780;5,8390
19779;71,3480;5,8500
19780;71,3840;5,8100
19781;71,4410;5,8280
19782;71,4240;5,8130
19783;71,4460;5,7680
19784;71,4150;5,8060
19785;71,4200;5,8720
19786;71,4040;5,8500
19787;71,4010;5,8100
19788;71,4510;5,8440
19789;71,3780;5,8030
19790;71,4560;5,8240
19791;71,3560;5,8540
19792;71,2960;5,7730
19793;71,3470;5,8360
19794;71,4330;5,8170
19795;71,4190;5,8340
19796;71,4250;5,8240
19797;71,4450;5,8410
19798;71,4000;5,7670
19799;71,3720;5,8110
19800;71,4220;5,8420
19801;71,4170;5,8190
19802;71,4670;5,8090
19803;71,5180;5,8160
19804;71,3500;5,7990
19805;71,3770;5,7900
19806;71,3520;5,8050
19807;71,4880;5,7870
19808;71,4660;5,7990
19809;71,5180;5,8220
19810;71,3400;5,7750
19811;71,3440;5,8150
19812;71,4990;5,7980
19813;71,4420;5,8340
19814;71,4030;5,8220
19815;71,4640;5,7980
19816;71,4470;5,7840
19817;71,4370;5,7830
19818;71,4940;5,7980
19819;71,4310;5,8010
19820;71,4320;5,8290
19821;71,4010;5,7740
19822;71,4620;5,7720
19823;71,3610;5,8510
19824;71,3890;5,7960
19825;71,5120;5,8330
19826;71,4170;5,7890
19827;71,4340;5,8440
19828;71,4090;5,8090
19829;71,4100;5,7880
19830;71,4510;5,8280
19831;71,4360;5,8160
19832;71,2930;5,8490
19833;71,5050;5,8390
19834;71,4260;5,8870
19835;71,5260;5,8390
19836;71,3430;5,8110
19837;71,4310;5,7980
19838;71,3430;5,8330
19839;71,4120;5,7740
19840;71,4330;5,7970
19841;71,4160;5,7890
19842;71,4500;5,8370
19843;71,4260;5,7970
19844;71,3830;5,8270
19845;71,5230;5,7810
19846;71,3030;5,8620
19847;71,5560;5,8210
19848;71,3540;5,7920
19849;71,3960;5,8360
19850;71,4280;5,7910
19851;71,4150;5,8160
19852;71,4880;5,8770
19853;71,7320;5,8300
19854;71,4310;5,7990
19855;71,4300;5,7960
19856;71,4500;5,8250
19857;71,3890;5,7800
19858;71,3260;5,7950
19859;71,4760;5,8010
19860;71,4690;5,8250
19861;71,3810;5,8700
19862;71,5400;5,7910
19863;71,5840;5,7900
19864;71,4100;5,8110
19865;71,4720;5,7830
19866;71,3560;5,7860
19867;71,3720;5,8100
19868;71,5690;5,7670
19869;71,4290;5,8170
19870;71,5520;5,8270
19871;71,3880;5,7730
19872;71,3900;5,8420
19873;71,4540;5,7670
19874;71,4410;5,8370
19875;71,4310;5,8130
19876;71,4080;5,7960
19877;71,3650;5,8100
19878;71,4580;5,7970
19879;71,4390;5,8390
19880;71,3690;5,7940
19881;71,4750;5,8010
19882;71,3770;5,8160
19883;71,4730;5,8800
19884;71,4260;5,8560
19885;71,4660;5,8720
19886;71,4550;5,8240
19887;71,4500;5,7840
19888;71,4200;5,8030
19889;71,4430;5,8230
19890;71,3650;5,8440
19891;71,4420;5,8820
19892;71,4650;5,8220
19893;71,3510;5,7890
19894;71,4970;5,7990
19895;71,3080;5,8000
19896;71,1830;5,8010
19897;71,4670;5,8060
19898;71,3920;5,8270
19899;71,4270;5,8120
19900;71,3550;5,8330
19901;71,4750;5,7970
19902;71,3540;5,7860
19903;71,4660;5,8200
19904;71,4370;5,7960
19905;71,4280;5,8120
19906;71,3790;5,8370
19907;71,3540;5,8130
19908;71,4670;5,8400
19909;71,4650;5,8320
19910;71,6110;5,8330
19911;71,3330;5,9140
19912;71,4310;5,8280
19913;71,4630;5,8050
19914;71,4730;5,8240
19915;71,3310;5,8280
19916;71,4390;5,8160
19917;71,4410;5,7990
19918;71,3890;5,8200
19919;71,4050;5,7970
19920;71,4490;5,8090
19921;71,3580;5,8010
19922;71,4030;5,8020
19923;71,2340;5,7920
19924;71,3950;5,8520
19925;71,4410;5,7940
19926;71,4530;5,8150
19927;71,4610;5,8070
19928;71,4770;5,8360
19929;71,5450;5,8560
19930;71,4390;5,8090
19931;71,4730;5,8040
19932;71,3610;5,8480
19933;71,3650;5,8160
19934;71,3420;5,7930
19935;71,3920;5,8560
19936;71,3960;5,7880
19937;71,5280;5,8530
19938;71,4360;5,8040
19939;71,5620;5,8320
19940;71,4380;5,8020
19941;71,2540;5,8260
19942;71,4400;5,8320
19943;71,4320;5,7960
19944;71,4100;5,8030
19945;71,4710;5,8260
19946;71,3700;5,8360
19947;71,3500;5,8060
19948;71,5170;5,8320
19949;71,3460;5,8060
19950;71,3620;5,8150
19951;71,4450;5,8030
19952;71,3930;5,8300
19953;71,4270;5,8190
19954;71,5040;5,8140
19955;71,3700;5,7960
19956;71,5050;5,8430
19957;71,4010;5,8530
19958;71,4450;5,7850
19959;71,4430;5,8120
19960;71,4530;5,7850
19961;71,3260;5,7990
19962;71,4500;5,8500
19963;71,4830;5,8110
19964;71,4600;5,8370
19965;71,4880;5,8060
19966;71,4270;5,7960
19967;71,4450;5,8550
19968;71,3560;5,8270
19969;71,4780;5,8130
19970;71,3150;5,8000
19971;71,3260;5,8070
19972;71,4120;5,7990
19973;71,5480;5,7630
19974;71,4140;5,8030
19975;71,4440;5,8220
19976;71,4360;5,8080
19977;71,0860;5,8160
19978;71,4940;5,8130
19979;71,4410;5,8130
19980;71,4680;5,8760
19981;71,3500;5,7970
19982;71,4370;5,8040
19983;71,4660;5,8070
19984;71,4150;5,8020
19985;71,3290;5,7820
19986;71,3530;5,7960
19987;71,4240;5,8360
19988;71,3920;5,8390
19989;71,2890;5,8060
19990;71,3800;5,7890
19991;71,4250;5,8330
19992;71,4740;5,8180
19993;71,4950;5,7880
19994;71,3990;5,7930
19995;71,4040;5,8000
19996;71,3200;5,8290
19997;71,3700;5,8300
19998;71,3530;5,7970
19999;71,4290;5,8080
20000;71,3730;5,8380
20001;71,3290;5,8060
20002;71,4870;5,7650
20003;71,3250;5,7880
20004;71,4080;5,8100
20005;71,5050;5,8210
20006;71,5160;5,8510
20007;71,4520;5,8100
20008;71,4680;5,8020
20009;71,5130;5,8880
20010;71,4430;5,8240
20011;71,3910;5,8220
20012;71,4380;5,7930
20013;71,4400;5,8510
20014;71,4550;5,7990
20015;71,4550;5,7850
20016;71,3520;5,8310
20017;71,3620;5,7970
20018;71,4580;5,8610
20019;71,4270;5,8060
20020;71,4600;5,8800
20021;71,3260;5,8150
20022;71,4390;5,8060
20023;71,4070;5,8130
20024;71,4300;5,8530
20025;71,3710;5,8500
20026;71,4830;5,8090
20027;71,1360;5,7730
20028;71,2980;5,8400
20029;71,4320;5,7970
20030;71,5620;5,8220
20031;71,5310;5,8130
20032;71,4470;5,7800
20033;71,4980;5,8160
20034;71,4010;5,8640
20035;71,3730;5,7990
20036;71,3920;5,7750
20037;71,4320;5,7880
20038;71,3310;5,8230
20039;71,4100;5,7820
20040;71,4770;5,8070
20041;71,3660;5,8380
20042;71,3610;5,8210
20043;71,3350;5,7850
20044;71,3690;5,7820
20045;71,5060;5,8410
20046;71,4080;5,8270
20047;71,3450;5,8220
20048;71,4350;5,8280
20049;71,2980;5,7910
20050;71,4340;5,7920
20051;71,4360;5,8180
20052;71,4810;5,8190
20053;71,4680;5,7970
20054;71,3620;5,8000
20055;71,3130;5,8250
20056;71,4170;5,7960
20057;71,3320;5,8870
20058;71,2470;5,8020
20059;71,5120;5,8140
20060;71,4390;5,7980
20061;71,4530;5,8240
20062;71,4110;5,8390
20063;71,4040;5,8140
20064;71,4740;5,8010
20065;71,3460;5,8350
20066;71,4090;5,8030
20067;71,3990;5,8020
20068;71,3460;5,7950
20069;71,4460;5,8370
20070;71,3430;5,9590
20071;71,4310;5,8410
20072;71,4610;5,8200
20073;71,5090;5,8040
20074;71,4000;5,8120
20075;71,4690;5,8270
20076;71,4090;5,7780
20077;71,4820;5,8580
20078;71,3510;5,7970
20079;71,4460;5,8440
20080;71,3530;5,8060
20081;71,3490;5,8510
20082;71,4180;5,7860
20083;71,4240;5,7840
20084;71,3410;5,8210
20085;71,3870;5,8170
20086;71,3910;5,7900
20087;71,3580;5,9170
20088;71,4420;5,7890
20089;71,3510;5,8540
20090;71,4280;5,7960
20091;71,4290;5,7940
20092;71,4950;5,8160
20093;71,2450;5,7990
20094;71,5250;5,8270
20095;71,3500;5,8000
20096;71,4360;5,7760
20097;71,4490;5,8210
20098;71,3800;5,7970
20099;71,4350;5,8270
20100;71,3930;5,7650
20101;71,4330;5,8300
20102;71,4480;5,7950
20103;71,4020;5,8030
20104;71,4400;5,7910
20105;71,4020;5,8070
20106;71,5640;5,7770
20107;71,4480;5,8010
20108;71,4160;5,7840
20109;71,4810;5,8360
20110;71,4130;5,8790
20111;71,5130;5,8070
20112;71,3610;5,8510
20113;71,4520;5,8170
20114;71,4050;5,8160
20115;71,3520;5,7880
20116;71,4310;5,9530
20117;71,4550;5,8280
20118;71,4060;5,8210
20119;71,4290;5,8010
20120;71,3790;5,7960
20121;71,4550;5,8460
20122;71,4640;5,8020
20123;71,3930;5,8170
20124;71,4720;5,8230
20125;71,4470;5,8010
20126;71,3720;5,8120
20127;71,4430;5,7790
20128;71,4980;5,8390
20129;71,4440;5,8450
20130;71,4080;5,7870
20131;71,5080;5,8310
20132;71,4450;5,8040
20133;71,4210;5,8090
20134;71,4370;5,8060
20135;71,3150;5,8040
20136;71,4180;5,8020
20137;71,4710;5,8040
20138;71,3910;5,7970
20139;71,4540;5,8740
20140;71,3890;5,8030
20141;71,4240;5,7990
20142;71,3490;5,8170
20143;71,4320;5,7900
20144;71,4280;5,8040
20145;71,4240;5,7890
20146;71,4030;5,7820
20147;71,4150;5,7700
20148;71,4620;5,7580
20149;71,3590;5,8200
20150;71,3930;5,8190
20151;71,4320;5,8360
20152;71,3650;5,8230
20153;71,4970;5,7880
20154;71,3850;5,7710
20155;71,3930;5,8370
20156;71,3910;5,8540
20157;70,5140;5,8700
20158;71,4470;5,8440
20159;71,4240;5,8030
20160;71,4730;5,8250
20161;71,4540;5,8540
20162;71,4150;5,7910
20163;71,4590;5,8340
20164;71,4780;5,8720
20165;71,3420;5,7890
20166;71,2910;5,8050
20167;71,3370;5,8220
20168;71,4530;5,8030
20169;71,5080;5,7950
20170;71,3780;5,8330
20171;71,3020;5,8130
20172;71,2380;5,8060
20173;71,3400;5,8220
20174;71,3980;5,8230
20175;71,2430;5,8100
20176;71,4520;5,8070
20177;71,3030;5,8710
20178;71,4520;5,8010
20179;71,4230;5,8040
20180;71,4510;5,8010
20181;71,4430;5,8030
20182;71,4560;5,8480
20183;71,4290;5,8230
20184;71,3770;5,8430
20185;71,3950;5,8150
20186;71,4340;5,8340
20187;71,4960;5,7850
20188;71,4790;5,8000
20189;71,5280;5,8420
20190;71,4400;5,8180
20191;71,4570;5,7970
20192;71,4260;5,8160
20193;71,4420;5,8050
20194;71,4550;5,8080
20195;71,4610;5,7760
20196;71,4400;5,8650
20197;71,5650;5,8720
20198;71,4130;5,8360
20199;71,3960;5,7840
20200;71,5200;5,7880
20201;71,4960;5,8480
20202;71,3640;5,8210
20203;71,4350;5,8470
20204;71,4030;5,8250
20205;71,4100;5,8320
20206;71,4400;5,7820
20207;71,4780;5,8100
20208;71,3340;5,8130
20209;71,3680;5,8400
20210;71,4580;5,7840
20211;71,4640;5,8070
20212;71,4200;5,8710
20213;71,4270;5,8280
20214;71,4490;5,8230
20215;71,3460;5,8150
20216;71,4220;5,8050
20217;71,4280;5,7840
20218;71,3150;5,8080
20219;71,4260;5,7980
20220;71,3840;5,8140
20221;71,4660;5,8530
20222;71,5070;5,8440
20223;71,4550;5,8670
20224;71,3420;5,8100
20225;71,4500;5,8510
20226;71,3970;5,8060
20227;71,4520;5,7860
20228;71,4330;5,8200
20229;71,4440;5,7860
20230;71,4480;5,7930
20231;71,3860;5,8100
20232;71,3720;5,8420
20233;71,3060;5,8130
20234;71,3550;5,8010
20235;71,4370;5,8040
20236;71,4590;5,7860
20237;71,3500;5,8040
20238;71,4430;5,7940
20239;71,3900;5,8170
20240;71,4930;5,8770
20241;71,4070;5,7450
20242;71,4570;5,7750
20243;71,4180;5,9400
20244;71,3970;5,8260
20245;71,3480;5,8080
20246;71,4350;5,8220
20247;71,3650;5,8200
20248;71,4340;5,8630
20249;71,2930;5,8360
20250;71,4070;5,8110
20251;71,4400;5,8050
20252;71,4610;5,7870
20253;71,2920;5,8110
20254;71,3750;5,7810
20255;71,4170;5,7930
20256;71,4190;5,8040
20257;71,4060;5,7980
20258;71,3110;5,8140
20259;71,3670;5,8200
20260;71,5030;5,8400
20261;71,4720;5,8120
20262;71,3540;5,8390
20263;71,3770;5,7980
20264;71,4740;5,7900
20265;71,4670;5,8130
20266;71,4100;5,7900
20267;71,4930;5,8010
20268;71,3460;5,8610
20269;71,3230;5,8330
20270;71,4120;5,8270
20271;71,3690;5,8420
20272;71,5530;5,8010
20273;71,3990;5,8350
20274;71,3620;5,8900
20275;71,4170;5,8330
20276;71,3580;5,8190
20277;71,3620;5,8230
20278;71,4060;5,7860
20279;71,4690;5,8130
20280;71,4820;5,8330
20281;71,3690;5,8040
20282;71,0510;5,8220
20283;71,3890;5,8100
20284;71,4740;5,8140
20285;71,4980;5,8140
20286;71,4360;5,8320
20287;71,3840;5,7900
20288;71,3480;5,8820
20289;71,3920;5,7680
20290;71,4870;5,8310
20291;71,4270;5,8340
20292;71,3910;5,8290
20293;71,3000;5,7840
20294;71,4830;5,8060
20295;71,3860;5,8130
20296;71,2860;5,8170
20297;71,4060;5,8260
20298;71,3660;5,8040
20299;71,5130;5,7780
20300;71,4360;5,7780
20301;71,4260;5,7960
20302;71,4920;5,8270
20303;71,4370;5,7980
20304;71,2490;5,8290
20305;71,3590;5,7810
20306;71,3250;5,8040
20307;71,3390;5,7730
20308;71,3780;5,8010
20309;71,3620;5,7810
20310;71,3940;5,8090
20311;71,5090;5,8090
20312;71,4440;5,7950
20313;71,3750;5,7930
20314;71,5130;5,8140
20315;71,3420;5,8160
20316;71,3660;5,8200
20317;71,4220;5,7760
20318;71,4760;5,7900
20319;71,4330;5,7860
20320;71,4800;5,8750
20321;71,3340;5,8150
20322;71,3870;5,8670
20323;71,3700;5,8390
20324;71,4090;5,8470
20325;71,4140;5,8040
20326;71,3420;5,7970
20327;71,3580;5,7960
20328;71,4110;5,8440
20329;71,3330;5,8230
20330;71,3660;5,8020
20331;71,4590;5,7900
20332;71,5270;5,7980
20333;71,3910;5,8140
20334;71,4310;5,8310
20335;71,5250;5,8280
20336;71,4530;5,8500
20337;71,5150;5,8620
20338;71,4340;5,8080
20339;71,4180;5,7960
20340;71,3770;5,8040
20341;71,3600;5,7940
20342;71,4410;5,8120
20343;71,4240;5,8070
20344;71,4180;5,8100
20345;71,4760;5,7760
20346;71,3310;5,8300
20347;71,5710;5,7840
20348;71,4710;5,8700
20349;71,4970;5,8110
20350;71,4880;5,8260
20351;71,3870;5,8060
20352;71,3660;5,8120
20353;71,4500;5,8280
20354;71,3900;5,7100
20355;71,5800;5,8010
20356;71,2980;5,7720
20357;71,4750;5,8140
20358;71,4090;5,8350
20359;71,3400;5,8650
20360;71,3540;5,8170
20361;71,4250;5,8030
20362;71,3780;5,7820
20363;71,4070;5,7930
20364;71,3230;5,8630
20365;71,4670;5,8240
20366;71,3850;5,8020
20367;71,4120;5,8200
20368;71,3950;5,8320
20369;71,3730;5,8190
20370;71,3430;5,7840
20371;71,4340;5,7880
20372;71,4640;5,9150
20373;71,4630;5,7840
20374;71,3330;5,8280
20375;71,4380;5,7860
20376;71,3510;5,7970
20377;71,3440;5,8120
20378;71,3250;5,8120
20379;71,3870;5,8250
20380;71,5010;5,8610
20381;71,4760;5,8420
20382;71,4280;5,8260
20383;71,4830;5,8250
20384;71,3760;5,8170
20385;71,4340;5,8140
20386;71,3200;5,8020
20387;71,4150;5,8230
20388;71,4470;5,8400
20389;71,4880;5,8580
20390;71,3640;5,7840
20391;71,4390;5,8010
20392;71,3390;5,8080
20393;71,3810;5,7970
20394;71,3860;5,8030
20395;71,3240;5,8360
20396;71,2890;5,8130
20397;71,3920;5,8080
20398;71,4020;5,8340
20399;71,4420;5,7980
20400;71,4520;5,7980
20401;71,4200;5,8270
20402;71,5120;5,7820
20403;71,4490;5,7970
20404;71,3860;5,7970
20405;71,3830;5,8150
20406;71,3880;5,8000
20407;71,4290;5,8110
20408;71,3290;5,8370
20409;71,4680;5,8080
20410;71,4560;5,9080
20411;71,3710;5,7960
20412;71,4590;5,7910
20413;71,1800;5,8160
20414;71,4520;5,7970
20415;71,5200;5,7970
20416;71,4470;5,8500
20417;71,4760;5,8080
20418;71,4170;5,7850
20419;71,4670;5,8140
20420;71,4530;5,8140
20421;71,4030;5,7870
20422;71,4490;5,8130
20423;71,4360;5,7690
20424;71,4360;5,7970
20425;71,4870;5,8580
20426;71,4660;5,7980
20427;71,4130;5,8010
20428;71,4090;5,8030
20429;71,4150;5,8500
20430;71,4130;5,8250
20431;71,3710;5,9270
20432;71,3940;5,8030
20433;71,4250;5,7930
20434;71,4360;5,8400
20435;71,3650;5,7830
20436;71,4080;5,7560
20437;71,4360;5,8450
20438;71,3600;5,7840
20439;71,4520;5,7910
20440;71,4660;5,8070
20441;71,3590;5,8620
20442;71,1890;5,8330
20443;71,3160;5,8300
20444;71,3410;5,8120
20445;71,4710;5,8150
20446;71,3760;5,7760
20447;71,3180;5,8060
20448;71,3420;5,8080
20449;71,4940;5,8310
20450;71,4140;5,8660
20451;71,4040;5,7870
20452;71,3390;5,7970
20453;71,4110;5,8140
20454;71,3430;5,8080
20455;71,4120;5,7840
20456;71,4580;5,8060
20457;71,3630;5,8250
20458;71,4050;5,7770
20459;71,3530;5,8420
20460;71,4420;5,7840
20461;71,4560;5,8150
20462;71,4380;5,7990
20463;71,3520;5,7890
20464;71,4000;5,8140
20465;71,4940;5,8170
20466;71,1170;5,8080
20467;71,4710;5,7750
20468;71,4830;5,7950
20469;71,4370;5,8280
20470;71,3400;5,8290
20471;71,3560;5,7870
20472;71,4340;5,8260
20473;71,4220;5,8460
20474;71,3330;5,8380
20475;71,3100;5,8570
20476;71,3990;5,8630
20477;71,3100;5,7760
20478;71,4610;5,8080
20479;71,4120;5,8240
20480;71,2220;5,8420
20481;71,4380;5,8030
20482;71,4160;5,8110
20483;71,4250;5,8480
20484;71,4920;5,8220
20485;71,4450;5,8410
20486;71,3360;5,8010
20487;71,3830;5,8190
20488;71,4530;5,8150
20489;71,4640;5,8060
20490;71,4560;5,8360
20491;71,4220;5,8330
20492;71,4470;5,7880
20493;71,4750;5,8120
20494;71,4960;5,8100
20495;71,4270;5,8590
20496;71,4520;5,7920
20497;71,4660;5,7880
20498;71,4770;5,8600
20499;71,5040;5,8130
20500;71,3840;5,8000
20501;71,3630;5,8220
20502;71,4750;5,8000
20503;71,3940;5,7790
20504;71,4150;5,7950
20505;71,3310;5,7950
20506;71,4140;5,8100
20507;71,3630;5,8290
20508;71,4210;5,9640
20509;71,4620;5,8470
20510;71,3860;5,8540
20511;71,4130;5,8320
20512;71,4850;5,8380
20513;71,4350;5,8120
20514;71,5200;5,8210
20515;71,4350;5,7950
20516;71,3260;5,8160
20517;71,3690;5,8400
20518;71,3710;5,8460
20519;71,3720;5,8130
20520;71,4510;5,9070
20521;71,3540;5,7870
20522;71,4150;5,7780
20523;71,4610;5,8130
20524;71,3960;5,8100
20525;71,4660;5,8120
20526;71,3610;5,8150
20527;71,4110;5,7880
20528;71,3830;5,7920
20529;71,4670;5,8350
20530;71,2460;5,8180
20531;71,4530;5,8040
20532;71,3550;5,8060
20533;71,3990;5,8040
20534;71,4260;5,8020
20535;71,4090;5,8610
20536;71,3650;5,8620
20537;71,4260;5,8240
20538;71,3820;5,8160
20539;71,4770;5,8090
20540;71,5340;5,7980
20541;71,3650;5,8120
20542;71,4270;5,8390
20543;71,4120;5,8050
20544;71,5310;5,8310
20545;71,4240;5,8320
20546;71,4970;5,7910
20547;71,2950;5,8200
20548;71,3810;5,7800
20549;71,4410;5,7750
20550;71,5000;5,8000
20551;71,3930;5,8010
20552;71,4650;5,7850
20553;71,4420;5,8150
20554;71,4760;5,8090
20555;71,3640;5,8120
20556;71,4450;5,7790
20557;71,4550;5,7830
20558;71,3940;5,7910
20559;71,4860;5,8000
20560;71,4080;5,8070
20561;71,4490;5,8570
20562;71,4270;5,8330
20563;71,9390;5,8060
20564;71,4030;5,7980
20565;71,5160;5,7980
20566;71,4750;5,8160
20567;71,3450;5,7940
20568;71,4230;5,8070
20569;71,4080;5,7880
20570;71,4480;5,8250
20571;71,4390;5,7720
20572;71,4350;5,8240
20573;71,3510;5,8070
20574;71,3920;5,7770
20575;71,4080;5,8190
20576;71,3960;5,7920
20577;71,4920;5,8230
20578;71,3030;5,9190
20579;71,3860;5,7720
20580;71,4060;5,8170
20581;71,4990;5,8110
20582;71,4130;5,7980
20583;71,4630;5,8540
20584;71,4690;5,8240
20585;71,3280;5,7930
20586;71,4360;5,8360
20587;71,2800;5,7930
20588;71,2570;5,8350
20589;71,3990;5,7940
20590;71,4770;5,7820
20591;71,3970;5,8150
20592;71,3850;5,7920
20593;71,4660;5,7820
20594;71,3640;5,8420
20595;71,3900;5,7930
20596;71,4310;5,8180
20597;71,3820;5,8070
20598;71,3970;5,8590
20599;71,3010;5,8040
20600;71,4670;5,8100
20601;71,4040;5,8070
20602;71,3720;5,8250
20603;71,4000;5,8280
20604;71,4130;5,8170
20605;71,4350;5,7990
20606;71,4450;5,8040
20607;71,4250;5,8240
20608;71,4360;5,7830
20609;71,3900;5,7630
20610;71,3140;5,8080
20611;71,4400;5,8110
20612;71,2870;5,8060
20613;71,2990;5,8500
20614;71,1990;5,8880
20615;71,5520;5,8760
20616;71,4410;5,8100
20617;71,4480;5,8410
20618;71,4430;5,8120
20619;71,4900;5,7720
20620;71,3510;5,7730
20621;71,5260;5,7890
20622;71,3870;5,7930
20623;71,4410;5,8580
20624;71,4260;5,8040
20625;71,4820;5,8470
20626;71,3500;5,8680
20627;71,4170;5,8200
20628;71,4570;5,8050
20629;71,4130;5,8720
20630;71,4190;5,8300
20631;71,4210;5,8200
20632;71,4530;5,8110
20633;71,3450;5,7920
20634;71,3900;5,8500
20635;71,4390;5,7810
20636;71,4240;5,8110
20637;71,3700;5,7900
20638;71,3800;5,8160
20639;71,3990;5,8220
20640;71,4160;5,7870
20641;71,4140;5,8120
20642;71,4620;5,7990
20643;71,2280;5,8290
20644;71,4120;5,8060
20645;71,5550;5,8170
20646;71,4040;5,7850
20647;71,3720;5,8150
20648;71,4520;5,8240
20649;71,3640;5,8300
20650;71,3820;5,8590
20651;71,4100;5,7460
20652;71,4470;5,7970
20653;71,4260;5,8040
20654;71,3120;5,8160
20655;71,4490;5,8010
20656;71,4730;5,7910
20657;71,3460;5,8130
20658;71,4740;5,7840
20659;71,3370;5,8070
20660;71,3940;5,8380
20661;71,4260;5,7960
20662;71,3250;5,8030
20663;71,2590;5,8450
20664;71,4200;5,8170
20665;71,4160;5,8580
20666;71,4390;5,8340
20667;71,3660;5,8090
20668;71,5070;5,7830
20669;71,4980;5,8350
20670;71,5160;5,7950
20671;71,2240;5,8400
20672;71,5200;5,8130
20673;71,4960;5,7940
20674;71,3460;5,8160
20675;71,4170;5,8260
20676;71,3900;5,8020
20677;71,4030;5,8150
20678;71,4820;5,8320
20679;71,4150;5,8240
20680;71,3750;5,8350
20681;71,4040;5,8290
20682;71,4360;5,8290
20683;71,3780;5,8460
20684;71,4040;5,8280
20685;71,4330;5,7860
20686;71,3100;5,8000
20687;71,3940;5,8050
20688;71,4910;5,8840
20689;71,3480;5,7990
20690;71,4160;5,8340
20691;71,3480;5,8140
20692;71,5410;5,8080
20693;71,3120;5,8490
20694;71,4840;5,8130
20695;71,4220;5,7970
20696;71,4070;5,8350
20697;71,3900;5,7990
20698;71,4080;5,7760
20699;71,3650;5,8000
20700;71,3860;5,8140
20701;71,5210;5,8230
20702;71,4350;5,8070
20703;71,3760;5,8070
20704;71,3530;5,7990
20705;71,4300;5,8480
20706;71,4310;5,8330
20707;71,5280;5,8100
20708;71,1740;5,8310
20709;71,4070;5,7850
20710;71,5030;5,8090
20711;71,4050;5,8180
20712;71,3940;5,8260
20713;71,4070;5,7850
20714;71,4180;5,8110
20715;71,4240;5,8190
20716;71,3760;5,8070
20717;71,3630;5,8510
20718;71,4110;5,8090
20719;71,5060;5,8460
20720;71,4750;5,8310
20721;71,4350;5,7900
20722;71,5030;5,8200
20723;71,3140;5,8050
20724;71,2150;5,8360
20725;71,3750;5,8300
20726;71,5110;5,7840
20727;71,4830;5,8560
20728;71,3630;5,8090
20729;71,4440;5,7990
20730;71,4510;5,8110
20731;71,3970;5,7790
20732;71,3650;5,7910
20733;71,4110;5,8180
20734;71,4020;5,7820
20735;71,3650;5,7820
20736;71,2700;5,8140
20737;71,4400;5,8170
20738;71,4180;5,8220
20739;71,4110;5,8120
20740;71,4600;5,7980
20741;71,6090;5,8050
20742;71,4050;5,7900
20743;71,3560;5,7990
20744;71,4830;5,7930
20745;71,4040;5,8170
20746;71,3850;5,9250
20747;71,3350;5,7760
20748;71,5470;5,8180
20749;71,4300;5,8490
20750;71,4820;5,8210
20751;71,3980;5,8120
20752;71,3620;5,7880
20753;71,3350;5,8080
20754;71,3440;5,7960
20755;71,4690;5,8170
20756;71,4610;5,7920
20757;71,4910;5,8440
20758;71,5270;5,8540
20759;71,5020;5,7980
20760;71,3890;5,8030
20761;71,5070;5,7930
20762;71,4790;5,8050
20763;71,3900;5,8710
20764;71,4140;5,8180
20765;71,4410;5,8100
20766;71,4440;5,8050
20767;71,3760;5,8080
20768;71,4770;5,8310
20769;71,4410;5,9410
20770;71,4590;5,7930
20771;71,4980;5,8190
20772;71,4910;5,8580
20773;71,2920;5,8300
20774;71,4600;5,8310
20775;71,4540;5,8390
20776;71,4210;5,8370
20777;71,4090;5,7960
20778;71,3740;5,8650
20779;71,3450;5,7960
20780;71,3420;5,7980
20781;71,3520;5,8000
20782;71,3930;5,8310
20783;71,4320;5,8330
20784;71,3720;5,7870
20785;71,4140;5,8340
20786;71,3730;5,8020
20787;71,3640;5,7670
20788;71,4900;5,8220
20789;71,4610;5,8210
20790;71,3330;5,8060
20791;71,3270;5,8080
20792;71,4610;5,8080
20793;71,3700;5,7950
20794;71,3580;5,8000
20795;71,5550;5,7990
20796;71,3640;5,7880
20797;71,3990;5,8110
20798;71,4560;5,8040
20799;71,4160;5,8400
20800;71,4100;5,8020
20801;71,4080;5,8080
20802;71,4930;5,7670
20803;71,3600;5,8290
20804;71,4860;5,8030
20805;71,3970;5,8290
20806;71,4150;5,7880
20807;71,4900;5,7860
20808;71,3860;5,8320
20809;71,4600;5,6880
20810;71,3880;5,8110
20811;71,5710;5,7980
20812;71,4720;5,8170
20813;71,4690;5,7870
20814;71,4200;5,7960
20815;71,4410;5,7860
20816;71,3200;5,8250
20817;71,3530;5,7840
20818;71,3340;5,7870
20819;71,4750;5,7730
20820;71,3310;5,8280
20821;71,4280;5,8140
20822;71,4440;5,8200
20823;71,4480;5,8120
20824;71,3340;5,8410
20825;71,5010;5,8190
20826;71,3440;5,8100
20827;71,3270;5,8260
20828;71,4930;5,8000
20829;71,4260;5,8380
20830;71,4040;5,8040
20831;71,4810;5,8070
20832;71,3830;5,9590
20833;71,4290;5,8210
20834;71,4000;5,8570
20835;71,5430;5,8290
20836;71,4290;5,8550
20837;71,4450;5,7880
20838;71,4500;5,9520
20839;71,4780;5,7900
20840;71,4690;5,8390
20841;71,5160;5,8020
20842;71,4790;5,7950
20843;71,4310;5,7970
20844;71,4410;5,8270
20845;71,4630;5,7690
20846;71,5830;5,7880
20847;71,3640;5,7860
20848;71,4230;5,8060
20849;71,5190;5,7600
20850;71,3480;5,7510
20851;71,3930;5,7730
20852;71,4170;5,7970
20853;71,4980;5,8580
20854;71,2940;5,7800
20855;71,5090;5,8200
20856;71,4700;5,8140
20857;71,4140;5,7930
20858;71,4900;5,8570
20859;71,5030;5,8080
20860;71,5130;5,8050
20861;71,4180;5,8320
