Dýþ Çap;71.326;[mm]
Dýþ Çap;71.632;[mm]
Dýþ Çap;71.485;[mm]
Dýþ Çap;71.465;[mm]
Dýþ Çap;71.630;[mm]
Dýþ Çap;71.438;[mm]
Dýþ Çap;71.433;[mm]
Dýþ Çap;71.469;[mm]
Dýþ Çap;71.490;[mm]
Dýþ Çap;71.484;[mm]
Dýþ Çap;71.461;[mm]
Dýþ Çap;71.406;[mm]
Dýþ Çap;71.425;[mm]
Dýþ Çap;71.493;[mm]
Dýþ Çap;71.447;[mm]
Dýþ Çap;71.501;[mm]
Dýþ Çap;71.414;[mm]
Dýþ Çap;71.534;[mm]
Dýþ Çap;71.451;[mm]
Dýþ Çap;71.488;[mm]
Dýþ Çap;71.528;[mm]
Dýþ Çap;71.480;[mm]
Dýþ Çap;71.484;[mm]
Dýþ Çap;71.494;[mm]
Dýþ Çap;71.454;[mm]
Dýþ Çap;71.365;[mm]
Dýþ Çap;71.471;[mm]
Dýþ Çap;71.457;[mm]
Dýþ Çap;71.488;[mm]
Dýþ Çap;71.534;[mm]
Dýþ Çap;71.402;[mm]
Dýþ Çap;71.463;[mm]
Dýþ Çap;71.485;[mm]
Dýþ Çap;71.524;[mm]
Dýþ Çap;71.508;[mm]
Dýþ Çap;71.439;[mm]
Dýþ Çap;71.467;[mm]
Dýþ Çap; ; 
Dýþ Çap;71.425;[mm]
Dýþ Çap;71.519;[mm]
Dýþ Çap;71.571;[mm]
Dýþ Çap;71.522;[mm]
Dýþ Çap;71.518;[mm]
Dýþ Çap;71.507;[mm]
Dýþ Çap;71.448;[mm]
Dýþ Çap;71.545;[mm]
Dýþ Çap;71.484;[mm]
Dýþ Çap;71.512;[mm]
Dýþ Çap;71.493;[mm]
Dýþ Çap;71.434;[mm]
Dýþ Çap;71.445;[mm]
Dýþ Çap;71.509;[mm]
Dýþ Çap;71.478;[mm]
Dýþ Çap;71.527;[mm]
Dýþ Çap;71.465;[mm]
Dýþ Çap;71.461;[mm]
Dýþ Çap;71.303;[mm]
Dýþ Çap;71.461;[mm]
Dýþ Çap;71.427;[mm]
Dýþ Çap;71.469;[mm]
Dýþ Çap;71.425;[mm]
Dýþ Çap;71.505;[mm]
Dýþ Çap;71.569;[mm]
Dýþ Çap;71.462;[mm]
Dýþ Çap;71.420;[mm]
Dýþ Çap;71.604;[mm]
Dýþ Çap;71.419;[mm]
Dýþ Çap;71.454;[mm]
Dýþ Çap;71.400;[mm]
Dýþ Çap;71.439;[mm]
Dýþ Çap;71.439;[mm]
Dýþ Çap;71.525;[mm]
Dýþ Çap;71.491;[mm]
Dýþ Çap;71.506;[mm]
Dýþ Çap;71.466;[mm]
Dýþ Çap;71.370;[mm]
Dýþ Çap;71.392;[mm]
Dýþ Çap;71.452;[mm]
Dýþ Çap;71.367;[mm]
Dýþ Çap;71.499;[mm]
Dýþ Çap;71.384;[mm]
Dýþ Çap;71.317;[mm]
Dýþ Çap;71.904;[mm]
Dýþ Çap;71.397;[mm]
Dýþ Çap;71.497;[mm]
Dýþ Çap;71.509;[mm]
Dýþ Çap;71.429;[mm]
Dýþ Çap;71.396;[mm]
Dýþ Çap;71.550;[mm]
Dýþ Çap;71.446;[mm]
Dýþ Çap;71.421;[mm]
Dýþ Çap;71.580;[mm]
Dýþ Çap;71.494;[mm]
Dýþ Çap;71.446;[mm]
Dýþ Çap;71.511;[mm]
Dýþ Çap; ; 
Dýþ Çap;71.582;[mm]
Dýþ Çap;71.610;[mm]
Dýþ Çap;71.485;[mm]
Dýþ Çap;71.578;[mm]
Dýþ Çap;71.530;[mm]
Dýþ Çap;71.504;[mm]
Dýþ Çap;71.456;[mm]
Dýþ Çap;71.524;[mm]
Dýþ Çap;71.528;[mm]
Dýþ Çap; ; 
Dýþ Çap;71.376;[mm]
Dýþ Çap;71.515;[mm]
Dýþ Çap;71.462;[mm]
Dýþ Çap;71.468;[mm]
Dýþ Çap;71.507;[mm]
Dýþ Çap;71.415;[mm]
Dýþ Çap;71.505;[mm]
Dýþ Çap;71.498;[mm]
Dýþ Çap;71.388;[mm]
Dýþ Çap;71.516;[mm]
Dýþ Çap;71.527;[mm]
Dýþ Çap;71.375;[mm]
Dýþ Çap;71.405;[mm]
Dýþ Çap;71.541;[mm]
Dýþ Çap;71.416;[mm]
Dýþ Çap;71.452;[mm]
Dýþ Çap;71.537;[mm]
Dýþ Çap;71.458;[mm]
Dýþ Çap;71.603;[mm]
Dýþ Çap;71.457;[mm]
Dýþ Çap;71.457;[mm]
Dýþ Çap;71.510;[mm]
Dýþ Çap;71.386;[mm]
Dýþ Çap;71.468;[mm]
Dýþ Çap;71.509;[mm]
Dýþ Çap;71.534;[mm]
Dýþ Çap;71.560;[mm]
Dýþ Çap;71.415;[mm]
Dýþ Çap;71.491;[mm]
Dýþ Çap;71.547;[mm]
Dýþ Çap;71.622;[mm]
Dýþ Çap;71.367;[mm]
Dýþ Çap;71.654;[mm]
Dýþ Çap;71.357;[mm]
Dýþ Çap;71.570;[mm]
Dýþ Çap;71.487;[mm]
Dýþ Çap;71.422;[mm]
Dýþ Çap;71.531;[mm]
Dýþ Çap;71.547;[mm]
Dýþ Çap;71.360;[mm]
Dýþ Çap;70.872;[mm]
Dýþ Çap;71.439;[mm]
Dýþ Çap;71.529;[mm]
Dýþ Çap;71.418;[mm]
Dýþ Çap;71.457;[mm]
Dýþ Çap;71.454;[mm]
Dýþ Çap;71.482;[mm]
Dýþ Çap;71.469;[mm]
Dýþ Çap;71.353;[mm]
Dýþ Çap;71.462;[mm]
Dýþ Çap;71.504;[mm]
Dýþ Çap;71.517;[mm]
Dýþ Çap;71.428;[mm]
Dýþ Çap;71.364;[mm]
Dýþ Çap;71.552;[mm]
Dýþ Çap;71.496;[mm]
Dýþ Çap;71.402;[mm]
Dýþ Çap;71.465;[mm]
Dýþ Çap;71.530;[mm]
Dýþ Çap;71.416;[mm]
Dýþ Çap;71.640;[mm]
Dýþ Çap;71.462;[mm]
Dýþ Çap;71.433;[mm]
Dýþ Çap;71.547;[mm]
Dýþ Çap;71.474;[mm]
Dýþ Çap;71.464;[mm]
Dýþ Çap;71.558;[mm]
Dýþ Çap;71.523;[mm]
Dýþ Çap;71.474;[mm]
Dýþ Çap;71.479;[mm]
Dýþ Çap;71.398;[mm]
Dýþ Çap;71.440;[mm]
Dýþ Çap;71.535;[mm]
Dýþ Çap;71.397;[mm]
Dýþ Çap;71.481;[mm]
Dýþ Çap;71.462;[mm]
Dýþ Çap;71.638;[mm]
Dýþ Çap;71.562;[mm]
Dýþ Çap;71.525;[mm]
Dýþ Çap;71.435;[mm]
Dýþ Çap;71.481;[mm]
Dýþ Çap;71.479;[mm]
Dýþ Çap;71.500;[mm]
Dýþ Çap;71.496;[mm]
Dýþ Çap;71.514;[mm]
Dýþ Çap;71.487;[mm]
Dýþ Çap;71.492;[mm]
Dýþ Çap;71.539;[mm]
Dýþ Çap;71.474;[mm]
Dýþ Çap;71.451;[mm]
Dýþ Çap;71.472;[mm]
Dýþ Çap;71.471;[mm]
Dýþ Çap;71.514;[mm]
Dýþ Çap;71.396;[mm]
Dýþ Çap;71.479;[mm]
Dýþ Çap;71.500;[mm]
Dýþ Çap;71.437;[mm]
Dýþ Çap;71.444;[mm]
Dýþ Çap;71.395;[mm]
Dýþ Çap;71.514;[mm]
Dýþ Çap;71.409;[mm]
Dýþ Çap;71.510;[mm]
Dýþ Çap;71.540;[mm]
Dýþ Çap;71.485;[mm]
Dýþ Çap;71.484;[mm]
Dýþ Çap;71.488;[mm]
Dýþ Çap;71.483;[mm]
Dýþ Çap;71.438;[mm]
Dýþ Çap;71.478;[mm]
Dýþ Çap;71.455;[mm]
Dýþ Çap;71.355;[mm]
Dýþ Çap;71.505;[mm]
Dýþ Çap;71.378;[mm]
Dýþ Çap;71.475;[mm]
Dýþ Çap;71.479;[mm]
Dýþ Çap;71.588;[mm]
Dýþ Çap;71.520;[mm]
Dýþ Çap;71.463;[mm]
Dýþ Çap;71.387;[mm]
Dýþ Çap;71.383;[mm]
Dýþ Çap;71.448;[mm]
Dýþ Çap;71.410;[mm]
Dýþ Çap;71.519;[mm]
Dýþ Çap;71.471;[mm]
Dýþ Çap;71.301;[mm]
Dýþ Çap;71.397;[mm]
Dýþ Çap;71.474;[mm]
Dýþ Çap;71.514;[mm]
Dýþ Çap;71.463;[mm]
Dýþ Çap;71.467;[mm]
Dýþ Çap;71.582;[mm]
Dýþ Çap; ; 
Dýþ Çap;71.470;[mm]
Dýþ Çap;71.431;[mm]
Dýþ Çap;71.500;[mm]
Dýþ Çap;71.493;[mm]
Dýþ Çap;71.584;[mm]
Dýþ Çap;71.451;[mm]
Dýþ Çap;71.515;[mm]
Dýþ Çap;71.422;[mm]
Dýþ Çap;71.469;[mm]
Dýþ Çap;71.518;[mm]
Dýþ Çap;71.527;[mm]
Dýþ Çap;71.382;[mm]
Dýþ Çap;71.465;[mm]
Dýþ Çap;71.552;[mm]
Dýþ Çap;71.518;[mm]
Dýþ Çap;71.506;[mm]
Dýþ Çap;71.473;[mm]
Dýþ Çap;71.521;[mm]
Dýþ Çap;71.456;[mm]
Dýþ Çap;71.478;[mm]
Dýþ Çap;71.611;[mm]
Dýþ Çap;71.489;[mm]
Dýþ Çap;71.485;[mm]
Dýþ Çap;71.482;[mm]
Dýþ Çap;71.511;[mm]
Dýþ Çap;71.444;[mm]
Dýþ Çap;71.501;[mm]
Dýþ Çap;71.464;[mm]
Dýþ Çap;71.459;[mm]
Dýþ Çap;71.525;[mm]
Dýþ Çap;71.426;[mm]
Dýþ Çap;71.486;[mm]
Dýþ Çap;71.457;[mm]
Dýþ Çap;71.499;[mm]
Dýþ Çap;71.422;[mm]
Dýþ Çap;71.319;[mm]
Dýþ Çap;71.488;[mm]
Dýþ Çap;71.521;[mm]
Dýþ Çap;71.499;[mm]
Dýþ Çap;71.522;[mm]
Dýþ Çap;71.442;[mm]
Dýþ Çap;71.483;[mm]
Dýþ Çap;71.461;[mm]
Dýþ Çap;71.511;[mm]
Dýþ Çap;71.375;[mm]
Dýþ Çap;71.510;[mm]
Dýþ Çap;71.342;[mm]
Dýþ Çap;71.541;[mm]
Dýþ Çap;71.360;[mm]
Dýþ Çap;71.474;[mm]
Dýþ Çap;71.591;[mm]
Dýþ Çap;71.492;[mm]
Dýþ Çap;71.490;[mm]
Dýþ Çap;71.382;[mm]
Dýþ Çap;71.534;[mm]
Dýþ Çap;72.773;[mm]
Dýþ Çap;71.500;[mm]
Dýþ Çap;71.553;[mm]
Dýþ Çap;71.420;[mm]
Dýþ Çap;71.503;[mm]
Dýþ Çap;71.482;[mm]
Dýþ Çap;71.447;[mm]
Dýþ Çap;71.476;[mm]
Dýþ Çap;71.493;[mm]
Dýþ Çap;71.506;[mm]
Dýþ Çap;71.518;[mm]
Dýþ Çap;71.419;[mm]
Dýþ Çap;71.480;[mm]
Dýþ Çap;71.503;[mm]
Dýþ Çap;71.366;[mm]
Dýþ Çap;71.509;[mm]
Dýþ Çap;71.522;[mm]
Dýþ Çap;71.490;[mm]
Dýþ Çap;71.437;[mm]
Dýþ Çap;71.314;[mm]
Dýþ Çap;71.502;[mm]
Dýþ Çap;71.455;[mm]
Dýþ Çap;71.381;[mm]
Dýþ Çap;71.474;[mm]
Dýþ Çap;71.468;[mm]
Dýþ Çap; ; 
Dýþ Çap;71.488;[mm]
Dýþ Çap;71.427;[mm]
Dýþ Çap;71.462;[mm]
Dýþ Çap;71.380;[mm]
Dýþ Çap;71.383;[mm]
Dýþ Çap;71.442;[mm]
Dýþ Çap;71.542;[mm]
Dýþ Çap;71.481;[mm]
Dýþ Çap;71.538;[mm]
Dýþ Çap;71.435;[mm]
Dýþ Çap;71.479;[mm]
Dýþ Çap;71.402;[mm]
Dýþ Çap;71.536;[mm]
Dýþ Çap;71.517;[mm]
Dýþ Çap;71.511;[mm]
Dýþ Çap;71.500;[mm]
Dýþ Çap;71.444;[mm]
Dýþ Çap;71.460;[mm]
Dýþ Çap;71.345;[mm]
Dýþ Çap;71.511;[mm]
Dýþ Çap;71.420;[mm]
Dýþ Çap;71.495;[mm]
Dýþ Çap;71.453;[mm]
Dýþ Çap;71.358;[mm]
Dýþ Çap;71.491;[mm]
Dýþ Çap;71.438;[mm]
Dýþ Çap;71.480;[mm]
Dýþ Çap;71.501;[mm]
Dýþ Çap;71.453;[mm]
Dýþ Çap;71.397;[mm]
Dýþ Çap;71.461;[mm]
Dýþ Çap;71.429;[mm]
Dýþ Çap;71.439;[mm]
Dýþ Çap;71.371;[mm]
Dýþ Çap;71.441;[mm]
Dýþ Çap;71.496;[mm]
Dýþ Çap;71.435;[mm]
Dýþ Çap;71.496;[mm]
Dýþ Çap;71.523;[mm]
Dýþ Çap;71.492;[mm]
Dýþ Çap;71.398;[mm]
Dýþ Çap;71.508;[mm]
Dýþ Çap;71.500;[mm]
Dýþ Çap;71.335;[mm]
Dýþ Çap;71.438;[mm]
Dýþ Çap;71.608;[mm]
Dýþ Çap;71.451;[mm]
Dýþ Çap;71.521;[mm]
Dýþ Çap; ; 
Dýþ Çap;71.614;[mm]
Dýþ Çap;71.345;[mm]
Dýþ Çap;71.510;[mm]
Dýþ Çap;71.557;[mm]
Dýþ Çap;71.420;[mm]
Dýþ Çap;71.460;[mm]
Dýþ Çap;71.391;[mm]
Dýþ Çap;71.545;[mm]
Dýþ Çap;71.239;[mm]
Dýþ Çap;71.429;[mm]
Dýþ Çap;71.533;[mm]
Dýþ Çap;71.416;[mm]
Dýþ Çap;71.461;[mm]
Dýþ Çap;71.393;[mm]
Dýþ Çap;71.470;[mm]
Dýþ Çap;71.386;[mm]
Dýþ Çap;71.402;[mm]
Dýþ Çap;71.387;[mm]
Dýþ Çap;71.448;[mm]
Dýþ Çap;71.528;[mm]
Dýþ Çap;71.575;[mm]
Dýþ Çap;71.507;[mm]
Dýþ Çap;71.476;[mm]
Dýþ Çap;71.447;[mm]
Dýþ Çap;71.430;[mm]
Dýþ Çap;71.530;[mm]
Dýþ Çap;71.489;[mm]
Dýþ Çap;71.506;[mm]
Dýþ Çap;71.513;[mm]
Dýþ Çap;71.389;[mm]
Dýþ Çap;71.421;[mm]
Dýþ Çap;71.455;[mm]
Dýþ Çap;71.442;[mm]
Dýþ Çap;71.470;[mm]
Dýþ Çap;71.548;[mm]
Dýþ Çap;71.507;[mm]
Dýþ Çap;71.470;[mm]
Dýþ Çap;71.489;[mm]
Dýþ Çap;71.483;[mm]
Dýþ Çap;71.434;[mm]
Dýþ Çap;71.562;[mm]
Dýþ Çap;71.448;[mm]
Dýþ Çap;71.440;[mm]
Dýþ Çap;71.441;[mm]
Dýþ Çap;71.498;[mm]
Dýþ Çap;71.425;[mm]
Dýþ Çap;71.468;[mm]
Dýþ Çap;71.476;[mm]
Dýþ Çap;71.526;[mm]
Dýþ Çap;71.464;[mm]
Dýþ Çap;71.449;[mm]
Dýþ Çap;71.472;[mm]
Dýþ Çap;71.438;[mm]
Dýþ Çap;71.497;[mm]
Dýþ Çap;71.450;[mm]
Dýþ Çap;71.464;[mm]
Dýþ Çap;71.481;[mm]
Dýþ Çap;71.498;[mm]
Dýþ Çap;71.499;[mm]
Dýþ Çap;71.531;[mm]
Dýþ Çap;71.455;[mm]
Dýþ Çap;71.466;[mm]
Dýþ Çap;71.331;[mm]
Dýþ Çap;71.509;[mm]
Dýþ Çap;71.473;[mm]
Dýþ Çap;71.436;[mm]
Dýþ Çap;71.440;[mm]
Dýþ Çap;71.483;[mm]
Dýþ Çap;71.497;[mm]
Dýþ Çap;71.576;[mm]
Dýþ Çap;71.483;[mm]
Dýþ Çap;71.481;[mm]
Dýþ Çap;71.514;[mm]
Dýþ Çap;71.386;[mm]
Dýþ Çap;71.506;[mm]
Dýþ Çap;71.576;[mm]
Dýþ Çap;71.521;[mm]
Dýþ Çap;71.522;[mm]
Dýþ Çap;71.519;[mm]
Dýþ Çap;71.467;[mm]
Dýþ Çap;71.423;[mm]
Dýþ Çap;71.497;[mm]
Dýþ Çap;71.481;[mm]
Dýþ Çap;71.471;[mm]
Dýþ Çap;71.423;[mm]
Dýþ Çap;71.552;[mm]
Dýþ Çap;71.508;[mm]
Dýþ Çap;71.475;[mm]
Dýþ Çap;71.603;[mm]
Dýþ Çap;71.520;[mm]
Dýþ Çap;71.473;[mm]
Dýþ Çap;71.488;[mm]
Dýþ Çap;71.420;[mm]
Dýþ Çap;71.380;[mm]
Dýþ Çap;71.457;[mm]
Dýþ Çap;71.371;[mm]
Dýþ Çap;71.411;[mm]
Dýþ Çap;71.472;[mm]
Dýþ Çap;71.343;[mm]
Dýþ Çap;71.459;[mm]
Dýþ Çap;71.542;[mm]
Dýþ Çap;71.447;[mm]
Dýþ Çap;71.473;[mm]
Dýþ Çap;71.482;[mm]
Dýþ Çap;71.433;[mm]
Dýþ Çap;71.471;[mm]
Dýþ Çap;71.459;[mm]
Dýþ Çap;71.497;[mm]
Dýþ Çap;71.486;[mm]
Dýþ Çap;71.447;[mm]
Dýþ Çap;71.570;[mm]
Dýþ Çap;71.449;[mm]
Dýþ Çap;71.466;[mm]
Dýþ Çap;71.499;[mm]
Dýþ Çap;71.466;[mm]
Dýþ Çap;71.480;[mm]
Dýþ Çap;71.485;[mm]
Dýþ Çap;71.383;[mm]
Dýþ Çap;71.561;[mm]
Dýþ Çap;71.463;[mm]
Dýþ Çap;71.555;[mm]
Dýþ Çap;71.496;[mm]
Dýþ Çap;71.521;[mm]
Dýþ Çap;71.519;[mm]
Dýþ Çap;71.466;[mm]
Dýþ Çap;71.427;[mm]
Dýþ Çap;71.521;[mm]
Dýþ Çap;71.368;[mm]
Dýþ Çap;71.558;[mm]
Dýþ Çap;71.489;[mm]
Dýþ Çap;71.405;[mm]
Dýþ Çap;71.426;[mm]
Dýþ Çap;71.571;[mm]
Dýþ Çap;71.462;[mm]
Dýþ Çap;71.491;[mm]
Dýþ Çap;71.467;[mm]
Dýþ Çap;71.371;[mm]
Dýþ Çap;71.403;[mm]
Dýþ Çap;71.385;[mm]
Dýþ Çap;71.402;[mm]
Dýþ Çap;71.565;[mm]
Dýþ Çap;71.524;[mm]
Dýþ Çap;71.472;[mm]
Dýþ Çap;71.371;[mm]
Dýþ Çap;71.469;[mm]
Dýþ Çap;71.459;[mm]
Dýþ Çap;71.840;[mm]
Dýþ Çap;71.458;[mm]
Dýþ Çap; ; 
Dýþ Çap;71.350;[mm]
Dýþ Çap;71.515;[mm]
Dýþ Çap;71.477;[mm]
Dýþ Çap;71.382;[mm]
Dýþ Çap;71.509;[mm]
Dýþ Çap;71.468;[mm]
Dýþ Çap;71.444;[mm]
Dýþ Çap;71.446;[mm]
Dýþ Çap;71.500;[mm]
Dýþ Çap;71.380;[mm]
Dýþ Çap;71.444;[mm]
Dýþ Çap;71.426;[mm]
Dýþ Çap;71.441;[mm]
Dýþ Çap;71.461;[mm]
Dýþ Çap;71.533;[mm]
Dýþ Çap;71.471;[mm]
Dýþ Çap;71.389;[mm]
Dýþ Çap;71.509;[mm]
Dýþ Çap;71.435;[mm]
Dýþ Çap;71.659;[mm]
Dýþ Çap;71.479;[mm]
Dýþ Çap;71.538;[mm]
Dýþ Çap;71.467;[mm]
Dýþ Çap;71.441;[mm]
Dýþ Çap;71.425;[mm]
Dýþ Çap;71.414;[mm]
Dýþ Çap;71.611;[mm]
Dýþ Çap;71.562;[mm]
Dýþ Çap;71.569;[mm]
Dýþ Çap;71.514;[mm]
Dýþ Çap;71.508;[mm]
Dýþ Çap;71.507;[mm]
Dýþ Çap;71.448;[mm]
Dýþ Çap;71.413;[mm]
Dýþ Çap;71.439;[mm]
Dýþ Çap;71.386;[mm]
Dýþ Çap;71.427;[mm]
Dýþ Çap;71.508;[mm]
Dýþ Çap;71.468;[mm]
Dýþ Çap;71.478;[mm]
Dýþ Çap;71.455;[mm]
Dýþ Çap;71.507;[mm]
Dýþ Çap;71.401;[mm]
Dýþ Çap;71.451;[mm]
Dýþ Çap;71.501;[mm]
Dýþ Çap;71.445;[mm]
Dýþ Çap;71.563;[mm]
Dýþ Çap;71.511;[mm]
Dýþ Çap;71.406;[mm]
Dýþ Çap;71.479;[mm]
Dýþ Çap;71.474;[mm]
Dýþ Çap;71.509;[mm]
Dýþ Çap;71.466;[mm]
Dýþ Çap;71.485;[mm]
Dýþ Çap;71.488;[mm]
Dýþ Çap;71.403;[mm]
Dýþ Çap;71.456;[mm]
Dýþ Çap;71.492;[mm]
Dýþ Çap;71.482;[mm]
Dýþ Çap;71.500;[mm]
Dýþ Çap;71.428;[mm]
Dýþ Çap;71.435;[mm]
Dýþ Çap;71.473;[mm]
Dýþ Çap;71.414;[mm]
Dýþ Çap;71.429;[mm]
Dýþ Çap;71.458;[mm]
Dýþ Çap;71.479;[mm]
Dýþ Çap;71.427;[mm]
Dýþ Çap;71.465;[mm]
Dýþ Çap;71.504;[mm]
Dýþ Çap;71.413;[mm]
Dýþ Çap;71.464;[mm]
Dýþ Çap;71.464;[mm]
Dýþ Çap;71.508;[mm]
Dýþ Çap;71.483;[mm]
Dýþ Çap;71.514;[mm]
Dýþ Çap;71.471;[mm]
Dýþ Çap;71.371;[mm]
Dýþ Çap;71.592;[mm]
Dýþ Çap;71.517;[mm]
Dýþ Çap;71.445;[mm]
Dýþ Çap;71.500;[mm]
Dýþ Çap;71.432;[mm]
Dýþ Çap;71.370;[mm]
Dýþ Çap;71.386;[mm]
Dýþ Çap;71.523;[mm]
Dýþ Çap;71.435;[mm]
Dýþ Çap;71.547;[mm]
Dýþ Çap;71.500;[mm]
Dýþ Çap;71.571;[mm]
Dýþ Çap;71.519;[mm]
Dýþ Çap;71.529;[mm]
Dýþ Çap;71.436;[mm]
Dýþ Çap;71.489;[mm]
Dýþ Çap;71.520;[mm]
Dýþ Çap;71.382;[mm]
Dýþ Çap;71.394;[mm]
Dýþ Çap;71.409;[mm]
Dýþ Çap;71.438;[mm]
Dýþ Çap;71.407;[mm]
Dýþ Çap;71.507;[mm]
Dýþ Çap;71.438;[mm]
Dýþ Çap;71.466;[mm]
Dýþ Çap;71.407;[mm]
Dýþ Çap;71.198;[mm]
Dýþ Çap;71.460;[mm]
Dýþ Çap;71.468;[mm]
Dýþ Çap;71.236;[mm]
Dýþ Çap;71.436;[mm]
Dýþ Çap;71.479;[mm]
Dýþ Çap;71.540;[mm]
Dýþ Çap;71.437;[mm]
Dýþ Çap;71.471;[mm]
Dýþ Çap;71.482;[mm]
Dýþ Çap;71.446;[mm]
Dýþ Çap;71.487;[mm]
Dýþ Çap;71.445;[mm]
Dýþ Çap;71.425;[mm]
Dýþ Çap;71.511;[mm]
Dýþ Çap;71.582;[mm]
Dýþ Çap;71.543;[mm]
Dýþ Çap;71.429;[mm]
Dýþ Çap;71.485;[mm]
Dýþ Çap;71.424;[mm]
Dýþ Çap;71.477;[mm]
Dýþ Çap;71.482;[mm]
Dýþ Çap;71.549;[mm]
Dýþ Çap;71.525;[mm]
Dýþ Çap;71.543;[mm]
Dýþ Çap;71.388;[mm]
Dýþ Çap;71.374;[mm]
Dýþ Çap;71.435;[mm]
Dýþ Çap;71.501;[mm]
Dýþ Çap;71.476;[mm]
Dýþ Çap;71.334;[mm]
Dýþ Çap;71.448;[mm]
Dýþ Çap;71.617;[mm]
Dýþ Çap;71.471;[mm]
Dýþ Çap;71.401;[mm]
Dýþ Çap;71.494;[mm]
Dýþ Çap;71.456;[mm]
Dýþ Çap;71.376;[mm]
Dýþ Çap;71.450;[mm]
Dýþ Çap;71.528;[mm]
Dýþ Çap;71.483;[mm]
Dýþ Çap;71.509;[mm]
Dýþ Çap;71.472;[mm]
Dýþ Çap;71.384;[mm]
Dýþ Çap;71.458;[mm]
Dýþ Çap;71.440;[mm]
Dýþ Çap;71.441;[mm]
Dýþ Çap;71.499;[mm]
Dýþ Çap;71.435;[mm]
Dýþ Çap;71.449;[mm]
Dýþ Çap;71.416;[mm]
Dýþ Çap;71.559;[mm]
Dýþ Çap;71.474;[mm]
Dýþ Çap;71.476;[mm]
Dýþ Çap;71.521;[mm]
Dýþ Çap;71.476;[mm]
Dýþ Çap;71.459;[mm]
Dýþ Çap;71.456;[mm]
Dýþ Çap;71.531;[mm]
Dýþ Çap;71.485;[mm]
Dýþ Çap;71.397;[mm]
Dýþ Çap;71.418;[mm]
Dýþ Çap;71.560;[mm]
Dýþ Çap;71.480;[mm]
Dýþ Çap;71.496;[mm]
Dýþ Çap;70.734;[mm]
Dýþ Çap;71.439;[mm]
Dýþ Çap;71.400;[mm]
Dýþ Çap;71.377;[mm]
Dýþ Çap;71.488;[mm]
Dýþ Çap;71.428;[mm]
Dýþ Çap;71.492;[mm]
Dýþ Çap;71.511;[mm]
Dýþ Çap;71.401;[mm]
Dýþ Çap;71.537;[mm]
Dýþ Çap;71.499;[mm]
Dýþ Çap;71.361;[mm]
Dýþ Çap;71.399;[mm]
Dýþ Çap;71.467;[mm]
Dýþ Çap;71.515;[mm]
Dýþ Çap;71.422;[mm]
Dýþ Çap;71.401;[mm]
Dýþ Çap;71.461;[mm]
Dýþ Çap;71.472;[mm]
Dýþ Çap;71.483;[mm]
Dýþ Çap;71.515;[mm]
Dýþ Çap;71.496;[mm]
Dýþ Çap;71.519;[mm]
Dýþ Çap;71.496;[mm]
Dýþ Çap;71.465;[mm]
Dýþ Çap;71.494;[mm]
Dýþ Çap;71.366;[mm]
Dýþ Çap;71.426;[mm]
Dýþ Çap;71.544;[mm]
Dýþ Çap;71.524;[mm]
Dýþ Çap;71.406;[mm]
Dýþ Çap;71.453;[mm]
Dýþ Çap;71.437;[mm]
Dýþ Çap;71.411;[mm]
Dýþ Çap;71.385;[mm]
Dýþ Çap;71.403;[mm]
Dýþ Çap;71.456;[mm]
Dýþ Çap;71.406;[mm]
Dýþ Çap;71.524;[mm]
Dýþ Çap;71.459;[mm]
Dýþ Çap;71.465;[mm]
Dýþ Çap;71.490;[mm]
Dýþ Çap;71.483;[mm]
Dýþ Çap;71.461;[mm]
Dýþ Çap;71.458;[mm]
Dýþ Çap;71.447;[mm]
Dýþ Çap;71.524;[mm]
Dýþ Çap;71.366;[mm]
Dýþ Çap;71.502;[mm]
Dýþ Çap;71.497;[mm]
Dýþ Çap;71.387;[mm]
Dýþ Çap;71.416;[mm]
Dýþ Çap;71.507;[mm]
Dýþ Çap;71.581;[mm]
Dýþ Çap;71.570;[mm]
Dýþ Çap;71.832;[mm]
Dýþ Çap;71.467;[mm]
Dýþ Çap;71.436;[mm]
Dýþ Çap;71.492;[mm]
Dýþ Çap;71.463;[mm]
Dýþ Çap;71.457;[mm]
Dýþ Çap;71.290;[mm]
Dýþ Çap;71.488;[mm]
Dýþ Çap;71.362;[mm]
Dýþ Çap;71.481;[mm]
Dýþ Çap;71.534;[mm]
Dýþ Çap;71.435;[mm]
Dýþ Çap;71.413;[mm]
Dýþ Çap;71.475;[mm]
Dýþ Çap;71.501;[mm]
Dýþ Çap;71.452;[mm]
Dýþ Çap;71.494;[mm]
Dýþ Çap;71.413;[mm]
Dýþ Çap;71.437;[mm]
Dýþ Çap; ; 
Dýþ Çap;71.524;[mm]
Dýþ Çap;71.494;[mm]
Dýþ Çap;71.478;[mm]
Dýþ Çap;71.467;[mm]
Dýþ Çap;71.499;[mm]
Dýþ Çap;71.437;[mm]
Dýþ Çap;71.512;[mm]
Dýþ Çap;71.512;[mm]
Dýþ Çap;72.031;[mm]
Dýþ Çap;71.476;[mm]
Dýþ Çap;71.471;[mm]
Dýþ Çap;71.428;[mm]
Dýþ Çap;71.434;[mm]
Dýþ Çap;71.369;[mm]
Dýþ Çap;71.361;[mm]
Dýþ Çap;71.453;[mm]
Dýþ Çap;71.524;[mm]
Dýþ Çap;71.401;[mm]
Dýþ Çap;71.453;[mm]
Dýþ Çap;71.395;[mm]
Dýþ Çap;71.534;[mm]
Dýþ Çap;71.532;[mm]
Dýþ Çap;71.431;[mm]
Dýþ Çap;71.479;[mm]
Dýþ Çap;71.503;[mm]
Dýþ Çap;71.408;[mm]
Dýþ Çap;71.442;[mm]
Dýþ Çap;71.451;[mm]
Dýþ Çap;71.475;[mm]
Dýþ Çap;71.467;[mm]
Dýþ Çap;71.483;[mm]
Dýþ Çap;71.419;[mm]
Dýþ Çap;71.492;[mm]
Dýþ Çap;71.388;[mm]
Dýþ Çap;71.522;[mm]
Dýþ Çap;71.514;[mm]
Dýþ Çap;71.501;[mm]
Dýþ Çap;71.510;[mm]
Dýþ Çap;71.517;[mm]
Dýþ Çap;71.548;[mm]
Dýþ Çap;71.485;[mm]
Dýþ Çap;71.556;[mm]
Dýþ Çap;71.514;[mm]
Dýþ Çap;71.444;[mm]
Dýþ Çap;71.467;[mm]
Dýþ Çap;71.457;[mm]
Dýþ Çap;71.451;[mm]
Dýþ Çap;71.436;[mm]
Dýþ Çap;71.474;[mm]
Dýþ Çap;71.496;[mm]
Dýþ Çap;71.404;[mm]
Dýþ Çap;71.510;[mm]
Dýþ Çap;71.449;[mm]
Dýþ Çap;71.498;[mm]
Dýþ Çap;71.485;[mm]
Dýþ Çap;71.498;[mm]
Dýþ Çap;71.437;[mm]
Dýþ Çap;71.492;[mm]
Dýþ Çap;71.491;[mm]
Dýþ Çap;71.387;[mm]
Dýþ Çap;71.485;[mm]
Dýþ Çap;71.362;[mm]
Dýþ Çap;71.500;[mm]
Dýþ Çap;71.425;[mm]
Dýþ Çap;71.523;[mm]
Dýþ Çap;71.408;[mm]
Dýþ Çap; ; 
Dýþ Çap;71.467;[mm]
Dýþ Çap;71.554;[mm]
Dýþ Çap;71.442;[mm]
Dýþ Çap;71.391;[mm]
Dýþ Çap;71.503;[mm]
Dýþ Çap;71.483;[mm]
Dýþ Çap;71.368;[mm]
Dýþ Çap;71.439;[mm]
Dýþ Çap;71.395;[mm]
Dýþ Çap;71.339;[mm]
Dýþ Çap;71.450;[mm]
Dýþ Çap;71.464;[mm]
Dýþ Çap;71.496;[mm]
Dýþ Çap;71.445;[mm]
Dýþ Çap;71.390;[mm]
Dýþ Çap;71.990;[mm]
Dýþ Çap;71.422;[mm]
Dýþ Çap;71.506;[mm]
Dýþ Çap;71.522;[mm]
Dýþ Çap;71.511;[mm]
Dýþ Çap;71.468;[mm]
Dýþ Çap;71.385;[mm]
Dýþ Çap;71.527;[mm]
Dýþ Çap;71.429;[mm]
Dýþ Çap;71.450;[mm]
Dýþ Çap;71.418;[mm]
Dýþ Çap;71.504;[mm]
Dýþ Çap;71.487;[mm]
Dýþ Çap;71.406;[mm]
Dýþ Çap;71.529;[mm]
Dýþ Çap;71.513;[mm]
Dýþ Çap;71.459;[mm]
Dýþ Çap;71.398;[mm]
Dýþ Çap;71.459;[mm]
Dýþ Çap;71.501;[mm]
Dýþ Çap;71.533;[mm]
Dýþ Çap;71.497;[mm]
Dýþ Çap;71.480;[mm]
Dýþ Çap;71.496;[mm]
Dýþ Çap;71.481;[mm]
Dýþ Çap;71.420;[mm]
Dýþ Çap;71.373;[mm]
Dýþ Çap;71.425;[mm]
Dýþ Çap;71.565;[mm]
Dýþ Çap;71.447;[mm]
Dýþ Çap;71.503;[mm]
Dýþ Çap;71.405;[mm]
Dýþ Çap;71.421;[mm]
Dýþ Çap;71.461;[mm]
Dýþ Çap;71.468;[mm]
Dýþ Çap;71.504;[mm]
Dýþ Çap;71.440;[mm]
Dýþ Çap;71.512;[mm]
Dýþ Çap;71.500;[mm]
Dýþ Çap;71.487;[mm]
Dýþ Çap;71.540;[mm]
Dýþ Çap;71.390;[mm]
Dýþ Çap;71.503;[mm]
Dýþ Çap;71.395;[mm]
Dýþ Çap;71.557;[mm]
Dýþ Çap;71.332;[mm]
Dýþ Çap;71.331;[mm]
Dýþ Çap;71.440;[mm]
Dýþ Çap;71.498;[mm]
Dýþ Çap;71.464;[mm]
Dýþ Çap;71.423;[mm]
Dýþ Çap;71.497;[mm]
Dýþ Çap;71.385;[mm]
Dýþ Çap;71.427;[mm]
Dýþ Çap;71.430;[mm]
Dýþ Çap;71.502;[mm]
Dýþ Çap;71.482;[mm]
Dýþ Çap;71.499;[mm]
Dýþ Çap;71.502;[mm]
Dýþ Çap;71.478;[mm]
Dýþ Çap;71.336;[mm]
Dýþ Çap;71.465;[mm]
Dýþ Çap;71.298;[mm]
Dýþ Çap;71.511;[mm]
Dýþ Çap;71.486;[mm]
Dýþ Çap;71.494;[mm]
Dýþ Çap;71.479;[mm]
Dýþ Çap;71.415;[mm]
Dýþ Çap;71.515;[mm]
Dýþ Çap;71.385;[mm]
Dýþ Çap;71.544;[mm]
Dýþ Çap;71.513;[mm]
Dýþ Çap;71.489;[mm]
Dýþ Çap;71.399;[mm]
Dýþ Çap;71.378;[mm]
Dýþ Çap;71.476;[mm]
Dýþ Çap;71.547;[mm]
Dýþ Çap;71.563;[mm]
Dýþ Çap;71.456;[mm]
Dýþ Çap;71.509;[mm]
Dýþ Çap;71.460;[mm]
Dýþ Çap;71.525;[mm]
Dýþ Çap;71.474;[mm]
Dýþ Çap;71.483;[mm]
Dýþ Çap;71.430;[mm]
Dýþ Çap;71.341;[mm]
Dýþ Çap;71.513;[mm]
Dýþ Çap;71.488;[mm]
Dýþ Çap;71.471;[mm]
Dýþ Çap;71.179;[mm]
Dýþ Çap;71.469;[mm]
Dýþ Çap;71.511;[mm]
Dýþ Çap;71.475;[mm]
Dýþ Çap;71.423;[mm]
Dýþ Çap;71.458;[mm]
Dýþ Çap;71.429;[mm]
Dýþ Çap;71.430;[mm]
Dýþ Çap;71.486;[mm]
Dýþ Çap;71.547;[mm]
Dýþ Çap;71.501;[mm]
Dýþ Çap;71.440;[mm]
Dýþ Çap;71.489;[mm]
Dýþ Çap;71.557;[mm]
Dýþ Çap;71.375;[mm]
Dýþ Çap;71.390;[mm]
Dýþ Çap;71.456;[mm]
Dýþ Çap;71.403;[mm]
Dýþ Çap;71.448;[mm]
Dýþ Çap;71.418;[mm]
Dýþ Çap;71.535;[mm]
Dýþ Çap;71.479;[mm]
Dýþ Çap;71.386;[mm]
Dýþ Çap;71.371;[mm]
Dýþ Çap;71.471;[mm]
Dýþ Çap;71.492;[mm]
Dýþ Çap;71.490;[mm]
Dýþ Çap;71.386;[mm]
Dýþ Çap;71.460;[mm]
Dýþ Çap;71.379;[mm]
Dýþ Çap;71.475;[mm]
Dýþ Çap;71.391;[mm]
Dýþ Çap;71.479;[mm]
Dýþ Çap;71.492;[mm]
Dýþ Çap;71.477;[mm]
Dýþ Çap;71.469;[mm]
Dýþ Çap;71.532;[mm]
Dýþ Çap;71.475;[mm]
Dýþ Çap;71.446;[mm]
Dýþ Çap;71.463;[mm]
Dýþ Çap;70.157;[mm]
Dýþ Çap;71.603;[mm]
Dýþ Çap;71.562;[mm]
Dýþ Çap;71.511;[mm]
Dýþ Çap;71.488;[mm]
Dýþ Çap;71.532;[mm]
Dýþ Çap; ; 
Dýþ Çap;71.475;[mm]
Dýþ Çap;71.490;[mm]
Dýþ Çap;71.507;[mm]
Dýþ Çap;71.432;[mm]
Dýþ Çap;71.393;[mm]
Dýþ Çap;71.505;[mm]
Dýþ Çap;71.530;[mm]
Dýþ Çap;71.467;[mm]
Dýþ Çap;71.343;[mm]
Dýþ Çap;71.450;[mm]
Dýþ Çap;71.507;[mm]
Dýþ Çap;71.463;[mm]
Dýþ Çap;71.464;[mm]
Dýþ Çap;71.471;[mm]
Dýþ Çap;71.392;[mm]
Dýþ Çap;71.560;[mm]
Dýþ Çap;71.428;[mm]
Dýþ Çap;71.335;[mm]
Dýþ Çap;71.389;[mm]
Dýþ Çap;71.523;[mm]
Dýþ Çap;71.508;[mm]
Dýþ Çap;71.476;[mm]
Dýþ Çap;71.468;[mm]
Dýþ Çap;71.477;[mm]
Dýþ Çap;71.457;[mm]
Dýþ Çap;71.431;[mm]
Dýþ Çap;71.276;[mm]
Dýþ Çap;71.345;[mm]
Dýþ Çap;71.482;[mm]
Dýþ Çap;71.505;[mm]
Dýþ Çap;71.397;[mm]
Dýþ Çap;71.492;[mm]
Dýþ Çap;71.435;[mm]
Dýþ Çap;71.571;[mm]
Dýþ Çap;71.412;[mm]
Dýþ Çap;71.246;[mm]
Dýþ Çap;71.491;[mm]
Dýþ Çap;71.453;[mm]
Dýþ Çap;71.466;[mm]
Dýþ Çap;71.460;[mm]
Dýþ Çap;71.495;[mm]
Dýþ Çap;71.394;[mm]
Dýþ Çap;71.447;[mm]
Dýþ Çap;71.515;[mm]
Dýþ Çap;71.527;[mm]
Dýþ Çap;71.439;[mm]
Dýþ Çap;71.510;[mm]
Dýþ Çap;71.492;[mm]
Dýþ Çap;71.522;[mm]
Dýþ Çap;71.482;[mm]
Dýþ Çap;71.374;[mm]
Dýþ Çap;71.490;[mm]
Dýþ Çap;71.441;[mm]
Dýþ Çap;71.444;[mm]
Dýþ Çap;71.378;[mm]
Dýþ Çap;71.490;[mm]
Dýþ Çap;71.509;[mm]
Dýþ Çap;71.520;[mm]
Dýþ Çap;71.401;[mm]
Dýþ Çap;71.446;[mm]
Dýþ Çap;71.498;[mm]
Dýþ Çap;71.457;[mm]
Dýþ Çap;71.577;[mm]
Dýþ Çap;71.546;[mm]
Dýþ Çap;71.493;[mm]
Dýþ Çap;71.438;[mm]
Dýþ Çap;71.413;[mm]
Dýþ Çap;71.519;[mm]
Dýþ Çap;71.500;[mm]
Dýþ Çap;71.433;[mm]
Dýþ Çap;71.459;[mm]
Dýþ Çap;71.551;[mm]
Dýþ Çap;71.500;[mm]
Dýþ Çap;71.419;[mm]
Dýþ Çap;71.445;[mm]
Dýþ Çap;71.360;[mm]
Dýþ Çap;71.514;[mm]
Dýþ Çap;71.538;[mm]
Dýþ Çap;71.538;[mm]
Dýþ Çap;71.479;[mm]
Dýþ Çap;71.435;[mm]
Dýþ Çap;71.392;[mm]
Dýþ Çap;71.467;[mm]
Dýþ Çap;71.392;[mm]
Dýþ Çap;71.453;[mm]
Dýþ Çap;71.513;[mm]
Dýþ Çap;71.525;[mm]
Dýþ Çap;71.450;[mm]
Dýþ Çap;71.444;[mm]
Dýþ Çap;71.395;[mm]
Dýþ Çap;71.508;[mm]
Dýþ Çap;71.416;[mm]
Dýþ Çap;71.362;[mm]
Dýþ Çap;71.518;[mm]
Dýþ Çap;71.528;[mm]
Dýþ Çap;71.446;[mm]
Dýþ Çap;71.434;[mm]
Dýþ Çap;71.456;[mm]
Dýþ Çap;71.480;[mm]
Dýþ Çap;71.551;[mm]
Dýþ Çap;71.254;[mm]
Dýþ Çap;71.490;[mm]
Dýþ Çap;71.529;[mm]
Dýþ Çap;71.437;[mm]
Dýþ Çap;71.337;[mm]
Dýþ Çap;71.491;[mm]
Dýþ Çap;71.477;[mm]
Dýþ Çap;71.407;[mm]
Dýþ Çap;71.413;[mm]
Dýþ Çap;71.463;[mm]
Dýþ Çap;71.555;[mm]
Dýþ Çap;71.377;[mm]
Dýþ Çap;71.446;[mm]
Dýþ Çap;71.473;[mm]
Dýþ Çap;71.464;[mm]
Dýþ Çap;71.430;[mm]
Dýþ Çap;71.463;[mm]
Dýþ Çap;71.566;[mm]
Dýþ Çap;71.411;[mm]
Dýþ Çap;71.460;[mm]
Dýþ Çap;71.539;[mm]
Dýþ Çap;71.537;[mm]
Dýþ Çap;71.449;[mm]
Dýþ Çap;71.415;[mm]
Dýþ Çap;71.383;[mm]
Dýþ Çap;71.402;[mm]
Dýþ Çap;71.499;[mm]
Dýþ Çap;71.512;[mm]
Dýþ Çap;71.430;[mm]
Dýþ Çap;71.408;[mm]
Dýþ Çap;71.492;[mm]
Dýþ Çap; ; 
Dýþ Çap;71.472;[mm]
Dýþ Çap;71.551;[mm]
Dýþ Çap;71.500;[mm]
Dýþ Çap;71.514;[mm]
Dýþ Çap;71.413;[mm]
Dýþ Çap;71.418;[mm]
Dýþ Çap;71.433;[mm]
Dýþ Çap;71.473;[mm]
Dýþ Çap;71.464;[mm]
Dýþ Çap;71.505;[mm]
Dýþ Çap;71.388;[mm]
Dýþ Çap;71.559;[mm]
Dýþ Çap;71.521;[mm]
Dýþ Çap;71.481;[mm]
Dýþ Çap;70.681;[mm]
Dýþ Çap;71.530;[mm]
Dýþ Çap;71.474;[mm]
Dýþ Çap;71.446;[mm]
Dýþ Çap;71.447;[mm]
Dýþ Çap;71.411;[mm]
Dýþ Çap;71.492;[mm]
Dýþ Çap;71.483;[mm]
Dýþ Çap;71.455;[mm]
Dýþ Çap;71.410;[mm]
Dýþ Çap;71.403;[mm]
Dýþ Çap;71.379;[mm]
Dýþ Çap;71.474;[mm]
Dýþ Çap;71.577;[mm]
Dýþ Çap;71.548;[mm]
Dýþ Çap;71.483;[mm]
Dýþ Çap;71.315;[mm]
Dýþ Çap;71.448;[mm]
Dýþ Çap;71.490;[mm]
Dýþ Çap;71.427;[mm]
Dýþ Çap;71.469;[mm]
Dýþ Çap;71.396;[mm]
Dýþ Çap;71.453;[mm]
Dýþ Çap;71.478;[mm]
Dýþ Çap;71.497;[mm]
Dýþ Çap;71.546;[mm]
Dýþ Çap;71.497;[mm]
Dýþ Çap;71.490;[mm]
Dýþ Çap;71.447;[mm]
Dýþ Çap;71.511;[mm]
Dýþ Çap;71.414;[mm]
Dýþ Çap;71.450;[mm]
Dýþ Çap;71.491;[mm]
Dýþ Çap;71.493;[mm]
Dýþ Çap;71.435;[mm]
Dýþ Çap;71.335;[mm]
Dýþ Çap;71.389;[mm]
Dýþ Çap;71.455;[mm]
Dýþ Çap;71.363;[mm]
Dýþ Çap;71.540;[mm]
Dýþ Çap;71.436;[mm]
Dýþ Çap;71.441;[mm]
Dýþ Çap;71.499;[mm]
Dýþ Çap;71.447;[mm]
Dýþ Çap;71.430;[mm]
Dýþ Çap;71.231;[mm]
Dýþ Çap;71.372;[mm]
Dýþ Çap;71.330;[mm]
Dýþ Çap;71.521;[mm]
Dýþ Çap;71.496;[mm]
Dýþ Çap;71.475;[mm]
Dýþ Çap;71.515;[mm]
Dýþ Çap;71.488;[mm]
Dýþ Çap;71.562;[mm]
Dýþ Çap;71.498;[mm]
Dýþ Çap;71.402;[mm]
Dýþ Çap;71.451;[mm]
Dýþ Çap;71.474;[mm]
Dýþ Çap;71.471;[mm]
Dýþ Çap;71.465;[mm]
Dýþ Çap;71.330;[mm]
Dýþ Çap;71.458;[mm]
Dýþ Çap;71.438;[mm]
Dýþ Çap;71.498;[mm]
Dýþ Çap;71.387;[mm]
Dýþ Çap;71.495;[mm]
Dýþ Çap;71.449;[mm]
Dýþ Çap;71.384;[mm]
Dýþ Çap;71.433;[mm]
Dýþ Çap;71.401;[mm]
Dýþ Çap;71.507;[mm]
Dýþ Çap;71.487;[mm]
Dýþ Çap;71.502;[mm]
Dýþ Çap;71.492;[mm]
Dýþ Çap;71.483;[mm]
Dýþ Çap;71.465;[mm]
Dýþ Çap;71.532;[mm]
Dýþ Çap;71.392;[mm]
Dýþ Çap;71.439;[mm]
Dýþ Çap;71.457;[mm]
Dýþ Çap;71.468;[mm]
Dýþ Çap;71.427;[mm]
Dýþ Çap;71.399;[mm]
Dýþ Çap;71.440;[mm]
Dýþ Çap;71.467;[mm]
Dýþ Çap;71.539;[mm]
Dýþ Çap;71.488;[mm]
Dýþ Çap;71.416;[mm]
Dýþ Çap;71.518;[mm]
Dýþ Çap;71.522;[mm]
Dýþ Çap;71.490;[mm]
Dýþ Çap;71.524;[mm]
Dýþ Çap;71.459;[mm]
Dýþ Çap;71.419;[mm]
Dýþ Çap;71.439;[mm]
Dýþ Çap;71.486;[mm]
Dýþ Çap;71.334;[mm]
Dýþ Çap;71.553;[mm]
Dýþ Çap;71.413;[mm]
Dýþ Çap;71.479;[mm]
Dýþ Çap;71.505;[mm]
Dýþ Çap;71.482;[mm]
Dýþ Çap;71.400;[mm]
Dýþ Çap;71.418;[mm]
Dýþ Çap;71.508;[mm]
Dýþ Çap;71.478;[mm]
Dýþ Çap;71.501;[mm]
Dýþ Çap;71.366;[mm]
Dýþ Çap;71.453;[mm]
Dýþ Çap;71.457;[mm]
Dýþ Çap;71.478;[mm]
Dýþ Çap;71.440;[mm]
Dýþ Çap;71.435;[mm]
Dýþ Çap;71.467;[mm]
Dýþ Çap;71.440;[mm]
Dýþ Çap;71.378;[mm]
Dýþ Çap;71.499;[mm]
Dýþ Çap;71.378;[mm]
Dýþ Çap;71.462;[mm]
Dýþ Çap;71.558;[mm]
Dýþ Çap;71.443;[mm]
Dýþ Çap;71.445;[mm]
Dýþ Çap;71.350;[mm]
Dýþ Çap;71.510;[mm]
Dýþ Çap;71.479;[mm]
Dýþ Çap;71.453;[mm]
Dýþ Çap;71.498;[mm]
Dýþ Çap;71.486;[mm]
Dýþ Çap;71.536;[mm]
Dýþ Çap;71.459;[mm]
Dýþ Çap;71.567;[mm]
Dýþ Çap;71.466;[mm]
Dýþ Çap;71.457;[mm]
Dýþ Çap;71.549;[mm]
Dýþ Çap;71.515;[mm]
Dýþ Çap;71.441;[mm]
Dýþ Çap;71.386;[mm]
Dýþ Çap;71.391;[mm]
Dýþ Çap;71.337;[mm]
Dýþ Çap;71.354;[mm]
Dýþ Çap;71.459;[mm]
Dýþ Çap;71.480;[mm]
Dýþ Çap;71.377;[mm]
Dýþ Çap;71.457;[mm]
Dýþ Çap;71.383;[mm]
Dýþ Çap;71.444;[mm]
Dýþ Çap;71.417;[mm]
Dýþ Çap;71.476;[mm]
Dýþ Çap;71.500;[mm]
Dýþ Çap;71.395;[mm]
Dýþ Çap;71.397;[mm]
Dýþ Çap;71.460;[mm]
Dýþ Çap;71.381;[mm]
Dýþ Çap;71.489;[mm]
Dýþ Çap;71.456;[mm]
Dýþ Çap;71.404;[mm]
Dýþ Çap;71.427;[mm]
Dýþ Çap;71.446;[mm]
Dýþ Çap;71.457;[mm]
Dýþ Çap;71.416;[mm]
Dýþ Çap;71.460;[mm]
Dýþ Çap;71.492;[mm]
Dýþ Çap;71.530;[mm]
Dýþ Çap;71.489;[mm]
Dýþ Çap;71.481;[mm]
Dýþ Çap;70.961;[mm]
Dýþ Çap;71.310;[mm]
Dýþ Çap;71.482;[mm]
Dýþ Çap;71.437;[mm]
Dýþ Çap;71.465;[mm]
Dýþ Çap;71.395;[mm]
Dýþ Çap;71.436;[mm]
Dýþ Çap;71.453;[mm]
Dýþ Çap;71.557;[mm]
Dýþ Çap;71.536;[mm]
Dýþ Çap;71.473;[mm]
Dýþ Çap;71.506;[mm]
Dýþ Çap;71.385;[mm]
Dýþ Çap;71.457;[mm]
Dýþ Çap;71.496;[mm]
Dýþ Çap;71.368;[mm]
Dýþ Çap;71.491;[mm]
Dýþ Çap;71.412;[mm]
Dýþ Çap;71.494;[mm]
Dýþ Çap;71.406;[mm]
Dýþ Çap;71.491;[mm]
Dýþ Çap;71.403;[mm]
Dýþ Çap;71.460;[mm]
Dýþ Çap;71.368;[mm]
Dýþ Çap;71.504;[mm]
Dýþ Çap;71.389;[mm]
Dýþ Çap;71.454;[mm]
Dýþ Çap;71.603;[mm]
Dýþ Çap;71.408;[mm]
Dýþ Çap;71.548;[mm]
Dýþ Çap;71.353;[mm]
Dýþ Çap;71.487;[mm]
Dýþ Çap;71.469;[mm]
Dýþ Çap;71.486;[mm]
Dýþ Çap;71.521;[mm]
Dýþ Çap;71.494;[mm]
Dýþ Çap;71.452;[mm]
Dýþ Çap;71.488;[mm]
Dýþ Çap;71.412;[mm]
Dýþ Çap;71.407;[mm]
Dýþ Çap;71.452;[mm]
Dýþ Çap;71.280;[mm]
Dýþ Çap;71.483;[mm]
Dýþ Çap;71.492;[mm]
Dýþ Çap;71.353;[mm]
Dýþ Çap;71.403;[mm]
Dýþ Çap;71.463;[mm]
Dýþ Çap;71.458;[mm]
Dýþ Çap;71.345;[mm]
Dýþ Çap;71.553;[mm]
Dýþ Çap;71.512;[mm]
Dýþ Çap;71.479;[mm]
Dýþ Çap;71.507;[mm]
Dýþ Çap;71.461;[mm]
Dýþ Çap;71.413;[mm]
Dýþ Çap;71.419;[mm]
Dýþ Çap;71.520;[mm]
Dýþ Çap;71.443;[mm]
Dýþ Çap;71.509;[mm]
Dýþ Çap;71.382;[mm]
Dýþ Çap;71.501;[mm]
Dýþ Çap;71.482;[mm]
Dýþ Çap;71.489;[mm]
Dýþ Çap;71.534;[mm]
Dýþ Çap;71.499;[mm]
Dýþ Çap;71.545;[mm]
Dýþ Çap;71.458;[mm]
Dýþ Çap;71.375;[mm]
Dýþ Çap;71.476;[mm]
Dýþ Çap;71.481;[mm]
Dýþ Çap;71.463;[mm]
Dýþ Çap;71.491;[mm]
Dýþ Çap;71.564;[mm]
Dýþ Çap;71.574;[mm]
Dýþ Çap;71.376;[mm]
Dýþ Çap;71.536;[mm]
Dýþ Çap;71.425;[mm]
Dýþ Çap;71.535;[mm]
Dýþ Çap;71.450;[mm]
Dýþ Çap;71.487;[mm]
Dýþ Çap;71.433;[mm]
Dýþ Çap;71.434;[mm]
Dýþ Çap;71.453;[mm]
Dýþ Çap;71.408;[mm]
Dýþ Çap;71.400;[mm]
Dýþ Çap;71.455;[mm]
Dýþ Çap;71.384;[mm]
Dýþ Çap;71.501;[mm]
Dýþ Çap;71.478;[mm]
Dýþ Çap;71.492;[mm]
Dýþ Çap;71.381;[mm]
Dýþ Çap;71.386;[mm]
Dýþ Çap;71.251;[mm]
Dýþ Çap;71.469;[mm]
Dýþ Çap; ; 
Dýþ Çap;71.495;[mm]
Dýþ Çap;71.482;[mm]
Dýþ Çap;71.371;[mm]
Dýþ Çap;71.525;[mm]
Dýþ Çap;71.340;[mm]
Dýþ Çap;71.437;[mm]
Dýþ Çap;71.489;[mm]
Dýþ Çap;71.374;[mm]
Dýþ Çap;71.524;[mm]
Dýþ Çap;71.460;[mm]
Dýþ Çap;71.375;[mm]
Dýþ Çap;71.491;[mm]
Dýþ Çap;71.546;[mm]
Dýþ Çap;71.384;[mm]
Dýþ Çap;71.494;[mm]
Dýþ Çap;71.464;[mm]
Dýþ Çap;71.564;[mm]
Dýþ Çap;71.552;[mm]
Dýþ Çap;71.393;[mm]
Dýþ Çap;71.511;[mm]
Dýþ Çap;71.375;[mm]
Dýþ Çap;71.474;[mm]
Dýþ Çap;71.478;[mm]
Dýþ Çap;71.525;[mm]
Dýþ Çap;71.537;[mm]
Dýþ Çap;71.509;[mm]
Dýþ Çap;71.427;[mm]
Dýþ Çap;71.552;[mm]
Dýþ Çap;71.469;[mm]
Dýþ Çap;71.401;[mm]
Dýþ Çap;71.361;[mm]
Dýþ Çap;71.429;[mm]
Dýþ Çap;71.454;[mm]
Dýþ Çap;71.456;[mm]
Dýþ Çap;71.452;[mm]
Dýþ Çap;71.571;[mm]
Dýþ Çap;71.330;[mm]
Dýþ Çap;71.472;[mm]
Dýþ Çap;71.373;[mm]
Dýþ Çap;71.474;[mm]
Dýþ Çap;71.530;[mm]
Dýþ Çap;71.472;[mm]
Dýþ Çap;71.448;[mm]
Dýþ Çap;71.434;[mm]
Dýþ Çap;71.485;[mm]
Dýþ Çap;71.434;[mm]
Dýþ Çap;71.527;[mm]
Dýþ Çap;71.502;[mm]
Dýþ Çap;71.497;[mm]
Dýþ Çap;71.464;[mm]
Dýþ Çap;71.386;[mm]
Dýþ Çap;71.524;[mm]
Dýþ Çap;71.452;[mm]
Dýþ Çap;71.487;[mm]
Dýþ Çap;71.457;[mm]
Dýþ Çap;71.356;[mm]
Dýþ Çap;71.517;[mm]
Dýþ Çap;71.432;[mm]
Dýþ Çap;71.573;[mm]
Dýþ Çap;71.400;[mm]
Dýþ Çap;71.407;[mm]
Dýþ Çap;71.471;[mm]
Dýþ Çap;71.521;[mm]
Dýþ Çap;71.495;[mm]
Dýþ Çap;71.384;[mm]
Dýþ Çap;71.424;[mm]
Dýþ Çap;71.457;[mm]
Dýþ Çap;71.420;[mm]
Dýþ Çap;71.466;[mm]
Dýþ Çap;71.538;[mm]
Dýþ Çap;71.502;[mm]
Dýþ Çap;71.389;[mm]
Dýþ Çap;71.428;[mm]
Dýþ Çap;71.467;[mm]
Dýþ Çap;71.400;[mm]
Dýþ Çap;71.475;[mm]
Dýþ Çap;71.448;[mm]
Dýþ Çap;71.461;[mm]
Dýþ Çap;71.471;[mm]
Dýþ Çap;71.502;[mm]
Dýþ Çap;71.374;[mm]
Dýþ Çap;71.440;[mm]
Dýþ Çap;71.497;[mm]
Dýþ Çap;71.512;[mm]
Dýþ Çap;71.537;[mm]
Dýþ Çap;71.515;[mm]
Dýþ Çap;71.421;[mm]
Dýþ Çap;71.508;[mm]
Dýþ Çap;71.468;[mm]
Dýþ Çap;71.463;[mm]
Dýþ Çap;71.486;[mm]
Dýþ Çap;71.384;[mm]
Dýþ Çap;71.432;[mm]
Dýþ Çap;71.535;[mm]
Dýþ Çap;71.502;[mm]
Dýþ Çap;71.390;[mm]
Dýþ Çap;71.458;[mm]
Dýþ Çap;71.413;[mm]
Dýþ Çap;71.470;[mm]
Dýþ Çap;71.511;[mm]
Dýþ Çap;71.428;[mm]
Dýþ Çap;71.427;[mm]
Dýþ Çap;71.434;[mm]
Dýþ Çap;71.406;[mm]
Dýþ Çap;71.478;[mm]
Dýþ Çap;71.495;[mm]
Dýþ Çap;71.376;[mm]
Dýþ Çap;71.459;[mm]
Dýþ Çap;71.510;[mm]
Dýþ Çap;71.527;[mm]
Dýþ Çap;71.519;[mm]
Dýþ Çap;71.440;[mm]
Dýþ Çap;71.446;[mm]
Dýþ Çap;71.400;[mm]
Dýþ Çap;71.412;[mm]
Dýþ Çap;71.352;[mm]
Dýþ Çap;71.440;[mm]
Dýþ Çap; ; 
Dýþ Çap;71.434;[mm]
Dýþ Çap;71.413;[mm]
Dýþ Çap;71.475;[mm]
Dýþ Çap;71.404;[mm]
Dýþ Çap;71.485;[mm]
Dýþ Çap;71.524;[mm]
Dýþ Çap;71.463;[mm]
Dýþ Çap;71.475;[mm]
Dýþ Çap;71.479;[mm]
Dýþ Çap;71.492;[mm]
Dýþ Çap;71.505;[mm]
Dýþ Çap;71.457;[mm]
Dýþ Çap;71.365;[mm]
Dýþ Çap;71.510;[mm]
Dýþ Çap;71.435;[mm]
Dýþ Çap;71.506;[mm]
Dýþ Çap;71.512;[mm]
Dýþ Çap;71.476;[mm]
Dýþ Çap;71.445;[mm]
Dýþ Çap;71.444;[mm]
Dýþ Çap;71.456;[mm]
Dýþ Çap;71.434;[mm]
Dýþ Çap;71.450;[mm]
Dýþ Çap;71.515;[mm]
Dýþ Çap;71.535;[mm]
Dýþ Çap;71.190;[mm]
Dýþ Çap;71.506;[mm]
Dýþ Çap;71.503;[mm]
Dýþ Çap;71.463;[mm]
Dýþ Çap;71.454;[mm]
Dýþ Çap;71.489;[mm]
Dýþ Çap;71.481;[mm]
Dýþ Çap;71.447;[mm]
Dýþ Çap;71.424;[mm]
Dýþ Çap;71.443;[mm]
Dýþ Çap;71.367;[mm]
Dýþ Çap;71.422;[mm]
Dýþ Çap;71.528;[mm]
Dýþ Çap;71.438;[mm]
Dýþ Çap;71.417;[mm]
Dýþ Çap;71.468;[mm]
Dýþ Çap;71.525;[mm]
Dýþ Çap;71.400;[mm]
Dýþ Çap;71.469;[mm]
Dýþ Çap;71.405;[mm]
Dýþ Çap;71.508;[mm]
Dýþ Çap;71.496;[mm]
Dýþ Çap;71.484;[mm]
Dýþ Çap;71.493;[mm]
Dýþ Çap;71.413;[mm]
Dýþ Çap;71.418;[mm]
Dýþ Çap;71.523;[mm]
Dýþ Çap;71.471;[mm]
Dýþ Çap;71.390;[mm]
Dýþ Çap;71.411;[mm]
Dýþ Çap;71.385;[mm]
Dýþ Çap;71.521;[mm]
Dýþ Çap;71.497;[mm]
Dýþ Çap; ; 
Dýþ Çap;71.511;[mm]
Dýþ Çap;71.459;[mm]
Dýþ Çap;71.510;[mm]
Dýþ Çap;71.363;[mm]
Dýþ Çap;71.532;[mm]
Dýþ Çap;71.508;[mm]
Dýþ Çap;71.489;[mm]
Dýþ Çap;71.465;[mm]
Dýþ Çap;71.455;[mm]
Dýþ Çap;71.445;[mm]
Dýþ Çap;71.413;[mm]
Dýþ Çap;71.404;[mm]
Dýþ Çap;71.472;[mm]
Dýþ Çap;71.504;[mm]
Dýþ Çap;71.214;[mm]
Dýþ Çap;71.495;[mm]
Dýþ Çap;71.430;[mm]
Dýþ Çap;71.465;[mm]
Dýþ Çap;71.388;[mm]
Dýþ Çap;71.486;[mm]
Dýþ Çap;71.449;[mm]
Dýþ Çap;71.466;[mm]
Dýþ Çap;71.502;[mm]
Dýþ Çap;71.380;[mm]
Dýþ Çap;71.456;[mm]
Dýþ Çap;71.444;[mm]
Dýþ Çap;71.473;[mm]
Dýþ Çap;71.428;[mm]
Dýþ Çap;71.489;[mm]
Dýþ Çap;71.374;[mm]
Dýþ Çap;71.315;[mm]
Dýþ Çap;71.493;[mm]
Dýþ Çap;71.511;[mm]
Dýþ Çap;71.482;[mm]
Dýþ Çap;71.448;[mm]
Dýþ Çap;70.898;[mm]
Dýþ Çap;71.546;[mm]
Dýþ Çap;71.470;[mm]
Dýþ Çap;71.429;[mm]
Dýþ Çap;71.532;[mm]
Dýþ Çap;71.453;[mm]
Dýþ Çap;71.504;[mm]
Dýþ Çap;71.429;[mm]
Dýþ Çap;71.553;[mm]
Dýþ Çap;71.508;[mm]
Dýþ Çap;71.552;[mm]
Dýþ Çap;71.207;[mm]
Dýþ Çap;71.560;[mm]
Dýþ Çap;71.454;[mm]
Dýþ Çap;71.440;[mm]
Dýþ Çap;71.487;[mm]
Dýþ Çap;71.445;[mm]
Dýþ Çap;71.414;[mm]
Dýþ Çap;71.460;[mm]
Dýþ Çap;71.520;[mm]
Dýþ Çap;71.487;[mm]
Dýþ Çap;71.401;[mm]
Dýþ Çap;71.406;[mm]
Dýþ Çap;71.530;[mm]
Dýþ Çap;71.517;[mm]
Dýþ Çap;71.443;[mm]
Dýþ Çap;71.415;[mm]
Dýþ Çap;71.387;[mm]
Dýþ Çap;71.487;[mm]
Dýþ Çap;71.463;[mm]
Dýþ Çap;71.468;[mm]
Dýþ Çap;71.515;[mm]
Dýþ Çap;71.484;[mm]
Dýþ Çap;71.416;[mm]
Dýþ Çap;71.463;[mm]
Dýþ Çap;71.437;[mm]
Dýþ Çap;71.481;[mm]
Dýþ Çap;71.480;[mm]
Dýþ Çap;71.376;[mm]
Dýþ Çap;71.449;[mm]
Dýþ Çap;71.489;[mm]
Dýþ Çap;71.490;[mm]
Dýþ Çap;71.450;[mm]
Dýþ Çap;71.423;[mm]
Dýþ Çap;71.481;[mm]
Dýþ Çap;71.416;[mm]
Dýþ Çap;71.432;[mm]
Dýþ Çap;71.493;[mm]
Dýþ Çap;71.491;[mm]
Dýþ Çap;71.540;[mm]
Dýþ Çap;71.500;[mm]
Dýþ Çap;71.524;[mm]
Dýþ Çap;71.407;[mm]
Dýþ Çap;71.436;[mm]
Dýþ Çap;71.512;[mm]
Dýþ Çap;71.497;[mm]
Dýþ Çap;71.406;[mm]
Dýþ Çap;71.594;[mm]
Dýþ Çap;71.505;[mm]
Dýþ Çap;71.494;[mm]
Dýþ Çap;71.376;[mm]
Dýþ Çap;71.485;[mm]
Dýþ Çap;71.472;[mm]
Dýþ Çap;71.444;[mm]
Dýþ Çap;71.474;[mm]
Dýþ Çap;71.459;[mm]
Dýþ Çap;71.400;[mm]
Dýþ Çap;71.401;[mm]
Dýþ Çap;71.497;[mm]
Dýþ Çap;71.511;[mm]
Dýþ Çap;71.458;[mm]
Dýþ Çap;71.457;[mm]
Dýþ Çap;71.485;[mm]
Dýþ Çap;71.457;[mm]
Dýþ Çap;71.534;[mm]
Dýþ Çap;71.468;[mm]
Dýþ Çap;71.419;[mm]
Dýþ Çap;71.602;[mm]
Dýþ Çap;71.453;[mm]
Dýþ Çap;71.454;[mm]
Dýþ Çap;71.435;[mm]
Dýþ Çap;71.421;[mm]
Dýþ Çap;71.484;[mm]
Dýþ Çap;71.380;[mm]
Dýþ Çap;71.442;[mm]
Dýþ Çap;71.417;[mm]
Dýþ Çap;71.433;[mm]
Dýþ Çap;71.498;[mm]
Dýþ Çap;71.533;[mm]
Dýþ Çap;71.432;[mm]
Dýþ Çap;71.538;[mm]
Dýþ Çap;71.437;[mm]
Dýþ Çap;71.588;[mm]
Dýþ Çap;71.436;[mm]
Dýþ Çap;71.428;[mm]
Dýþ Çap;71.413;[mm]
Dýþ Çap;71.471;[mm]
Dýþ Çap;71.496;[mm]
Dýþ Çap;71.461;[mm]
Dýþ Çap;71.519;[mm]
Dýþ Çap;71.441;[mm]
Dýþ Çap;71.491;[mm]
Dýþ Çap;71.407;[mm]
Dýþ Çap;71.489;[mm]
Dýþ Çap;71.430;[mm]
Dýþ Çap;71.289;[mm]
Dýþ Çap;71.441;[mm]
Dýþ Çap;71.491;[mm]
Dýþ Çap;71.403;[mm]
Dýþ Çap;71.436;[mm]
Dýþ Çap;71.481;[mm]
Dýþ Çap;71.409;[mm]
Dýþ Çap;71.553;[mm]
Dýþ Çap;71.508;[mm]
Dýþ Çap;71.439;[mm]
Dýþ Çap;71.486;[mm]
Dýþ Çap;71.446;[mm]
Dýþ Çap;71.580;[mm]
Dýþ Çap;71.419;[mm]
Dýþ Çap;71.404;[mm]
Dýþ Çap;71.471;[mm]
Dýþ Çap;71.513;[mm]
Dýþ Çap;71.528;[mm]
Dýþ Çap;71.420;[mm]
Dýþ Çap;71.512;[mm]
Dýþ Çap;71.561;[mm]
Dýþ Çap;71.448;[mm]
Dýþ Çap;71.552;[mm]
Dýþ Çap;71.486;[mm]
Dýþ Çap;71.524;[mm]
Dýþ Çap;71.459;[mm]
Dýþ Çap;71.471;[mm]
Dýþ Çap;71.501;[mm]
Dýþ Çap;71.543;[mm]
Dýþ Çap;71.493;[mm]
Dýþ Çap;71.464;[mm]
Dýþ Çap;71.477;[mm]
Dýþ Çap;71.476;[mm]
Dýþ Çap;71.414;[mm]
Dýþ Çap;71.470;[mm]
Dýþ Çap;71.460;[mm]
Dýþ Çap;71.608;[mm]
Dýþ Çap;71.409;[mm]
Dýþ Çap;71.441;[mm]
Dýþ Çap;71.505;[mm]
Dýþ Çap;71.385;[mm]
Dýþ Çap;71.484;[mm]
Dýþ Çap;71.590;[mm]
Dýþ Çap;71.073;[mm]
Dýþ Çap;71.623;[mm]
Dýþ Çap;71.448;[mm]
Dýþ Çap;71.584;[mm]
Dýþ Çap;71.536;[mm]
Dýþ Çap;71.517;[mm]
Dýþ Çap;71.487;[mm]
Dýþ Çap;71.394;[mm]
Dýþ Çap;71.470;[mm]
Dýþ Çap;71.530;[mm]
Dýþ Çap;71.463;[mm]
Dýþ Çap;71.555;[mm]
Dýþ Çap;71.541;[mm]
Dýþ Çap;72.565;[mm]
Dýþ Çap;71.434;[mm]
Dýþ Çap;71.497;[mm]
Dýþ Çap;71.536;[mm]
Dýþ Çap;71.496;[mm]
Dýþ Çap;71.493;[mm]
Dýþ Çap;71.479;[mm]
Dýþ Çap;71.600;[mm]
Dýþ Çap;71.569;[mm]
Dýþ Çap;71.494;[mm]
Dýþ Çap;71.550;[mm]
Dýþ Çap;71.504;[mm]
Dýþ Çap;71.529;[mm]
Dýþ Çap;71.587;[mm]
Dýþ Çap;71.501;[mm]
Dýþ Çap;71.445;[mm]
Dýþ Çap;71.552;[mm]
Dýþ Çap;72.503;[mm]
Dýþ Çap;71.499;[mm]
Dýþ Çap;71.523;[mm]
Dýþ Çap;71.507;[mm]
Dýþ Çap;71.452;[mm]
Dýþ Çap;71.556;[mm]
Dýþ Çap;71.464;[mm]
Dýþ Çap;71.450;[mm]
Dýþ Çap;71.323;[mm]
Dýþ Çap;71.377;[mm]
Dýþ Çap;71.397;[mm]
Dýþ Çap;71.497;[mm]
Dýþ Çap;71.498;[mm]
Dýþ Çap;71.481;[mm]
Dýþ Çap;71.386;[mm]
Dýþ Çap;71.546;[mm]
Dýþ Çap;71.542;[mm]
Dýþ Çap;71.537;[mm]
Dýþ Çap;71.537;[mm]
Dýþ Çap; ; 
Dýþ Çap;71.462;[mm]
Dýþ Çap;71.363;[mm]
Dýþ Çap;71.454;[mm]
Dýþ Çap;71.476;[mm]
Dýþ Çap;71.432;[mm]
Dýþ Çap;71.531;[mm]
Dýþ Çap;71.448;[mm]
Dýþ Çap;71.401;[mm]
Dýþ Çap;71.531;[mm]
Dýþ Çap;71.383;[mm]
Dýþ Çap;71.401;[mm]
Dýþ Çap;71.443;[mm]
Dýþ Çap;71.501;[mm]
Dýþ Çap;71.538;[mm]
Dýþ Çap; ; 
Dýþ Çap;71.501;[mm]
Dýþ Çap;71.390;[mm]
Dýþ Çap;71.526;[mm]
Dýþ Çap;71.501;[mm]
Dýþ Çap;71.432;[mm]
Dýþ Çap;71.361;[mm]
Dýþ Çap;71.369;[mm]
Dýþ Çap;71.491;[mm]
Dýþ Çap;71.543;[mm]
Dýþ Çap;71.462;[mm]
Dýþ Çap;71.437;[mm]
Dýþ Çap;71.508;[mm]
Dýþ Çap;71.503;[mm]
Dýþ Çap;71.437;[mm]
Dýþ Çap;71.479;[mm]
Dýþ Çap;71.443;[mm]
Dýþ Çap;71.412;[mm]
Dýþ Çap;71.484;[mm]
Dýþ Çap;71.397;[mm]
Dýþ Çap;71.494;[mm]
Dýþ Çap;71.438;[mm]
Dýþ Çap;71.587;[mm]
Dýþ Çap;71.488;[mm]
Dýþ Çap;71.164;[mm]
Dýþ Çap;71.479;[mm]
Dýþ Çap;71.493;[mm]
Dýþ Çap;71.491;[mm]
Dýþ Çap;71.469;[mm]
Dýþ Çap;71.447;[mm]
Dýþ Çap;71.578;[mm]
Dýþ Çap;71.566;[mm]
Dýþ Çap;71.523;[mm]
Dýþ Çap;71.493;[mm]
Dýþ Çap;71.537;[mm]
Dýþ Çap;71.395;[mm]
Dýþ Çap;71.584;[mm]
Dýþ Çap;71.392;[mm]
Dýþ Çap;71.530;[mm]
Dýþ Çap;71.444;[mm]
Dýþ Çap;71.593;[mm]
Dýþ Çap;71.521;[mm]
Dýþ Çap;71.479;[mm]
Dýþ Çap;71.482;[mm]
Dýþ Çap;71.341;[mm]
Dýþ Çap;71.505;[mm]
Dýþ Çap;71.511;[mm]
Dýþ Çap;71.440;[mm]
Dýþ Çap;71.463;[mm]
Dýþ Çap;71.487;[mm]
Dýþ Çap;71.472;[mm]
Dýþ Çap;71.495;[mm]
Dýþ Çap;71.474;[mm]
Dýþ Çap;71.510;[mm]
Dýþ Çap;71.448;[mm]
Dýþ Çap;71.586;[mm]
Dýþ Çap;71.513;[mm]
Dýþ Çap;71.515;[mm]
Dýþ Çap;71.434;[mm]
Dýþ Çap;71.551;[mm]
Dýþ Çap;71.491;[mm]
Dýþ Çap;71.409;[mm]
Dýþ Çap;71.537;[mm]
Dýþ Çap;71.554;[mm]
Dýþ Çap;71.439;[mm]
Dýþ Çap;71.516;[mm]
Dýþ Çap;71.427;[mm]
Dýþ Çap;71.389;[mm]
Dýþ Çap;71.560;[mm]
Dýþ Çap;71.528;[mm]
Dýþ Çap;71.562;[mm]
Dýþ Çap;71.460;[mm]
Dýþ Çap;71.474;[mm]
Dýþ Çap;71.406;[mm]
Dýþ Çap;71.405;[mm]
Dýþ Çap;71.510;[mm]
Dýþ Çap;71.491;[mm]
Dýþ Çap;71.442;[mm]
Dýþ Çap;71.405;[mm]
Dýþ Çap;71.300;[mm]
Dýþ Çap;71.511;[mm]
Dýþ Çap;71.438;[mm]
Dýþ Çap;71.438;[mm]
Dýþ Çap;71.408;[mm]
Dýþ Çap;71.486;[mm]
Dýþ Çap;71.371;[mm]
Dýþ Çap;71.523;[mm]
Dýþ Çap;71.355;[mm]
Dýþ Çap;71.470;[mm]
Dýþ Çap;71.488;[mm]
Dýþ Çap;71.506;[mm]
Dýþ Çap;71.555;[mm]
Dýþ Çap;71.530;[mm]
Dýþ Çap;71.435;[mm]
Dýþ Çap;71.566;[mm]
Dýþ Çap;71.464;[mm]
Dýþ Çap;71.544;[mm]
Dýþ Çap;71.428;[mm]
Dýþ Çap;71.363;[mm]
Dýþ Çap;71.413;[mm]
Dýþ Çap;71.530;[mm]
Dýþ Çap;71.388;[mm]
Dýþ Çap;71.548;[mm]
Dýþ Çap;71.544;[mm]
Dýþ Çap;71.550;[mm]
Dýþ Çap;71.372;[mm]
Dýþ Çap;71.427;[mm]
Dýþ Çap;71.498;[mm]
Dýþ Çap;71.461;[mm]
Dýþ Çap;71.490;[mm]
Dýþ Çap;71.516;[mm]
Dýþ Çap;71.493;[mm]
Dýþ Çap;71.526;[mm]
Dýþ Çap;71.394;[mm]
Dýþ Çap;71.472;[mm]
Dýþ Çap;71.407;[mm]
Dýþ Çap;71.492;[mm]
Dýþ Çap;71.511;[mm]
Dýþ Çap;71.368;[mm]
Dýþ Çap;71.437;[mm]
Dýþ Çap;71.536;[mm]
Dýþ Çap;71.509;[mm]
Dýþ Çap;71.510;[mm]
Dýþ Çap;71.412;[mm]
Dýþ Çap;71.461;[mm]
Dýþ Çap;71.481;[mm]
Dýþ Çap;71.344;[mm]
Dýþ Çap;71.445;[mm]
Dýþ Çap;71.422;[mm]
Dýþ Çap;71.478;[mm]
Dýþ Çap;71.531;[mm]
Dýþ Çap;71.413;[mm]
Dýþ Çap;71.472;[mm]
Dýþ Çap;71.489;[mm]
Dýþ Çap;71.512;[mm]
Dýþ Çap;71.458;[mm]
Dýþ Çap;71.485;[mm]
Dýþ Çap;71.488;[mm]
Dýþ Çap;71.406;[mm]
Dýþ Çap;71.452;[mm]
Dýþ Çap;71.422;[mm]
Dýþ Çap;71.357;[mm]
Dýþ Çap;71.468;[mm]
Dýþ Çap;71.516;[mm]
Dýþ Çap;71.365;[mm]
Dýþ Çap;71.410;[mm]
Dýþ Çap;71.487;[mm]
Dýþ Çap;71.506;[mm]
Dýþ Çap;71.503;[mm]
Dýþ Çap;71.522;[mm]
Dýþ Çap;71.367;[mm]
Dýþ Çap;71.425;[mm]
Dýþ Çap;71.530;[mm]
Dýþ Çap;71.534;[mm]
Dýþ Çap;71.388;[mm]
Dýþ Çap;71.424;[mm]
Dýþ Çap;71.460;[mm]
Dýþ Çap;71.333;[mm]
Dýþ Çap;71.526;[mm]
Dýþ Çap;71.479;[mm]
Dýþ Çap;71.424;[mm]
Dýþ Çap;71.212;[mm]
Dýþ Çap;71.396;[mm]
Dýþ Çap;71.417;[mm]
Dýþ Çap;71.500;[mm]
Dýþ Çap;71.544;[mm]
Dýþ Çap;71.491;[mm]
Dýþ Çap;71.416;[mm]
Dýþ Çap;71.404;[mm]
Dýþ Çap;71.472;[mm]
Dýþ Çap;71.444;[mm]
Dýþ Çap;71.446;[mm]
Dýþ Çap;71.509;[mm]
Dýþ Çap;71.486;[mm]
Dýþ Çap;71.532;[mm]
Dýþ Çap;71.396;[mm]
Dýþ Çap;71.447;[mm]
Dýþ Çap;71.406;[mm]
Dýþ Çap;71.469;[mm]
Dýþ Çap;71.531;[mm]
Dýþ Çap;71.473;[mm]
Dýþ Çap;71.439;[mm]
Dýþ Çap;71.507;[mm]
Dýþ Çap;71.531;[mm]
Dýþ Çap;71.547;[mm]
Dýþ Çap;71.520;[mm]
Dýþ Çap;71.501;[mm]
Dýþ Çap;71.497;[mm]
Dýþ Çap;71.339;[mm]
Dýþ Çap;71.408;[mm]
Dýþ Çap;71.347;[mm]
Dýþ Çap;71.419;[mm]
Dýþ Çap;71.455;[mm]
Dýþ Çap;71.475;[mm]
Dýþ Çap;71.374;[mm]
Dýþ Çap;71.440;[mm]
Dýþ Çap;71.421;[mm]
Dýþ Çap;71.479;[mm]
Dýþ Çap;71.533;[mm]
Dýþ Çap;71.526;[mm]
Dýþ Çap;71.504;[mm]
Dýþ Çap;71.552;[mm]
Dýþ Çap;71.558;[mm]
Dýþ Çap;71.491;[mm]
Dýþ Çap;71.473;[mm]
Dýþ Çap;71.481;[mm]
Dýþ Çap;71.420;[mm]
Dýþ Çap;71.450;[mm]
Dýþ Çap;71.458;[mm]
Dýþ Çap;71.428;[mm]
Dýþ Çap;71.429;[mm]
Dýþ Çap;71.462;[mm]
Dýþ Çap;71.450;[mm]
Dýþ Çap;71.506;[mm]
Dýþ Çap;71.505;[mm]
Dýþ Çap;71.463;[mm]
Dýþ Çap;71.465;[mm]
Dýþ Çap;71.415;[mm]
Dýþ Çap;71.543;[mm]
Dýþ Çap;71.501;[mm]
Dýþ Çap;71.475;[mm]
Dýþ Çap;71.496;[mm]
Dýþ Çap;71.532;[mm]
Dýþ Çap;71.499;[mm]
Dýþ Çap;71.402;[mm]
Dýþ Çap;71.453;[mm]
Dýþ Çap;71.493;[mm]
Dýþ Çap;71.373;[mm]
Dýþ Çap;71.497;[mm]
Dýþ Çap;71.428;[mm]
Dýþ Çap;71.404;[mm]
Dýþ Çap;71.465;[mm]
Dýþ Çap;71.509;[mm]
Dýþ Çap;71.453;[mm]
Dýþ Çap;71.482;[mm]
Dýþ Çap;71.621;[mm]
Dýþ Çap;71.519;[mm]
Dýþ Çap;71.471;[mm]
Dýþ Çap;71.476;[mm]
Dýþ Çap;71.490;[mm]
Dýþ Çap;71.436;[mm]
Dýþ Çap;71.474;[mm]
Dýþ Çap;71.467;[mm]
Dýþ Çap;71.400;[mm]
Dýþ Çap;71.454;[mm]
Dýþ Çap;71.442;[mm]
Dýþ Çap;71.489;[mm]
Dýþ Çap;71.496;[mm]
Dýþ Çap;71.403;[mm]
Dýþ Çap;71.439;[mm]
Dýþ Çap;71.449;[mm]
Dýþ Çap;71.451;[mm]
Dýþ Çap;71.481;[mm]
Dýþ Çap;71.451;[mm]
Dýþ Çap;71.443;[mm]
Dýþ Çap;71.379;[mm]
Dýþ Çap;71.390;[mm]
Dýþ Çap;71.494;[mm]
Dýþ Çap;71.448;[mm]
Dýþ Çap;71.475;[mm]
Dýþ Çap;71.458;[mm]
Dýþ Çap;71.513;[mm]
Dýþ Çap;71.549;[mm]
Dýþ Çap;71.495;[mm]
Dýþ Çap;71.498;[mm]
Dýþ Çap;71.481;[mm]
Dýþ Çap;71.423;[mm]
Dýþ Çap;71.444;[mm]
Dýþ Çap;71.440;[mm]
Dýþ Çap;71.443;[mm]
Dýþ Çap;71.515;[mm]
Dýþ Çap;71.464;[mm]
Dýþ Çap;71.494;[mm]
Dýþ Çap;71.539;[mm]
Dýþ Çap;71.464;[mm]
Dýþ Çap;71.463;[mm]
Dýþ Çap;71.548;[mm]
Dýþ Çap;71.455;[mm]
Dýþ Çap;71.499;[mm]
Dýþ Çap;71.414;[mm]
Dýþ Çap;71.438;[mm]
Dýþ Çap;71.487;[mm]
Dýþ Çap;71.488;[mm]
Dýþ Çap;71.508;[mm]
Dýþ Çap;71.489;[mm]
Dýþ Çap;71.529;[mm]
Dýþ Çap;71.411;[mm]
Dýþ Çap;71.490;[mm]
Dýþ Çap;71.416;[mm]
Dýþ Çap;71.463;[mm]
Dýþ Çap;71.487;[mm]
Dýþ Çap;71.479;[mm]
Dýþ Çap; ; 
Dýþ Çap;71.470;[mm]
Dýþ Çap;71.551;[mm]
Dýþ Çap;71.497;[mm]
Dýþ Çap;71.431;[mm]
Dýþ Çap;71.451;[mm]
Dýþ Çap;71.547;[mm]
Dýþ Çap;71.547;[mm]
Dýþ Çap;71.502;[mm]
Dýþ Çap;71.441;[mm]
Dýþ Çap;71.455;[mm]
Dýþ Çap;71.460;[mm]
Dýþ Çap; ; 
Dýþ Çap;71.429;[mm]
Dýþ Çap;71.544;[mm]
Dýþ Çap;71.453;[mm]
Dýþ Çap;71.495;[mm]
Dýþ Çap;71.461;[mm]
Dýþ Çap;71.477;[mm]
Dýþ Çap;71.491;[mm]
Dýþ Çap;71.565;[mm]
Dýþ Çap;71.401;[mm]
Dýþ Çap;71.529;[mm]
Dýþ Çap;71.437;[mm]
Dýþ Çap;71.567;[mm]
Dýþ Çap;71.534;[mm]
Dýþ Çap;71.546;[mm]
Dýþ Çap;71.407;[mm]
Dýþ Çap;71.423;[mm]
Dýþ Çap;71.476;[mm]
Dýþ Çap;71.435;[mm]
Dýþ Çap;71.484;[mm]
Dýþ Çap;71.503;[mm]
Dýþ Çap;71.585;[mm]
Dýþ Çap;71.549;[mm]
Dýþ Çap;71.474;[mm]
Dýþ Çap;71.467;[mm]
Dýþ Çap;71.546;[mm]
Dýþ Çap;71.385;[mm]
Dýþ Çap;71.496;[mm]
Dýþ Çap;71.462;[mm]
Dýþ Çap;71.503;[mm]
Dýþ Çap;71.428;[mm]
Dýþ Çap;71.552;[mm]
Dýþ Çap;71.455;[mm]
Dýþ Çap;71.500;[mm]
Dýþ Çap;71.502;[mm]
Dýþ Çap;71.510;[mm]
Dýþ Çap;71.360;[mm]
Dýþ Çap;71.424;[mm]
Dýþ Çap;71.545;[mm]
Dýþ Çap;71.516;[mm]
Dýþ Çap;71.533;[mm]
Dýþ Çap;71.483;[mm]
Dýþ Çap;71.497;[mm]
Dýþ Çap;71.418;[mm]
Dýþ Çap;71.506;[mm]
Dýþ Çap;71.519;[mm]
Dýþ Çap;71.370;[mm]
Dýþ Çap;71.525;[mm]
Dýþ Çap;71.420;[mm]
Dýþ Çap;71.437;[mm]
Dýþ Çap;71.475;[mm]
Dýþ Çap;71.367;[mm]
Dýþ Çap;71.482;[mm]
Dýþ Çap;71.534;[mm]
Dýþ Çap;71.418;[mm]
Dýþ Çap;71.481;[mm]
Dýþ Çap;71.428;[mm]
Dýþ Çap;71.448;[mm]
Dýþ Çap;71.524;[mm]
Dýþ Çap;71.439;[mm]
Dýþ Çap;71.370;[mm]
Dýþ Çap;71.217;[mm]
Dýþ Çap;71.435;[mm]
Dýþ Çap;71.511;[mm]
Dýþ Çap;71.450;[mm]
Dýþ Çap;71.575;[mm]
Dýþ Çap;71.446;[mm]
Dýþ Çap;71.490;[mm]
Dýþ Çap;71.522;[mm]
Dýþ Çap; ; 
Dýþ Çap;71.463;[mm]
Dýþ Çap;71.459;[mm]
Dýþ Çap;71.434;[mm]
Dýþ Çap;71.504;[mm]
Dýþ Çap;71.441;[mm]
Dýþ Çap;71.544;[mm]
Dýþ Çap;71.513;[mm]
Dýþ Çap;71.546;[mm]
Dýþ Çap;71.372;[mm]
Dýþ Çap;71.513;[mm]
Dýþ Çap;71.461;[mm]
Dýþ Çap;71.508;[mm]
Dýþ Çap;71.454;[mm]
Dýþ Çap;71.583;[mm]
Dýþ Çap;71.468;[mm]
Dýþ Çap;71.531;[mm]
Dýþ Çap;71.400;[mm]
Dýþ Çap;71.477;[mm]
Dýþ Çap;71.534;[mm]
Dýþ Çap;71.499;[mm]
Dýþ Çap;71.425;[mm]
Dýþ Çap;71.531;[mm]
Dýþ Çap;71.445;[mm]
Dýþ Çap;71.446;[mm]
Dýþ Çap;72.650;[mm]
Dýþ Çap;71.457;[mm]
Dýþ Çap;71.449;[mm]
Dýþ Çap;71.530;[mm]
Dýþ Çap;71.505;[mm]
Dýþ Çap;71.486;[mm]
Dýþ Çap;71.552;[mm]
Dýþ Çap;71.373;[mm]
Dýþ Çap;71.458;[mm]
Dýþ Çap;71.463;[mm]
Dýþ Çap;71.559;[mm]
Dýþ Çap;71.552;[mm]
Dýþ Çap;71.484;[mm]
Dýþ Çap;71.471;[mm]
Dýþ Çap;71.539;[mm]
Dýþ Çap;71.511;[mm]
Dýþ Çap;71.516;[mm]
Dýþ Çap;71.392;[mm]
Dýþ Çap;71.524;[mm]
Dýþ Çap;71.438;[mm]
Dýþ Çap;71.464;[mm]
Dýþ Çap;71.358;[mm]
Dýþ Çap;71.520;[mm]
Dýþ Çap;71.455;[mm]
Dýþ Çap;71.448;[mm]
Dýþ Çap;71.486;[mm]
Dýþ Çap;71.490;[mm]
Dýþ Çap;71.533;[mm]
Dýþ Çap;71.465;[mm]
Dýþ Çap;71.461;[mm]
Dýþ Çap;71.426;[mm]
Dýþ Çap;71.557;[mm]
Dýþ Çap;71.494;[mm]
Dýþ Çap;71.427;[mm]
Dýþ Çap;71.500;[mm]
Dýþ Çap;71.567;[mm]
Dýþ Çap;71.484;[mm]
Dýþ Çap;71.407;[mm]
Dýþ Çap;71.413;[mm]
Dýþ Çap;71.371;[mm]
Dýþ Çap;71.481;[mm]
Dýþ Çap;71.510;[mm]
Dýþ Çap;71.544;[mm]
Dýþ Çap;71.517;[mm]
Dýþ Çap;71.482;[mm]
Dýþ Çap;71.454;[mm]
Dýþ Çap;71.502;[mm]
Dýþ Çap;71.536;[mm]
Dýþ Çap;71.458;[mm]
Dýþ Çap;71.514;[mm]
Dýþ Çap;71.495;[mm]
Dýþ Çap;71.503;[mm]
Dýþ Çap;71.468;[mm]
Dýþ Çap;71.507;[mm]
Dýþ Çap;71.479;[mm]
Dýþ Çap;71.412;[mm]
Dýþ Çap;71.447;[mm]
Dýþ Çap;71.455;[mm]
Dýþ Çap;71.473;[mm]
Dýþ Çap;71.433;[mm]
Dýþ Çap;71.363;[mm]
Dýþ Çap;71.443;[mm]
Dýþ Çap;71.498;[mm]
Dýþ Çap;71.416;[mm]
Dýþ Çap;71.359;[mm]
Dýþ Çap;71.572;[mm]
Dýþ Çap;71.499;[mm]
Dýþ Çap;71.443;[mm]
Dýþ Çap;71.451;[mm]
Dýþ Çap;71.451;[mm]
Dýþ Çap;71.422;[mm]
Dýþ Çap;71.433;[mm]
Dýþ Çap;71.410;[mm]
Dýþ Çap;71.528;[mm]
Dýþ Çap;71.563;[mm]
Dýþ Çap;71.488;[mm]
Dýþ Çap;71.502;[mm]
Dýþ Çap;71.366;[mm]
Dýþ Çap;71.477;[mm]
Dýþ Çap;71.412;[mm]
Dýþ Çap;71.464;[mm]
Dýþ Çap;71.522;[mm]
Dýþ Çap;71.426;[mm]
Dýþ Çap;71.451;[mm]
Dýþ Çap;71.423;[mm]
Dýþ Çap;71.447;[mm]
Dýþ Çap;71.441;[mm]
Dýþ Çap;71.490;[mm]
Dýþ Çap;71.500;[mm]
Dýþ Çap;71.546;[mm]
Dýþ Çap;71.533;[mm]
Dýþ Çap;71.538;[mm]
Dýþ Çap;71.490;[mm]
Dýþ Çap;71.448;[mm]
Dýþ Çap;71.483;[mm]
Dýþ Çap;71.458;[mm]
Dýþ Çap;71.386;[mm]
Dýþ Çap;71.469;[mm]
Dýþ Çap;71.474;[mm]
Dýþ Çap;71.460;[mm]
Dýþ Çap;71.483;[mm]
Dýþ Çap;71.390;[mm]
Dýþ Çap;71.481;[mm]
Dýþ Çap;71.467;[mm]
Dýþ Çap;71.507;[mm]
Dýþ Çap;71.463;[mm]
Dýþ Çap;71.476;[mm]
Dýþ Çap;71.451;[mm]
Dýþ Çap;71.508;[mm]
Dýþ Çap;71.345;[mm]
Dýþ Çap;71.456;[mm]
Dýþ Çap;71.548;[mm]
Dýþ Çap;71.488;[mm]
Dýþ Çap;71.416;[mm]
Dýþ Çap;71.569;[mm]
Dýþ Çap;71.396;[mm]
Dýþ Çap;71.445;[mm]
Dýþ Çap;71.419;[mm]
Dýþ Çap;71.507;[mm]
Dýþ Çap;71.224;[mm]
Dýþ Çap;71.452;[mm]
Dýþ Çap;71.583;[mm]
Dýþ Çap;71.375;[mm]
Dýþ Çap;71.435;[mm]
Dýþ Çap;71.401;[mm]
Dýþ Çap;71.464;[mm]
Dýþ Çap;71.539;[mm]
Dýþ Çap;71.454;[mm]
Dýþ Çap;71.480;[mm]
Dýþ Çap;71.533;[mm]
Dýþ Çap;71.392;[mm]
Dýþ Çap;71.458;[mm]
Dýþ Çap;71.464;[mm]
Dýþ Çap;71.380;[mm]
Dýþ Çap; ; 
Dýþ Çap;71.091;[mm]
Dýþ Çap;71.478;[mm]
Dýþ Çap;71.529;[mm]
Dýþ Çap;71.452;[mm]
Dýþ Çap;71.555;[mm]
Dýþ Çap;71.535;[mm]
Dýþ Çap;71.502;[mm]
Dýþ Çap;71.487;[mm]
Dýþ Çap;71.482;[mm]
Dýþ Çap;71.418;[mm]
Dýþ Çap;71.449;[mm]
Dýþ Çap;71.563;[mm]
Dýþ Çap;71.494;[mm]
Dýþ Çap;71.464;[mm]
Dýþ Çap;71.477;[mm]
Dýþ Çap;71.488;[mm]
Dýþ Çap;71.452;[mm]
Dýþ Çap;71.474;[mm]
Dýþ Çap;71.590;[mm]
Dýþ Çap;71.360;[mm]
Dýþ Çap;71.226;[mm]
Dýþ Çap;71.450;[mm]
Dýþ Çap;71.445;[mm]
Dýþ Çap;71.464;[mm]
Dýþ Çap;71.462;[mm]
Dýþ Çap;71.529;[mm]
Dýþ Çap;71.552;[mm]
Dýþ Çap;71.443;[mm]
Dýþ Çap;71.506;[mm]
Dýþ Çap;71.280;[mm]
Dýþ Çap;71.518;[mm]
Dýþ Çap;71.382;[mm]
Dýþ Çap;71.400;[mm]
Dýþ Çap;71.461;[mm]
Dýþ Çap;71.380;[mm]
Dýþ Çap;71.432;[mm]
Dýþ Çap;71.510;[mm]
Dýþ Çap;71.408;[mm]
Dýþ Çap; ; 
Dýþ Çap;71.489;[mm]
Dýþ Çap;71.476;[mm]
Dýþ Çap;71.438;[mm]
Dýþ Çap;71.498;[mm]
Dýþ Çap;71.366;[mm]
Dýþ Çap;71.437;[mm]
Dýþ Çap;71.496;[mm]
Dýþ Çap;71.446;[mm]
Dýþ Çap;71.493;[mm]
Dýþ Çap;71.364;[mm]
Dýþ Çap;71.528;[mm]
Dýþ Çap;71.434;[mm]
Dýþ Çap;71.376;[mm]
Dýþ Çap;71.507;[mm]
Dýþ Çap;71.509;[mm]
Dýþ Çap;71.483;[mm]
Dýþ Çap;71.473;[mm]
Dýþ Çap;71.474;[mm]
Dýþ Çap;71.484;[mm]
Dýþ Çap;71.585;[mm]
Dýþ Çap;71.354;[mm]
Dýþ Çap;71.430;[mm]
Dýþ Çap;71.419;[mm]
Dýþ Çap;71.549;[mm]
Dýþ Çap;71.361;[mm]
Dýþ Çap;71.475;[mm]
Dýþ Çap;71.439;[mm]
Dýþ Çap;71.436;[mm]
Dýþ Çap;71.376;[mm]
Dýþ Çap;71.508;[mm]
Dýþ Çap;71.494;[mm]
Dýþ Çap;71.403;[mm]
Dýþ Çap;71.441;[mm]
Dýþ Çap;71.504;[mm]
Dýþ Çap;71.456;[mm]
Dýþ Çap;71.467;[mm]
Dýþ Çap;71.482;[mm]
Dýþ Çap;71.500;[mm]
Dýþ Çap;71.528;[mm]
Dýþ Çap;71.367;[mm]
Dýþ Çap;71.545;[mm]
Dýþ Çap;71.548;[mm]
Dýþ Çap;71.408;[mm]
Dýþ Çap;71.403;[mm]
Dýþ Çap;71.497;[mm]
Dýþ Çap;71.478;[mm]
Dýþ Çap;71.452;[mm]
Dýþ Çap;71.531;[mm]
Dýþ Çap;71.453;[mm]
Dýþ Çap;71.504;[mm]
Dýþ Çap;71.372;[mm]
Dýþ Çap;71.455;[mm]
Dýþ Çap;71.384;[mm]
Dýþ Çap;71.529;[mm]
Dýþ Çap;71.475;[mm]
Dýþ Çap;71.457;[mm]
Dýþ Çap;71.515;[mm]
Dýþ Çap;71.358;[mm]
Dýþ Çap;71.505;[mm]
Dýþ Çap;71.448;[mm]
Dýþ Çap;71.460;[mm]
Dýþ Çap;71.437;[mm]
Dýþ Çap;71.495;[mm]
Dýþ Çap;71.355;[mm]
Dýþ Çap;71.546;[mm]
Dýþ Çap;71.438;[mm]
Dýþ Çap;71.532;[mm]
Dýþ Çap;71.442;[mm]
Dýþ Çap;71.429;[mm]
Dýþ Çap;71.430;[mm]
Dýþ Çap;71.570;[mm]
Dýþ Çap;71.526;[mm]
Dýþ Çap;71.522;[mm]
Dýþ Çap;71.522;[mm]
Dýþ Çap;71.540;[mm]
Dýþ Çap;71.515;[mm]
Dýþ Çap;71.461;[mm]
Dýþ Çap;71.434;[mm]
Dýþ Çap;71.582;[mm]
Dýþ Çap;71.422;[mm]
Dýþ Çap;71.417;[mm]
Dýþ Çap;71.467;[mm]
Dýþ Çap;71.304;[mm]
Dýþ Çap;71.509;[mm]
Dýþ Çap;71.480;[mm]
Dýþ Çap;71.473;[mm]
Dýþ Çap;71.554;[mm]
Dýþ Çap;71.458;[mm]
Dýþ Çap;71.486;[mm]
Dýþ Çap;71.503;[mm]
Dýþ Çap;71.435;[mm]
Dýþ Çap;71.472;[mm]
Dýþ Çap;71.343;[mm]
Dýþ Çap;71.526;[mm]
Dýþ Çap;71.460;[mm]
Dýþ Çap;71.450;[mm]
Dýþ Çap;71.307;[mm]
Dýþ Çap;71.482;[mm]
Dýþ Çap;71.420;[mm]
Dýþ Çap;71.529;[mm]
Dýþ Çap;71.343;[mm]
Dýþ Çap;71.519;[mm]
Dýþ Çap;71.518;[mm]
Dýþ Çap;71.416;[mm]
Dýþ Çap;71.490;[mm]
Dýþ Çap;71.374;[mm]
Dýþ Çap;71.403;[mm]
Dýþ Çap; ; 
Dýþ Çap;71.509;[mm]
Dýþ Çap;71.476;[mm]
Dýþ Çap;71.393;[mm]
Dýþ Çap;71.381;[mm]
Dýþ Çap;71.474;[mm]
Dýþ Çap;71.487;[mm]
Dýþ Çap;71.439;[mm]
Dýþ Çap;71.492;[mm]
Dýþ Çap;71.376;[mm]
Dýþ Çap;71.395;[mm]
Dýþ Çap;71.525;[mm]
Dýþ Çap;71.508;[mm]
Dýþ Çap;71.555;[mm]
Dýþ Çap;71.395;[mm]
Dýþ Çap;71.481;[mm]
Dýþ Çap;71.399;[mm]
Dýþ Çap;71.484;[mm]
Dýþ Çap;71.406;[mm]
Dýþ Çap;71.485;[mm]
Dýþ Çap;71.511;[mm]
Dýþ Çap;71.464;[mm]
Dýþ Çap;71.428;[mm]
Dýþ Çap;71.463;[mm]
Dýþ Çap;71.476;[mm]
Dýþ Çap;71.433;[mm]
Dýþ Çap;71.474;[mm]
Dýþ Çap;71.442;[mm]
Dýþ Çap;71.456;[mm]
Dýþ Çap;71.468;[mm]
Dýþ Çap;71.355;[mm]
Dýþ Çap;71.443;[mm]
Dýþ Çap;71.496;[mm]
Dýþ Çap;71.511;[mm]
Dýþ Çap;71.553;[mm]
Dýþ Çap;71.428;[mm]
Dýþ Çap;71.480;[mm]
Dýþ Çap;71.569;[mm]
Dýþ Çap;71.453;[mm]
Dýþ Çap;71.452;[mm]
Dýþ Çap;71.411;[mm]
Dýþ Çap;71.448;[mm]
Dýþ Çap;71.507;[mm]
Dýþ Çap;71.505;[mm]
Dýþ Çap;71.447;[mm]
Dýþ Çap;71.453;[mm]
Dýþ Çap;71.376;[mm]
Dýþ Çap;71.391;[mm]
Dýþ Çap;71.514;[mm]
Dýþ Çap;71.494;[mm]
Dýþ Çap;71.495;[mm]
Dýþ Çap;71.475;[mm]
Dýþ Çap;71.489;[mm]
Dýþ Çap;71.467;[mm]
Dýþ Çap;71.472;[mm]
Dýþ Çap;71.521;[mm]
Dýþ Çap;71.360;[mm]
Dýþ Çap;71.513;[mm]
Dýþ Çap;71.508;[mm]
Dýþ Çap;71.400;[mm]
Dýþ Çap;71.375;[mm]
Dýþ Çap;71.431;[mm]
Dýþ Çap;71.427;[mm]
Dýþ Çap;71.474;[mm]
Dýþ Çap;71.478;[mm]
Dýþ Çap;71.525;[mm]
Dýþ Çap;71.477;[mm]
Dýþ Çap;71.429;[mm]
Dýþ Çap;71.467;[mm]
Dýþ Çap;71.557;[mm]
Dýþ Çap;71.461;[mm]
Dýþ Çap;71.489;[mm]
Dýþ Çap;71.456;[mm]
Dýþ Çap;71.420;[mm]
Dýþ Çap;71.440;[mm]
Dýþ Çap;71.474;[mm]
Dýþ Çap;71.404;[mm]
Dýþ Çap;71.501;[mm]
Dýþ Çap;71.503;[mm]
Dýþ Çap;71.377;[mm]
Dýþ Çap;71.414;[mm]
Dýþ Çap;71.463;[mm]
Dýþ Çap;71.423;[mm]
Dýþ Çap;71.431;[mm]
Dýþ Çap;71.416;[mm]
Dýþ Çap;71.448;[mm]
Dýþ Çap;71.424;[mm]
Dýþ Çap;71.477;[mm]
Dýþ Çap;71.480;[mm]
Dýþ Çap;71.475;[mm]
Dýþ Çap;71.508;[mm]
Dýþ Çap;71.497;[mm]
Dýþ Çap;71.433;[mm]
Dýþ Çap;71.400;[mm]
Dýþ Çap;71.516;[mm]
Dýþ Çap;71.460;[mm]
Dýþ Çap;71.506;[mm]
Dýþ Çap;71.458;[mm]
Dýþ Çap;71.319;[mm]
Dýþ Çap;71.465;[mm]
Dýþ Çap;71.527;[mm]
Dýþ Çap;71.549;[mm]
Dýþ Çap;71.497;[mm]
Dýþ Çap;71.447;[mm]
Dýþ Çap;71.449;[mm]
Dýþ Çap;71.542;[mm]
Dýþ Çap;71.437;[mm]
Dýþ Çap;71.389;[mm]
Dýþ Çap;71.340;[mm]
Dýþ Çap;71.500;[mm]
Dýþ Çap;71.414;[mm]
Dýþ Çap;71.411;[mm]
Dýþ Çap;71.357;[mm]
Dýþ Çap;71.466;[mm]
Dýþ Çap;71.397;[mm]
Dýþ Çap;71.585;[mm]
Dýþ Çap;71.556;[mm]
Dýþ Çap;71.433;[mm]
Dýþ Çap;71.529;[mm]
Dýþ Çap;71.444;[mm]
Dýþ Çap;71.492;[mm]
Dýþ Çap;71.444;[mm]
Dýþ Çap;71.618;[mm]
Dýþ Çap;71.440;[mm]
Dýþ Çap;71.518;[mm]
Dýþ Çap;71.483;[mm]
Dýþ Çap;71.468;[mm]
Dýþ Çap;71.481;[mm]
Dýþ Çap;71.607;[mm]
Dýþ Çap;71.496;[mm]
Dýþ Çap;71.461;[mm]
Dýþ Çap;71.558;[mm]
Dýþ Çap;71.364;[mm]
Dýþ Çap;71.484;[mm]
Dýþ Çap;71.463;[mm]
Dýþ Çap;71.491;[mm]
Dýþ Çap;71.435;[mm]
Dýþ Çap;71.391;[mm]
Dýþ Çap;71.499;[mm]
Dýþ Çap;71.456;[mm]
Dýþ Çap;71.480;[mm]
Dýþ Çap;71.478;[mm]
Dýþ Çap;71.487;[mm]
Dýþ Çap;71.481;[mm]
Dýþ Çap;71.529;[mm]
Dýþ Çap;70.890;[mm]
Dýþ Çap;71.492;[mm]
Dýþ Çap;71.365;[mm]
Dýþ Çap;71.380;[mm]
Dýþ Çap;71.483;[mm]
Dýþ Çap;71.490;[mm]
Dýþ Çap;71.443;[mm]
Dýþ Çap;71.472;[mm]
Dýþ Çap;71.452;[mm]
Dýþ Çap;71.464;[mm]
Dýþ Çap;71.482;[mm]
Dýþ Çap;71.488;[mm]
Dýþ Çap;71.471;[mm]
Dýþ Çap;71.375;[mm]
Dýþ Çap;71.406;[mm]
Dýþ Çap;71.373;[mm]
Dýþ Çap;71.404;[mm]
Dýþ Çap;71.494;[mm]
Dýþ Çap;71.363;[mm]
Dýþ Çap;71.415;[mm]
Dýþ Çap;71.472;[mm]
Dýþ Çap;71.436;[mm]
Dýþ Çap;71.438;[mm]
Dýþ Çap;71.474;[mm]
Dýþ Çap;71.450;[mm]
Dýþ Çap;71.461;[mm]
Dýþ Çap;71.449;[mm]
Dýþ Çap;71.469;[mm]
Dýþ Çap;71.441;[mm]
Dýþ Çap;71.402;[mm]
Dýþ Çap;71.458;[mm]
Dýþ Çap;71.507;[mm]
Dýþ Çap;71.476;[mm]
Dýþ Çap;71.485;[mm]
Dýþ Çap;71.432;[mm]
Dýþ Çap;71.356;[mm]
Dýþ Çap;71.359;[mm]
Dýþ Çap;71.435;[mm]
Dýþ Çap;71.500;[mm]
Dýþ Çap;71.473;[mm]
Dýþ Çap;71.445;[mm]
Dýþ Çap;71.384;[mm]
Dýþ Çap;71.484;[mm]
Dýþ Çap;71.509;[mm]
Dýþ Çap;71.441;[mm]
Dýþ Çap;71.511;[mm]
Dýþ Çap;71.432;[mm]
Dýþ Çap;71.509;[mm]
Dýþ Çap;71.399;[mm]
Dýþ Çap;71.442;[mm]
Dýþ Çap;71.516;[mm]
Dýþ Çap;71.357;[mm]
Dýþ Çap;71.505;[mm]
Dýþ Çap;71.530;[mm]
Dýþ Çap;71.478;[mm]
Dýþ Çap;71.511;[mm]
Dýþ Çap;71.509;[mm]
Dýþ Çap;71.508;[mm]
Dýþ Çap;71.472;[mm]
Dýþ Çap;71.438;[mm]
Dýþ Çap;71.361;[mm]
Dýþ Çap;71.495;[mm]
Dýþ Çap;71.489;[mm]
Dýþ Çap;71.461;[mm]
Dýþ Çap;71.429;[mm]
Dýþ Çap;71.588;[mm]
Dýþ Çap;71.437;[mm]
Dýþ Çap;71.517;[mm]
Dýþ Çap;71.465;[mm]
Dýþ Çap;71.485;[mm]
Dýþ Çap;71.464;[mm]
Dýþ Çap;71.494;[mm]
Dýþ Çap;71.484;[mm]
Dýþ Çap;71.522;[mm]
Dýþ Çap;71.343;[mm]
Dýþ Çap;71.414;[mm]
Dýþ Çap;71.492;[mm]
Dýþ Çap;71.502;[mm]
Dýþ Çap;71.498;[mm]
Dýþ Çap;71.495;[mm]
Dýþ Çap;71.510;[mm]
Dýþ Çap;71.512;[mm]
Dýþ Çap;71.442;[mm]
Dýþ Çap;71.419;[mm]
Dýþ Çap;71.447;[mm]
Dýþ Çap;71.433;[mm]
Dýþ Çap;71.388;[mm]
Dýþ Çap;71.475;[mm]
Dýþ Çap;71.452;[mm]
Dýþ Çap;71.480;[mm]
Dýþ Çap;71.489;[mm]
Dýþ Çap;71.469;[mm]
Dýþ Çap;71.402;[mm]
Dýþ Çap;71.491;[mm]
Dýþ Çap;71.453;[mm]
Dýþ Çap;71.489;[mm]
Dýþ Çap;71.414;[mm]
Dýþ Çap;71.581;[mm]
Dýþ Çap;71.525;[mm]
Dýþ Çap;71.427;[mm]
Dýþ Çap;71.441;[mm]
Dýþ Çap;71.496;[mm]
Dýþ Çap; ; 
Dýþ Çap;71.517;[mm]
Dýþ Çap;71.391;[mm]
Dýþ Çap;71.423;[mm]
Dýþ Çap;71.483;[mm]
Dýþ Çap;71.523;[mm]
Dýþ Çap;71.527;[mm]
Dýþ Çap;71.469;[mm]
Dýþ Çap;71.498;[mm]
Dýþ Çap;71.461;[mm]
Dýþ Çap;71.469;[mm]
Dýþ Çap;71.476;[mm]
Dýþ Çap;71.466;[mm]
Dýþ Çap;71.512;[mm]
Dýþ Çap;71.441;[mm]
Dýþ Çap;71.361;[mm]
Dýþ Çap;71.480;[mm]
Dýþ Çap;71.382;[mm]
Dýþ Çap;71.473;[mm]
Dýþ Çap;71.519;[mm]
Dýþ Çap;71.503;[mm]
Dýþ Çap;71.445;[mm]
Dýþ Çap;71.487;[mm]
Dýþ Çap;71.418;[mm]
Dýþ Çap;71.397;[mm]
Dýþ Çap;71.499;[mm]
Dýþ Çap;71.460;[mm]
Dýþ Çap;71.509;[mm]
Dýþ Çap;71.477;[mm]
Dýþ Çap;71.396;[mm]
Dýþ Çap;71.518;[mm]
Dýþ Çap;71.526;[mm]
Dýþ Çap;71.545;[mm]
Dýþ Çap;71.408;[mm]
Dýþ Çap;71.464;[mm]
Dýþ Çap;71.458;[mm]
Dýþ Çap;71.494;[mm]
Dýþ Çap;71.467;[mm]
Dýþ Çap;71.439;[mm]
Dýþ Çap;71.490;[mm]
Dýþ Çap;71.496;[mm]
Dýþ Çap;71.441;[mm]
Dýþ Çap;71.573;[mm]
Dýþ Çap;71.509;[mm]
Dýþ Çap;71.454;[mm]
Dýþ Çap;71.517;[mm]
Dýþ Çap;71.530;[mm]
Dýþ Çap;71.475;[mm]
Dýþ Çap;70.501;[mm]
Dýþ Çap;71.498;[mm]
Dýþ Çap;71.442;[mm]
Dýþ Çap;71.496;[mm]
Dýþ Çap;71.501;[mm]
Dýþ Çap;71.447;[mm]
Dýþ Çap;71.541;[mm]
Dýþ Çap;71.558;[mm]
Dýþ Çap;71.505;[mm]
Dýþ Çap;71.481;[mm]
Dýþ Çap;71.488;[mm]
Dýþ Çap;71.486;[mm]
Dýþ Çap;71.452;[mm]
Dýþ Çap;71.463;[mm]
Dýþ Çap;71.470;[mm]
Dýþ Çap;71.426;[mm]
Dýþ Çap;71.450;[mm]
Dýþ Çap;71.426;[mm]
Dýþ Çap;71.483;[mm]
Dýþ Çap;71.468;[mm]
Dýþ Çap;71.454;[mm]
Dýþ Çap;71.449;[mm]
Dýþ Çap;71.466;[mm]
Dýþ Çap;71.534;[mm]
Dýþ Çap;71.467;[mm]
Dýþ Çap;71.509;[mm]
Dýþ Çap;71.372;[mm]
Dýþ Çap;71.465;[mm]
Dýþ Çap;71.526;[mm]
Dýþ Çap;71.493;[mm]
Dýþ Çap;71.436;[mm]
Dýþ Çap;71.500;[mm]
Dýþ Çap;71.495;[mm]
Dýþ Çap;71.537;[mm]
Dýþ Çap;71.482;[mm]
Dýþ Çap;71.486;[mm]
Dýþ Çap;71.493;[mm]
Dýþ Çap;71.411;[mm]
Dýþ Çap;71.472;[mm]
Dýþ Çap;71.536;[mm]
Dýþ Çap;71.469;[mm]
Dýþ Çap;71.453;[mm]
Dýþ Çap;71.468;[mm]
Dýþ Çap;71.480;[mm]
Dýþ Çap;71.508;[mm]
Dýþ Çap;71.411;[mm]
Dýþ Çap;71.487;[mm]
Dýþ Çap;71.425;[mm]
Dýþ Çap;71.465;[mm]
Dýþ Çap;71.533;[mm]
Dýþ Çap;71.491;[mm]
Dýþ Çap;71.452;[mm]
Dýþ Çap;71.546;[mm]
Dýþ Çap;71.544;[mm]
Dýþ Çap;71.488;[mm]
Dýþ Çap;71.511;[mm]
Dýþ Çap;71.458;[mm]
Dýþ Çap;71.541;[mm]
Dýþ Çap;71.573;[mm]
Dýþ Çap;71.501;[mm]
Dýþ Çap;71.485;[mm]
Dýþ Çap;71.514;[mm]
Dýþ Çap;71.492;[mm]
Dýþ Çap;71.449;[mm]
Dýþ Çap;71.453;[mm]
Dýþ Çap;71.489;[mm]
Dýþ Çap;71.518;[mm]
Dýþ Çap;71.548;[mm]
Dýþ Çap;71.440;[mm]
Dýþ Çap;71.494;[mm]
Dýþ Çap;71.497;[mm]
Dýþ Çap;71.423;[mm]
Dýþ Çap;71.439;[mm]
Dýþ Çap;71.392;[mm]
Dýþ Çap;71.396;[mm]
Dýþ Çap;71.475;[mm]
Dýþ Çap;71.431;[mm]
Dýþ Çap;71.438;[mm]
Dýþ Çap;71.484;[mm]
Dýþ Çap;71.447;[mm]
Dýþ Çap;71.454;[mm]
Dýþ Çap;71.406;[mm]
Dýþ Çap;71.487;[mm]
Dýþ Çap;71.544;[mm]
Dýþ Çap;71.505;[mm]
Dýþ Çap;71.521;[mm]
Dýþ Çap;71.501;[mm]
Dýþ Çap;71.503;[mm]
Dýþ Çap;71.564;[mm]
Dýþ Çap;71.536;[mm]
Dýþ Çap;71.393;[mm]
Dýþ Çap;71.534;[mm]
Dýþ Çap;71.414;[mm]
Dýþ Çap;71.532;[mm]
Dýþ Çap;71.492;[mm]
Dýþ Çap;71.475;[mm]
Dýþ Çap;71.510;[mm]
Dýþ Çap;71.486;[mm]
Dýþ Çap;71.492;[mm]
Dýþ Çap;71.248;[mm]
Dýþ Çap;71.499;[mm]
Dýþ Çap;71.489;[mm]
Dýþ Çap;71.511;[mm]
Dýþ Çap;71.520;[mm]
Dýþ Çap;71.496;[mm]
Dýþ Çap;71.507;[mm]
Dýþ Çap;71.475;[mm]
Dýþ Çap;71.492;[mm]
Dýþ Çap;71.515;[mm]
Dýþ Çap;71.515;[mm]
Dýþ Çap;71.540;[mm]
Dýþ Çap;71.441;[mm]
Dýþ Çap;71.488;[mm]
Dýþ Çap;71.540;[mm]
Dýþ Çap;71.580;[mm]
Dýþ Çap;71.513;[mm]
Dýþ Çap;71.519;[mm]
Dýþ Çap;71.469;[mm]
Dýþ Çap;71.336;[mm]
Dýþ Çap;71.490;[mm]
Dýþ Çap;71.413;[mm]
Dýþ Çap;71.543;[mm]
Dýþ Çap;71.449;[mm]
Dýþ Çap;71.496;[mm]
Dýþ Çap;71.483;[mm]
Dýþ Çap;71.407;[mm]
Dýþ Çap;71.421;[mm]
Dýþ Çap;71.496;[mm]
Dýþ Çap;71.445;[mm]
Dýþ Çap;71.476;[mm]
Dýþ Çap;71.520;[mm]
Dýþ Çap;71.480;[mm]
Dýþ Çap;71.458;[mm]
Dýþ Çap;71.383;[mm]
Dýþ Çap;71.501;[mm]
Dýþ Çap;71.389;[mm]
Dýþ Çap;71.564;[mm]
Dýþ Çap;71.459;[mm]
Dýþ Çap;71.494;[mm]
Dýþ Çap;71.496;[mm]
Dýþ Çap;71.458;[mm]
Dýþ Çap;71.508;[mm]
Dýþ Çap;71.582;[mm]
Dýþ Çap;71.505;[mm]
Dýþ Çap;71.444;[mm]
Dýþ Çap;71.489;[mm]
Dýþ Çap;71.410;[mm]
Dýþ Çap;71.455;[mm]
Dýþ Çap;71.386;[mm]
Dýþ Çap;71.500;[mm]
Dýþ Çap;71.297;[mm]
Dýþ Çap;71.566;[mm]
Dýþ Çap;71.375;[mm]
Dýþ Çap;71.516;[mm]
Dýþ Çap;71.478;[mm]
Dýþ Çap;71.538;[mm]
Dýþ Çap;71.224;[mm]
Dýþ Çap;71.529;[mm]
Dýþ Çap;71.470;[mm]
Dýþ Çap;71.454;[mm]
Dýþ Çap;71.504;[mm]
Dýþ Çap;71.457;[mm]
Dýþ Çap;71.556;[mm]
Dýþ Çap;71.386;[mm]
Dýþ Çap;71.394;[mm]
Dýþ Çap;71.359;[mm]
Dýþ Çap;71.480;[mm]
Dýþ Çap;71.467;[mm]
Dýþ Çap;71.369;[mm]
Dýþ Çap;71.323;[mm]
Dýþ Çap;71.537;[mm]
Dýþ Çap;71.485;[mm]
Dýþ Çap;71.482;[mm]
Dýþ Çap;71.481;[mm]
Dýþ Çap;71.448;[mm]
Dýþ Çap;71.482;[mm]
Dýþ Çap;71.388;[mm]
Dýþ Çap;71.321;[mm]
Dýþ Çap;71.353;[mm]
Dýþ Çap;71.428;[mm]
Dýþ Çap;71.483;[mm]
Dýþ Çap;71.329;[mm]
Dýþ Çap;71.426;[mm]
Dýþ Çap;71.414;[mm]
Dýþ Çap;71.487;[mm]
Dýþ Çap;71.438;[mm]
Dýþ Çap;71.411;[mm]
Dýþ Çap;71.401;[mm]
Dýþ Çap;71.520;[mm]
Dýþ Çap;71.488;[mm]
Dýþ Çap;71.434;[mm]
Dýþ Çap;71.489;[mm]
Dýþ Çap;71.456;[mm]
Dýþ Çap;71.512;[mm]
Dýþ Çap;71.436;[mm]
Dýþ Çap;71.467;[mm]
Dýþ Çap;71.481;[mm]
Dýþ Çap;71.423;[mm]
Dýþ Çap;71.388;[mm]
Dýþ Çap;71.523;[mm]
Dýþ Çap;71.488;[mm]
Dýþ Çap;71.463;[mm]
Dýþ Çap;71.426;[mm]
Dýþ Çap;71.454;[mm]
Dýþ Çap;71.473;[mm]
Dýþ Çap;71.501;[mm]
Dýþ Çap;71.472;[mm]
Dýþ Çap;71.442;[mm]
Dýþ Çap;71.552;[mm]
Dýþ Çap;71.492;[mm]
Dýþ Çap;71.403;[mm]
Dýþ Çap;71.431;[mm]
Dýþ Çap;71.529;[mm]
Dýþ Çap;71.459;[mm]
Dýþ Çap;71.448;[mm]
Dýþ Çap;71.461;[mm]
Dýþ Çap;71.506;[mm]
Dýþ Çap;71.491;[mm]
Dýþ Çap;71.556;[mm]
Dýþ Çap;71.452;[mm]
Dýþ Çap;71.514;[mm]
Dýþ Çap;71.459;[mm]
Dýþ Çap;71.383;[mm]
Dýþ Çap;71.490;[mm]
Dýþ Çap;71.510;[mm]
Dýþ Çap;71.451;[mm]
Dýþ Çap;71.495;[mm]
Dýþ Çap;71.433;[mm]
Dýþ Çap;71.497;[mm]
Dýþ Çap;71.552;[mm]
Dýþ Çap;71.522;[mm]
Dýþ Çap;71.388;[mm]
Dýþ Çap;71.490;[mm]
Dýþ Çap;71.479;[mm]
Dýþ Çap;71.461;[mm]
Dýþ Çap;71.455;[mm]
Dýþ Çap;71.433;[mm]
Dýþ Çap;71.412;[mm]
Dýþ Çap;71.486;[mm]
Dýþ Çap;71.475;[mm]
Dýþ Çap;71.552;[mm]
Dýþ Çap;71.448;[mm]
Dýþ Çap;71.448;[mm]
Dýþ Çap;71.452;[mm]
Dýþ Çap;71.495;[mm]
Dýþ Çap;71.518;[mm]
Dýþ Çap;71.520;[mm]
Dýþ Çap;71.428;[mm]
Dýþ Çap;71.540;[mm]
Dýþ Çap;71.420;[mm]
Dýþ Çap;71.442;[mm]
Dýþ Çap;71.491;[mm]
Dýþ Çap;71.397;[mm]
Dýþ Çap;71.390;[mm]
Dýþ Çap;71.430;[mm]
Dýþ Çap;71.387;[mm]
Dýþ Çap;71.465;[mm]
Dýþ Çap;71.478;[mm]
Dýþ Çap;71.413;[mm]
Dýþ Çap;71.394;[mm]
Dýþ Çap;71.500;[mm]
Dýþ Çap;71.456;[mm]
Dýþ Çap;71.476;[mm]
Dýþ Çap;71.486;[mm]
Dýþ Çap;71.455;[mm]
Dýþ Çap;71.544;[mm]
Dýþ Çap;71.401;[mm]
Dýþ Çap;71.470;[mm]
Dýþ Çap;71.523;[mm]
Dýþ Çap;71.502;[mm]
Dýþ Çap;71.394;[mm]
Dýþ Çap;71.475;[mm]
Dýþ Çap;71.506;[mm]
Dýþ Çap;71.461;[mm]
Dýþ Çap;71.446;[mm]
Dýþ Çap;71.494;[mm]
Dýþ Çap;71.391;[mm]
Dýþ Çap;71.478;[mm]
Dýþ Çap;71.477;[mm]
Dýþ Çap;71.478;[mm]
Dýþ Çap;71.441;[mm]
Dýþ Çap;71.445;[mm]
Dýþ Çap;71.534;[mm]
Dýþ Çap;71.444;[mm]
Dýþ Çap;71.467;[mm]
Dýþ Çap;71.482;[mm]
Dýþ Çap;71.457;[mm]
Dýþ Çap;71.407;[mm]
Dýþ Çap;71.344;[mm]
Dýþ Çap;71.463;[mm]
Dýþ Çap;71.421;[mm]
Dýþ Çap;71.386;[mm]
Dýþ Çap;71.391;[mm]
Dýþ Çap;71.556;[mm]
Dýþ Çap;71.484;[mm]
Dýþ Çap;71.398;[mm]
Dýþ Çap;71.517;[mm]
Dýþ Çap;71.572;[mm]
Dýþ Çap;71.238;[mm]
Dýþ Çap;71.470;[mm]
Dýþ Çap;71.393;[mm]
Dýþ Çap;71.453;[mm]
Dýþ Çap;71.411;[mm]
Dýþ Çap;71.494;[mm]
Dýþ Çap;71.393;[mm]
Dýþ Çap;71.460;[mm]
Dýþ Çap;71.383;[mm]
Dýþ Çap;71.467;[mm]
Dýþ Çap;71.488;[mm]
Dýþ Çap;71.518;[mm]
Dýþ Çap;71.498;[mm]
Dýþ Çap;71.571;[mm]
Dýþ Çap;71.525;[mm]
Dýþ Çap;71.430;[mm]
Dýþ Çap;71.455;[mm]
Dýþ Çap;71.463;[mm]
Dýþ Çap;71.508;[mm]
Dýþ Çap;71.526;[mm]
Dýþ Çap;71.409;[mm]
Dýþ Çap;71.392;[mm]
Dýþ Çap;71.379;[mm]
Dýþ Çap;71.438;[mm]
Dýþ Çap;71.463;[mm]
Dýþ Çap;71.507;[mm]
Dýþ Çap;71.472;[mm]
Dýþ Çap;71.467;[mm]
Dýþ Çap;71.482;[mm]
Dýþ Çap;71.478;[mm]
Dýþ Çap;71.498;[mm]
Dýþ Çap;71.355;[mm]
Dýþ Çap;71.475;[mm]
Dýþ Çap;71.452;[mm]
Dýþ Çap;71.481;[mm]
Dýþ Çap;71.462;[mm]
Dýþ Çap;71.475;[mm]
Dýþ Çap;71.459;[mm]
Dýþ Çap;71.499;[mm]
Dýþ Çap;71.438;[mm]
Dýþ Çap;71.325;[mm]
Dýþ Çap;71.464;[mm]
Dýþ Çap;71.406;[mm]
Dýþ Çap;71.492;[mm]
Dýþ Çap;71.472;[mm]
Dýþ Çap;71.397;[mm]
Dýþ Çap;71.543;[mm]
Dýþ Çap;71.456;[mm]
Dýþ Çap;71.454;[mm]
Dýþ Çap;71.496;[mm]
Dýþ Çap;71.521;[mm]
Dýþ Çap;71.490;[mm]
Dýþ Çap;71.530;[mm]
Dýþ Çap;71.456;[mm]
Dýþ Çap;71.530;[mm]
Dýþ Çap;71.520;[mm]
Dýþ Çap;71.402;[mm]
Dýþ Çap;71.526;[mm]
Dýþ Çap;71.433;[mm]
Dýþ Çap;71.450;[mm]
Dýþ Çap;71.387;[mm]
Dýþ Çap;71.475;[mm]
Dýþ Çap;71.470;[mm]
Dýþ Çap;71.543;[mm]
Dýþ Çap;71.445;[mm]
Dýþ Çap;71.477;[mm]
Dýþ Çap;71.411;[mm]
Dýþ Çap;71.500;[mm]
Dýþ Çap;71.484;[mm]
Dýþ Çap;71.481;[mm]
Dýþ Çap;71.484;[mm]
Dýþ Çap;71.436;[mm]
Dýþ Çap;71.537;[mm]
Dýþ Çap;71.439;[mm]
Dýþ Çap;71.489;[mm]
Dýþ Çap;71.374;[mm]
Dýþ Çap;71.445;[mm]
Dýþ Çap;71.441;[mm]
Dýþ Çap;71.466;[mm]
Dýþ Çap;71.367;[mm]
Dýþ Çap;71.472;[mm]
Dýþ Çap;71.479;[mm]
Dýþ Çap;71.487;[mm]
Dýþ Çap;71.424;[mm]
Dýþ Çap;71.471;[mm]
Dýþ Çap;71.451;[mm]
Dýþ Çap;71.472;[mm]
Dýþ Çap;71.537;[mm]
Dýþ Çap;71.446;[mm]
Dýþ Çap;71.432;[mm]
Dýþ Çap;71.466;[mm]
Dýþ Çap;71.419;[mm]
Dýþ Çap;71.381;[mm]
Dýþ Çap;71.523;[mm]
Dýþ Çap;71.471;[mm]
Dýþ Çap;71.473;[mm]
Dýþ Çap;71.478;[mm]
Dýþ Çap;71.380;[mm]
Dýþ Çap;71.552;[mm]
Dýþ Çap;71.506;[mm]
Dýþ Çap;71.484;[mm]
Dýþ Çap;71.470;[mm]
Dýþ Çap;71.481;[mm]
Dýþ Çap;71.555;[mm]
Dýþ Çap;71.420;[mm]
Dýþ Çap;71.461;[mm]
Dýþ Çap;71.512;[mm]
Dýþ Çap;71.392;[mm]
Dýþ Çap;71.432;[mm]
Dýþ Çap;71.428;[mm]
Dýþ Çap;71.524;[mm]
Dýþ Çap;71.460;[mm]
Dýþ Çap;71.434;[mm]
Dýþ Çap;71.453;[mm]
Dýþ Çap;71.408;[mm]
Dýþ Çap;71.461;[mm]
Dýþ Çap;71.024;[mm]
Dýþ Çap;71.510;[mm]
Dýþ Çap;71.269;[mm]
Dýþ Çap;71.474;[mm]
Dýþ Çap;71.423;[mm]
Dýþ Çap;71.395;[mm]
Dýþ Çap;71.492;[mm]
Dýþ Çap;71.520;[mm]
Dýþ Çap;71.390;[mm]
Dýþ Çap;71.496;[mm]
Dýþ Çap;71.535;[mm]
Dýþ Çap;71.496;[mm]
Dýþ Çap;71.496;[mm]
Dýþ Çap;71.566;[mm]
Dýþ Çap;71.463;[mm]
Dýþ Çap;71.431;[mm]
Dýþ Çap;71.422;[mm]
Dýþ Çap;71.451;[mm]
Dýþ Çap;71.380;[mm]
Dýþ Çap;71.485;[mm]
Dýþ Çap;71.481;[mm]
Dýþ Çap;71.447;[mm]
Dýþ Çap;71.395;[mm]
Dýþ Çap;71.514;[mm]
Dýþ Çap;71.496;[mm]
Dýþ Çap;71.418;[mm]
Dýþ Çap;71.493;[mm]
Dýþ Çap;71.450;[mm]
Dýþ Çap;71.459;[mm]
Dýþ Çap;71.508;[mm]
Dýþ Çap;71.387;[mm]
Dýþ Çap;71.491;[mm]
Dýþ Çap;71.546;[mm]
Dýþ Çap;71.566;[mm]
Dýþ Çap;71.490;[mm]
Dýþ Çap;71.345;[mm]
Dýþ Çap;71.454;[mm]
Dýþ Çap;71.413;[mm]
Dýþ Çap;71.500;[mm]
Dýþ Çap;71.541;[mm]
Dýþ Çap;71.472;[mm]
Dýþ Çap;71.450;[mm]
Dýþ Çap;71.493;[mm]
Dýþ Çap;71.465;[mm]
Dýþ Çap;71.497;[mm]
Dýþ Çap;71.465;[mm]
Dýþ Çap;71.509;[mm]
Dýþ Çap;71.477;[mm]
Dýþ Çap;71.421;[mm]
Dýþ Çap;71.403;[mm]
Dýþ Çap;71.512;[mm]
Dýþ Çap;71.346;[mm]
Dýþ Çap;71.525;[mm]
Dýþ Çap;71.508;[mm]
Dýþ Çap;71.484;[mm]
Dýþ Çap;71.507;[mm]
Dýþ Çap;71.391;[mm]
Dýþ Çap;71.458;[mm]
Dýþ Çap;71.481;[mm]
Dýþ Çap;71.395;[mm]
Dýþ Çap;71.452;[mm]
Dýþ Çap;71.379;[mm]
Dýþ Çap;71.486;[mm]
Dýþ Çap;71.526;[mm]
Dýþ Çap;71.456;[mm]
Dýþ Çap;71.494;[mm]
Dýþ Çap;71.500;[mm]
Dýþ Çap;71.433;[mm]
Dýþ Çap;71.507;[mm]
Dýþ Çap;71.366;[mm]
Dýþ Çap;71.522;[mm]
Dýþ Çap;71.430;[mm]
Dýþ Çap;71.422;[mm]
Dýþ Çap;71.450;[mm]
Dýþ Çap;71.438;[mm]
Dýþ Çap;71.466;[mm]
Dýþ Çap;71.506;[mm]
Dýþ Çap;71.444;[mm]
Dýþ Çap;71.373;[mm]
Dýþ Çap;71.505;[mm]
Dýþ Çap;71.510;[mm]
Dýþ Çap;71.537;[mm]
Dýþ Çap;71.499;[mm]
Dýþ Çap;71.460;[mm]
Dýþ Çap;71.541;[mm]
Dýþ Çap;71.517;[mm]
Dýþ Çap;71.489;[mm]
Dýþ Çap;71.451;[mm]
Dýþ Çap;71.563;[mm]
Dýþ Çap;71.465;[mm]
Dýþ Çap;71.482;[mm]
Dýþ Çap;71.414;[mm]
Dýþ Çap;71.394;[mm]
Dýþ Çap;71.443;[mm]
Dýþ Çap;71.490;[mm]
Dýþ Çap;71.478;[mm]
Dýþ Çap;71.469;[mm]
Dýþ Çap;71.476;[mm]
Dýþ Çap;71.482;[mm]
Dýþ Çap;71.525;[mm]
Dýþ Çap;71.461;[mm]
Dýþ Çap;71.452;[mm]
Dýþ Çap;71.536;[mm]
Dýþ Çap;71.506;[mm]
Dýþ Çap;71.523;[mm]
Dýþ Çap;71.510;[mm]
Dýþ Çap;71.512;[mm]
Dýþ Çap;71.416;[mm]
Dýþ Çap;71.518;[mm]
Dýþ Çap;71.543;[mm]
Dýþ Çap;71.493;[mm]
Dýþ Çap;71.474;[mm]
Dýþ Çap;71.491;[mm]
Dýþ Çap;71.452;[mm]
Dýþ Çap;71.510;[mm]
Dýþ Çap;71.391;[mm]
Dýþ Çap;71.560;[mm]
Dýþ Çap;71.429;[mm]
Dýþ Çap;71.434;[mm]
Dýþ Çap;71.309;[mm]
Dýþ Çap;71.497;[mm]
Dýþ Çap;71.511;[mm]
Dýþ Çap;71.273;[mm]
Dýþ Çap;71.406;[mm]
Dýþ Çap;71.449;[mm]
Dýþ Çap;71.523;[mm]
Dýþ Çap;71.459;[mm]
Dýþ Çap;71.490;[mm]
Dýþ Çap;71.462;[mm]
Dýþ Çap;71.375;[mm]
Dýþ Çap;71.476;[mm]
Dýþ Çap;71.469;[mm]
Dýþ Çap;71.401;[mm]
Dýþ Çap;71.433;[mm]
Dýþ Çap;71.384;[mm]
Dýþ Çap;71.466;[mm]
Dýþ Çap;71.462;[mm]
Dýþ Çap;71.451;[mm]
Dýþ Çap;71.455;[mm]
Dýþ Çap;71.414;[mm]
Dýþ Çap;71.376;[mm]
Dýþ Çap;71.422;[mm]
Dýþ Çap;71.493;[mm]
Dýþ Çap;71.382;[mm]
Dýþ Çap;71.476;[mm]
Dýþ Çap;71.408;[mm]
Dýþ Çap;71.531;[mm]
Dýþ Çap;71.435;[mm]
Dýþ Çap;71.484;[mm]
Dýþ Çap;71.498;[mm]
Dýþ Çap;71.461;[mm]
Dýþ Çap;71.408;[mm]
Dýþ Çap;71.443;[mm]
Dýþ Çap;71.484;[mm]
Dýþ Çap;71.269;[mm]
Dýþ Çap;71.319;[mm]
Dýþ Çap;71.437;[mm]
Dýþ Çap;71.574;[mm]
Dýþ Çap;71.493;[mm]
Dýþ Çap;71.524;[mm]
Dýþ Çap;71.507;[mm]
Dýþ Çap;71.448;[mm]
Dýþ Çap;71.446;[mm]
Dýþ Çap;71.493;[mm]
Dýþ Çap;71.551;[mm]
Dýþ Çap;71.492;[mm]
Dýþ Çap;71.469;[mm]
Dýþ Çap;71.461;[mm]
Dýþ Çap;71.445;[mm]
Dýþ Çap;71.504;[mm]
Dýþ Çap;71.426;[mm]
Dýþ Çap;71.521;[mm]
Dýþ Çap;71.500;[mm]
Dýþ Çap;71.323;[mm]
Dýþ Çap;71.414;[mm]
Dýþ Çap;71.460;[mm]
Dýþ Çap;71.433;[mm]
Dýþ Çap;71.449;[mm]
Dýþ Çap;71.494;[mm]
Dýþ Çap;71.473;[mm]
Dýþ Çap;71.413;[mm]
Dýþ Çap;71.408;[mm]
Dýþ Çap;71.407;[mm]
Dýþ Çap;71.467;[mm]
Dýþ Çap;71.513;[mm]
Dýþ Çap;71.538;[mm]
Dýþ Çap;71.415;[mm]
Dýþ Çap;71.479;[mm]
Dýþ Çap;71.417;[mm]
Dýþ Çap;71.498;[mm]
Dýþ Çap;71.535;[mm]
Dýþ Çap;71.409;[mm]
Dýþ Çap;71.564;[mm]
Dýþ Çap;71.401;[mm]
Dýþ Çap;71.500;[mm]
Dýþ Çap;71.508;[mm]
Dýþ Çap;71.492;[mm]
Dýþ Çap;71.504;[mm]
Dýþ Çap;71.538;[mm]
Dýþ Çap;71.418;[mm]
Dýþ Çap;71.404;[mm]
Dýþ Çap;71.544;[mm]
Dýþ Çap;71.527;[mm]
Dýþ Çap;71.526;[mm]
Dýþ Çap;71.412;[mm]
Dýþ Çap;71.385;[mm]
Dýþ Çap;71.489;[mm]
Dýþ Çap;71.566;[mm]
Dýþ Çap;71.486;[mm]
Dýþ Çap;71.472;[mm]
Dýþ Çap;71.478;[mm]
Dýþ Çap;71.553;[mm]
Dýþ Çap;71.563;[mm]
Dýþ Çap;71.499;[mm]
Dýþ Çap;71.472;[mm]
Dýþ Çap;71.530;[mm]
Dýþ Çap;71.506;[mm]
Dýþ Çap;71.532;[mm]
Dýþ Çap;71.599;[mm]
Dýþ Çap;71.538;[mm]
Dýþ Çap;71.417;[mm]
Dýþ Çap;71.385;[mm]
Dýþ Çap;71.457;[mm]
Dýþ Çap;71.430;[mm]
Dýþ Çap;71.525;[mm]
Dýþ Çap;71.597;[mm]
Dýþ Çap;71.521;[mm]
Dýþ Çap;71.463;[mm]
Dýþ Çap;71.581;[mm]
Dýþ Çap;71.444;[mm]
Dýþ Çap;71.561;[mm]
Dýþ Çap;71.401;[mm]
Dýþ Çap;71.461;[mm]
Dýþ Çap;71.609;[mm]
Dýþ Çap;71.566;[mm]
Dýþ Çap;71.468;[mm]
Dýþ Çap;71.439;[mm]
Dýþ Çap;71.524;[mm]
Dýþ Çap;71.421;[mm]
Dýþ Çap;71.556;[mm]
Dýþ Çap;71.539;[mm]
Dýþ Çap;71.460;[mm]
Dýþ Çap;71.528;[mm]
Dýþ Çap;71.569;[mm]
Dýþ Çap;71.448;[mm]
Dýþ Çap;71.490;[mm]
Dýþ Çap;71.546;[mm]
Dýþ Çap;71.508;[mm]
Dýþ Çap;71.407;[mm]
Dýþ Çap;71.531;[mm]
Dýþ Çap;71.447;[mm]
Dýþ Çap;71.408;[mm]
Dýþ Çap;71.598;[mm]
Dýþ Çap;71.408;[mm]
Dýþ Çap;71.432;[mm]
Dýþ Çap;71.459;[mm]
Dýþ Çap;71.535;[mm]
Dýþ Çap;71.482;[mm]
Dýþ Çap;71.432;[mm]
Dýþ Çap;71.677;[mm]
Dýþ Çap;71.488;[mm]
Dýþ Çap;71.480;[mm]
Dýþ Çap;71.425;[mm]
Dýþ Çap;71.630;[mm]
Dýþ Çap;71.398;[mm]
Dýþ Çap;71.408;[mm]
Dýþ Çap;71.398;[mm]
Dýþ Çap;71.537;[mm]
Dýþ Çap;71.040;[mm]
Dýþ Çap;71.477;[mm]
Dýþ Çap;71.524;[mm]
Dýþ Çap;71.521;[mm]
Dýþ Çap;71.510;[mm]
Dýþ Çap;71.500;[mm]
Dýþ Çap;71.286;[mm]
Dýþ Çap;71.490;[mm]
Dýþ Çap;71.422;[mm]
Dýþ Çap;71.482;[mm]
Dýþ Çap;71.516;[mm]
Dýþ Çap;71.451;[mm]
Dýþ Çap;71.514;[mm]
Dýþ Çap;71.454;[mm]
Dýþ Çap;71.531;[mm]
Dýþ Çap;71.515;[mm]
Dýþ Çap;71.458;[mm]
Dýþ Çap;71.407;[mm]
Dýþ Çap;71.490;[mm]
Dýþ Çap;71.392;[mm]
Dýþ Çap;71.290;[mm]
Dýþ Çap;71.451;[mm]
Dýþ Çap;71.351;[mm]
Dýþ Çap;71.464;[mm]
Dýþ Çap;71.505;[mm]
Dýþ Çap; ; 
Dýþ Çap;71.503;[mm]
Dýþ Çap;71.511;[mm]
Dýþ Çap;71.520;[mm]
Dýþ Çap;71.432;[mm]
Dýþ Çap;71.576;[mm]
Dýþ Çap;71.440;[mm]
Dýþ Çap;71.576;[mm]
Dýþ Çap;71.436;[mm]
Dýþ Çap;71.527;[mm]
Dýþ Çap;71.184;[mm]
Dýþ Çap;71.454;[mm]
Dýþ Çap;71.442;[mm]
Dýþ Çap;71.481;[mm]
Dýþ Çap;71.519;[mm]
Dýþ Çap;71.496;[mm]
Dýþ Çap;71.531;[mm]
Dýþ Çap;71.481;[mm]
Dýþ Çap;71.579;[mm]
Dýþ Çap;71.522;[mm]
Dýþ Çap;71.483;[mm]
Dýþ Çap;71.419;[mm]
Dýþ Çap;71.439;[mm]
Dýþ Çap;71.498;[mm]
Dýþ Çap;71.485;[mm]
Dýþ Çap;71.498;[mm]
Dýþ Çap;71.439;[mm]
Dýþ Çap;71.561;[mm]
Dýþ Çap;71.490;[mm]
Dýþ Çap;71.679;[mm]
Dýþ Çap;71.511;[mm]
Dýþ Çap;71.538;[mm]
Dýþ Çap;71.460;[mm]
Dýþ Çap;71.562;[mm]
Dýþ Çap;71.622;[mm]
Dýþ Çap;71.453;[mm]
Dýþ Çap;71.408;[mm]
Dýþ Çap;71.507;[mm]
Dýþ Çap;71.569;[mm]
Dýþ Çap;71.504;[mm]
Dýþ Çap;71.490;[mm]
Dýþ Çap;71.473;[mm]
Dýþ Çap;71.555;[mm]
Dýþ Çap;71.622;[mm]
Dýþ Çap;71.421;[mm]
Dýþ Çap;71.456;[mm]
Dýþ Çap;71.559;[mm]
Dýþ Çap;71.551;[mm]
Dýþ Çap;71.394;[mm]
Dýþ Çap;71.544;[mm]
Dýþ Çap;71.496;[mm]
Dýþ Çap; ; 
Dýþ Çap;71.463;[mm]
Dýþ Çap;71.402;[mm]
Dýþ Çap;71.501;[mm]
Dýþ Çap;71.507;[mm]
Dýþ Çap;71.422;[mm]
Dýþ Çap;71.489;[mm]
Dýþ Çap;71.527;[mm]
Dýþ Çap;71.355;[mm]
Dýþ Çap;71.537;[mm]
Dýþ Çap;71.409;[mm]
Dýþ Çap;71.480;[mm]
Dýþ Çap;71.589;[mm]
Dýþ Çap;71.519;[mm]
Dýþ Çap;71.428;[mm]
Dýþ Çap;71.593;[mm]
Dýþ Çap;71.514;[mm]
Dýþ Çap; ; 
Dýþ Çap;71.493;[mm]
Dýþ Çap;71.415;[mm]
Dýþ Çap;71.525;[mm]
Dýþ Çap;71.418;[mm]
Dýþ Çap;71.470;[mm]
Dýþ Çap;71.429;[mm]
Dýþ Çap;71.376;[mm]
Dýþ Çap;71.484;[mm]
Dýþ Çap;71.459;[mm]
Dýþ Çap;71.454;[mm]
Dýþ Çap;71.504;[mm]
Dýþ Çap;71.472;[mm]
Dýþ Çap;71.473;[mm]
Dýþ Çap;71.520;[mm]
Dýþ Çap;71.426;[mm]
Dýþ Çap;71.509;[mm]
Dýþ Çap;71.401;[mm]
Dýþ Çap;71.498;[mm]
Dýþ Çap;71.488;[mm]
Dýþ Çap;71.521;[mm]
Dýþ Çap;71.556;[mm]
Dýþ Çap;71.527;[mm]
Dýþ Çap;71.510;[mm]
Dýþ Çap;71.465;[mm]
Dýþ Çap;71.461;[mm]
Dýþ Çap;71.543;[mm]
Dýþ Çap;71.474;[mm]
Dýþ Çap;71.425;[mm]
Dýþ Çap;71.395;[mm]
Dýþ Çap;71.456;[mm]
Dýþ Çap;71.465;[mm]
Dýþ Çap;71.510;[mm]
Dýþ Çap;71.427;[mm]
Dýþ Çap;71.469;[mm]
Dýþ Çap;71.552;[mm]
Dýþ Çap;71.517;[mm]
Dýþ Çap;71.562;[mm]
Dýþ Çap;71.467;[mm]
Dýþ Çap;71.516;[mm]
Dýþ Çap;71.516;[mm]
Dýþ Çap;71.628;[mm]
Dýþ Çap;71.478;[mm]
Dýþ Çap;71.438;[mm]
Dýþ Çap;71.452;[mm]
Dýþ Çap;71.495;[mm]
Dýþ Çap;71.531;[mm]
Dýþ Çap;71.540;[mm]
Dýþ Çap;71.410;[mm]
Dýþ Çap;71.469;[mm]
Dýþ Çap;71.467;[mm]
Dýþ Çap;71.402;[mm]
Dýþ Çap;71.480;[mm]
Dýþ Çap;71.435;[mm]
Dýþ Çap;71.515;[mm]
Dýþ Çap;71.612;[mm]
Dýþ Çap;71.597;[mm]
Dýþ Çap;71.424;[mm]
Dýþ Çap;71.585;[mm]
Dýþ Çap;71.424;[mm]
Dýþ Çap;71.472;[mm]
Dýþ Çap;71.487;[mm]
Dýþ Çap;71.021;[mm]
Dýþ Çap;71.549;[mm]
Dýþ Çap;71.503;[mm]
Dýþ Çap;71.523;[mm]
Dýþ Çap;71.499;[mm]
Dýþ Çap;71.471;[mm]
Dýþ Çap;71.374;[mm]
Dýþ Çap;71.403;[mm]
Dýþ Çap;71.391;[mm]
Dýþ Çap;71.409;[mm]
Dýþ Çap;71.576;[mm]
Dýþ Çap;71.401;[mm]
Dýþ Çap;71.556;[mm]
Dýþ Çap;71.582;[mm]
Dýþ Çap;71.502;[mm]
Dýþ Çap;71.467;[mm]
Dýþ Çap;71.476;[mm]
Dýþ Çap;71.460;[mm]
Dýþ Çap;71.400;[mm]
Dýþ Çap;71.437;[mm]
Dýþ Çap;71.502;[mm]
Dýþ Çap;71.548;[mm]
Dýþ Çap;71.447;[mm]
Dýþ Çap;71.468;[mm]
Dýþ Çap;71.417;[mm]
Dýþ Çap;71.308;[mm]
Dýþ Çap;71.475;[mm]
Dýþ Çap;71.500;[mm]
Dýþ Çap;71.473;[mm]
Dýþ Çap;71.442;[mm]
Dýþ Çap;71.529;[mm]
Dýþ Çap;71.419;[mm]
Dýþ Çap;71.494;[mm]
Dýþ Çap;71.380;[mm]
Dýþ Çap;71.515;[mm]
Dýþ Çap;71.454;[mm]
Dýþ Çap;71.539;[mm]
Dýþ Çap;71.524;[mm]
Dýþ Çap;71.393;[mm]
Dýþ Çap;71.563;[mm]
Dýþ Çap;71.523;[mm]
Dýþ Çap;71.455;[mm]
Dýþ Çap;71.435;[mm]
Dýþ Çap;71.444;[mm]
Dýþ Çap;71.520;[mm]
Dýþ Çap;71.415;[mm]
Dýþ Çap;71.473;[mm]
Dýþ Çap;71.494;[mm]
Dýþ Çap;71.432;[mm]
Dýþ Çap;71.489;[mm]
Dýþ Çap;71.582;[mm]
Dýþ Çap;71.489;[mm]
Dýþ Çap;71.455;[mm]
Dýþ Çap;71.439;[mm]
Dýþ Çap;71.500;[mm]
Dýþ Çap;71.473;[mm]
Dýþ Çap;71.465;[mm]
Dýþ Çap;71.437;[mm]
Dýþ Çap;71.518;[mm]
Dýþ Çap;71.535;[mm]
Dýþ Çap;71.510;[mm]
Dýþ Çap;71.422;[mm]
Dýþ Çap;71.420;[mm]
Dýþ Çap;71.459;[mm]
Dýþ Çap;71.538;[mm]
Dýþ Çap;71.474;[mm]
Dýþ Çap;71.643;[mm]
Dýþ Çap;71.423;[mm]
Dýþ Çap;71.429;[mm]
Dýþ Çap;71.452;[mm]
Dýþ Çap;71.402;[mm]
Dýþ Çap;71.434;[mm]
Dýþ Çap;71.476;[mm]
Dýþ Çap;71.491;[mm]
Dýþ Çap;71.534;[mm]
Dýþ Çap;71.405;[mm]
Dýþ Çap;71.509;[mm]
Dýþ Çap;71.455;[mm]
Dýþ Çap;71.455;[mm]
Dýþ Çap;71.379;[mm]
Dýþ Çap;71.413;[mm]
Dýþ Çap;71.535;[mm]
Dýþ Çap;71.524;[mm]
Dýþ Çap;71.574;[mm]
Dýþ Çap;71.471;[mm]
Dýþ Çap;71.617;[mm]
Dýþ Çap;71.441;[mm]
Dýþ Çap;71.453;[mm]
Dýþ Çap;71.470;[mm]
Dýþ Çap;71.394;[mm]
Dýþ Çap;71.572;[mm]
Dýþ Çap;71.491;[mm]
Dýþ Çap;71.486;[mm]
Dýþ Çap;71.479;[mm]
Dýþ Çap;71.522;[mm]
Dýþ Çap;71.444;[mm]
Dýþ Çap;71.452;[mm]
Dýþ Çap;71.445;[mm]
Dýþ Çap;71.435;[mm]
Dýþ Çap;71.438;[mm]
Dýþ Çap;71.462;[mm]
Dýþ Çap;71.504;[mm]
Dýþ Çap;71.502;[mm]
Dýþ Çap;71.215;[mm]
Dýþ Çap;71.402;[mm]
Dýþ Çap;71.441;[mm]
Dýþ Çap;71.578;[mm]
Dýþ Çap;71.557;[mm]
Dýþ Çap;71.501;[mm]
Dýþ Çap;71.454;[mm]
Dýþ Çap;71.503;[mm]
Dýþ Çap;71.448;[mm]
Dýþ Çap;71.519;[mm]
Dýþ Çap;71.421;[mm]
Dýþ Çap;71.555;[mm]
Dýþ Çap;71.484;[mm]
Dýþ Çap;71.452;[mm]
Dýþ Çap;71.485;[mm]
Dýþ Çap;71.452;[mm]
Dýþ Çap;71.464;[mm]
Dýþ Çap;71.490;[mm]
Dýþ Çap;71.522;[mm]
Dýþ Çap;71.369;[mm]
Dýþ Çap;71.497;[mm]
Dýþ Çap;71.504;[mm]
Dýþ Çap;71.518;[mm]
Dýþ Çap;71.447;[mm]
Dýþ Çap;71.524;[mm]
Dýþ Çap;71.491;[mm]
Dýþ Çap;71.391;[mm]
Dýþ Çap;71.464;[mm]
Dýþ Çap;71.578;[mm]
Dýþ Çap;71.507;[mm]
Dýþ Çap;71.450;[mm]
Dýþ Çap;71.520;[mm]
Dýþ Çap;71.311;[mm]
Dýþ Çap;71.482;[mm]
Dýþ Çap;71.540;[mm]
Dýþ Çap;71.489;[mm]
Dýþ Çap;71.563;[mm]
Dýþ Çap;71.504;[mm]
Dýþ Çap;71.480;[mm]
Dýþ Çap;71.464;[mm]
Dýþ Çap;71.522;[mm]
Dýþ Çap;71.384;[mm]
Dýþ Çap;71.545;[mm]
Dýþ Çap;71.500;[mm]
Dýþ Çap;71.562;[mm]
Dýþ Çap;71.512;[mm]
Dýþ Çap;71.438;[mm]
Dýþ Çap;71.448;[mm]
Dýþ Çap;71.407;[mm]
Dýþ Çap;71.471;[mm]
Dýþ Çap;71.415;[mm]
Dýþ Çap;71.383;[mm]
Dýþ Çap;71.633;[mm]
Dýþ Çap;71.106;[mm]
Dýþ Çap;71.527;[mm]
Dýþ Çap; ; 
Dýþ Çap;71.530;[mm]
Dýþ Çap;71.478;[mm]
Dýþ Çap;71.521;[mm]
Dýþ Çap;71.450;[mm]
Dýþ Çap;71.482;[mm]
Dýþ Çap;71.404;[mm]
Dýþ Çap;71.481;[mm]
Dýþ Çap;71.418;[mm]
Dýþ Çap;71.462;[mm]
Dýþ Çap;71.478;[mm]
Dýþ Çap;71.480;[mm]
Dýþ Çap;71.512;[mm]
Dýþ Çap;71.490;[mm]
Dýþ Çap;71.490;[mm]
Dýþ Çap;71.473;[mm]
Dýþ Çap;71.477;[mm]
Dýþ Çap;71.531;[mm]
Dýþ Çap;71.432;[mm]
Dýþ Çap;71.519;[mm]
Dýþ Çap;71.471;[mm]
Dýþ Çap;71.429;[mm]
Dýþ Çap;71.509;[mm]
Dýþ Çap;71.475;[mm]
Dýþ Çap;71.402;[mm]
Dýþ Çap;71.484;[mm]
Dýþ Çap;71.501;[mm]
Dýþ Çap;71.482;[mm]
Dýþ Çap;71.447;[mm]
Dýþ Çap;71.460;[mm]
Dýþ Çap;71.393;[mm]
Dýþ Çap;71.507;[mm]
Dýþ Çap;71.535;[mm]
Dýþ Çap;71.484;[mm]
Dýþ Çap;71.118;[mm]
Dýþ Çap;71.464;[mm]
Dýþ Çap;71.415;[mm]
Dýþ Çap;71.472;[mm]
Dýþ Çap;71.444;[mm]
Dýþ Çap;71.469;[mm]
Dýþ Çap;71.497;[mm]
Dýþ Çap;71.513;[mm]
Dýþ Çap;71.451;[mm]
Dýþ Çap;71.542;[mm]
Dýþ Çap;71.556;[mm]
Dýþ Çap;71.621;[mm]
Dýþ Çap;71.381;[mm]
Dýþ Çap;71.433;[mm]
Dýþ Çap;71.446;[mm]
Dýþ Çap;71.460;[mm]
Dýþ Çap;71.563;[mm]
Dýþ Çap;71.524;[mm]
Dýþ Çap;71.371;[mm]
Dýþ Çap;71.536;[mm]
Dýþ Çap;71.477;[mm]
Dýþ Çap;71.438;[mm]
Dýþ Çap;71.519;[mm]
Dýþ Çap;71.384;[mm]
Dýþ Çap;71.584;[mm]
Dýþ Çap;71.427;[mm]
Dýþ Çap;71.451;[mm]
Dýþ Çap;71.494;[mm]
Dýþ Çap;71.461;[mm]
Dýþ Çap;71.413;[mm]
Dýþ Çap;71.445;[mm]
Dýþ Çap;71.497;[mm]
Dýþ Çap;71.519;[mm]
Dýþ Çap;71.504;[mm]
Dýþ Çap;71.513;[mm]
Dýþ Çap;71.397;[mm]
Dýþ Çap;71.500;[mm]
Dýþ Çap;71.456;[mm]
Dýþ Çap;71.472;[mm]
Dýþ Çap;71.468;[mm]
Dýþ Çap;71.535;[mm]
Dýþ Çap;71.549;[mm]
Dýþ Çap;71.416;[mm]
Dýþ Çap;71.467;[mm]
Dýþ Çap;71.385;[mm]
Dýþ Çap;71.536;[mm]
Dýþ Çap;71.382;[mm]
Dýþ Çap;71.512;[mm]
Dýþ Çap;71.542;[mm]
Dýþ Çap;71.460;[mm]
Dýþ Çap;71.429;[mm]
Dýþ Çap;71.424;[mm]
Dýþ Çap;71.497;[mm]
Dýþ Çap;71.323;[mm]
Dýþ Çap;71.503;[mm]
Dýþ Çap;71.446;[mm]
Dýþ Çap;71.506;[mm]
Dýþ Çap;71.479;[mm]
Dýþ Çap;71.486;[mm]
Dýþ Çap;71.501;[mm]
Dýþ Çap;71.441;[mm]
Dýþ Çap;71.492;[mm]
Dýþ Çap;71.479;[mm]
Dýþ Çap;71.515;[mm]
Dýþ Çap;71.459;[mm]
Dýþ Çap;71.448;[mm]
Dýþ Çap;71.632;[mm]
Dýþ Çap;71.493;[mm]
Dýþ Çap;71.401;[mm]
Dýþ Çap;71.418;[mm]
Dýþ Çap;71.417;[mm]
Dýþ Çap;71.580;[mm]
Dýþ Çap;71.465;[mm]
Dýþ Çap;71.397;[mm]
Dýþ Çap;71.514;[mm]
Dýþ Çap;71.401;[mm]
Dýþ Çap;71.372;[mm]
Dýþ Çap;71.533;[mm]
Dýþ Çap;71.451;[mm]
Dýþ Çap;71.458;[mm]
Dýþ Çap;71.532;[mm]
Dýþ Çap;71.455;[mm]
Dýþ Çap;71.516;[mm]
Dýþ Çap;71.489;[mm]
Dýþ Çap;71.536;[mm]
Dýþ Çap;71.515;[mm]
Dýþ Çap;71.480;[mm]
Dýþ Çap;71.432;[mm]
Dýþ Çap;71.504;[mm]
Dýþ Çap;71.458;[mm]
Dýþ Çap;71.476;[mm]
Dýþ Çap;71.475;[mm]
Dýþ Çap;71.498;[mm]
Dýþ Çap;71.540;[mm]
Dýþ Çap;71.487;[mm]
Dýþ Çap;71.361;[mm]
Dýþ Çap;71.487;[mm]
Dýþ Çap;71.530;[mm]
Dýþ Çap;71.488;[mm]
Dýþ Çap;71.442;[mm]
Dýþ Çap;71.436;[mm]
Dýþ Çap;71.464;[mm]
Dýþ Çap;71.419;[mm]
Dýþ Çap;71.445;[mm]
Dýþ Çap;71.451;[mm]
Dýþ Çap;71.409;[mm]
Dýþ Çap;71.432;[mm]
Dýþ Çap;71.536;[mm]
Dýþ Çap;71.460;[mm]
Dýþ Çap;71.542;[mm]
Dýþ Çap;71.503;[mm]
Dýþ Çap;71.482;[mm]
Dýþ Çap;71.427;[mm]
Dýþ Çap;71.657;[mm]
Dýþ Çap;71.457;[mm]
Dýþ Çap; ; 
Dýþ Çap;71.551;[mm]
Dýþ Çap;71.381;[mm]
Dýþ Çap;71.327;[mm]
Dýþ Çap;71.551;[mm]
Dýþ Çap;71.459;[mm]
Dýþ Çap;71.417;[mm]
Dýþ Çap;71.472;[mm]
Dýþ Çap;71.452;[mm]
Dýþ Çap;71.425;[mm]
Dýþ Çap;71.538;[mm]
Dýþ Çap;71.488;[mm]
Dýþ Çap;71.485;[mm]
Dýþ Çap;71.395;[mm]
Dýþ Çap;71.515;[mm]
Dýþ Çap;71.472;[mm]
Dýþ Çap;71.530;[mm]
Dýþ Çap;71.472;[mm]
Dýþ Çap;71.583;[mm]
Dýþ Çap;71.314;[mm]
Dýþ Çap;71.443;[mm]
Dýþ Çap;71.500;[mm]
Dýþ Çap;71.493;[mm]
Dýþ Çap;71.383;[mm]
Dýþ Çap;71.377;[mm]
Dýþ Çap;71.484;[mm]
Dýþ Çap;71.505;[mm]
Dýþ Çap;71.536;[mm]
Dýþ Çap;71.505;[mm]
Dýþ Çap;71.555;[mm]
Dýþ Çap;71.524;[mm]
Dýþ Çap;71.480;[mm]
Dýþ Çap;71.510;[mm]
Dýþ Çap;71.484;[mm]
Dýþ Çap;71.395;[mm]
Dýþ Çap;71.486;[mm]
Dýþ Çap;71.467;[mm]
Dýþ Çap;71.566;[mm]
Dýþ Çap;71.466;[mm]
Dýþ Çap;71.422;[mm]
Dýþ Çap;71.518;[mm]
Dýþ Çap;71.507;[mm]
Dýþ Çap;71.474;[mm]
Dýþ Çap;71.558;[mm]
Dýþ Çap;71.452;[mm]
Dýþ Çap;71.452;[mm]
Dýþ Çap;71.492;[mm]
Dýþ Çap;71.483;[mm]
Dýþ Çap;71.460;[mm]
Dýþ Çap;71.479;[mm]
Dýþ Çap;71.444;[mm]
Dýþ Çap;71.452;[mm]
Dýþ Çap; ; 
Dýþ Çap;71.424;[mm]
Dýþ Çap;71.449;[mm]
Dýþ Çap;71.428;[mm]
Dýþ Çap;71.575;[mm]
Dýþ Çap;71.427;[mm]
Dýþ Çap;71.424;[mm]
Dýþ Çap;71.343;[mm]
Dýþ Çap;71.544;[mm]
Dýþ Çap;71.409;[mm]
Dýþ Çap;71.449;[mm]
Dýþ Çap;71.410;[mm]
Dýþ Çap;71.539;[mm]
Dýþ Çap;71.291;[mm]
Dýþ Çap;71.447;[mm]
Dýþ Çap;71.467;[mm]
Dýþ Çap;71.508;[mm]
Dýþ Çap;71.377;[mm]
Dýþ Çap;71.515;[mm]
Dýþ Çap;71.419;[mm]
Dýþ Çap;71.571;[mm]
Dýþ Çap;71.507;[mm]
Dýþ Çap;71.459;[mm]
Dýþ Çap;71.481;[mm]
Dýþ Çap;71.396;[mm]
Dýþ Çap;71.406;[mm]
Dýþ Çap;71.528;[mm]
Dýþ Çap;71.420;[mm]
Dýþ Çap;71.567;[mm]
Dýþ Çap;71.568;[mm]
Dýþ Çap;71.567;[mm]
Dýþ Çap;71.496;[mm]
Dýþ Çap;71.491;[mm]
Dýþ Çap;71.516;[mm]
Dýþ Çap;71.379;[mm]
Dýþ Çap;71.482;[mm]
Dýþ Çap;71.580;[mm]
Dýþ Çap;71.453;[mm]
Dýþ Çap;71.440;[mm]
Dýþ Çap;71.506;[mm]
Dýþ Çap;71.569;[mm]
Dýþ Çap;71.466;[mm]
Dýþ Çap;71.384;[mm]
Dýþ Çap;71.470;[mm]
Dýþ Çap;71.553;[mm]
Dýþ Çap;71.410;[mm]
Dýþ Çap;71.447;[mm]
Dýþ Çap;71.460;[mm]
Dýþ Çap;71.512;[mm]
Dýþ Çap;71.530;[mm]
Dýþ Çap;71.424;[mm]
Dýþ Çap;71.381;[mm]
Dýþ Çap;71.465;[mm]
Dýþ Çap;71.547;[mm]
Dýþ Çap;71.399;[mm]
Dýþ Çap;71.526;[mm]
Dýþ Çap;71.402;[mm]
Dýþ Çap;71.440;[mm]
Dýþ Çap;71.459;[mm]
Dýþ Çap;71.431;[mm]
Dýþ Çap;71.431;[mm]
Dýþ Çap;71.409;[mm]
Dýþ Çap;71.566;[mm]
Dýþ Çap;71.463;[mm]
Dýþ Çap;71.428;[mm]
Dýþ Çap;71.492;[mm]
Dýþ Çap;71.483;[mm]
Dýþ Çap;71.468;[mm]
Dýþ Çap;71.427;[mm]
Dýþ Çap;71.527;[mm]
Dýþ Çap;71.494;[mm]
Dýþ Çap;71.380;[mm]
Dýþ Çap;71.508;[mm]
Dýþ Çap;71.495;[mm]
Dýþ Çap;71.468;[mm]
Dýþ Çap;71.532;[mm]
Dýþ Çap;71.430;[mm]
Dýþ Çap;71.526;[mm]
Dýþ Çap;71.533;[mm]
Dýþ Çap;71.483;[mm]
Dýþ Çap;71.518;[mm]
Dýþ Çap;71.526;[mm]
Dýþ Çap;71.511;[mm]
Dýþ Çap;71.434;[mm]
Dýþ Çap;71.470;[mm]
Dýþ Çap;71.401;[mm]
Dýþ Çap;71.486;[mm]
Dýþ Çap;71.531;[mm]
Dýþ Çap;71.529;[mm]
Dýþ Çap;71.496;[mm]
Dýþ Çap;71.390;[mm]
Dýþ Çap;71.417;[mm]
Dýþ Çap;71.452;[mm]
Dýþ Çap;71.539;[mm]
Dýþ Çap;71.473;[mm]
Dýþ Çap;71.504;[mm]
Dýþ Çap;71.444;[mm]
Dýþ Çap;71.420;[mm]
Dýþ Çap;71.435;[mm]
Dýþ Çap;71.470;[mm]
Dýþ Çap;71.368;[mm]
Dýþ Çap;71.535;[mm]
Dýþ Çap;71.440;[mm]
Dýþ Çap;71.405;[mm]
Dýþ Çap;71.563;[mm]
Dýþ Çap;71.577;[mm]
Dýþ Çap;71.398;[mm]
Dýþ Çap;71.471;[mm]
Dýþ Çap;71.523;[mm]
Dýþ Çap;71.530;[mm]
Dýþ Çap;71.518;[mm]
Dýþ Çap;71.341;[mm]
Dýþ Çap;71.472;[mm]
Dýþ Çap;71.509;[mm]
Dýþ Çap;71.466;[mm]
Dýþ Çap;71.428;[mm]
Dýþ Çap;71.519;[mm]
Dýþ Çap;71.523;[mm]
Dýþ Çap;71.420;[mm]
Dýþ Çap;71.462;[mm]
Dýþ Çap;71.563;[mm]
Dýþ Çap;71.461;[mm]
Dýþ Çap;71.408;[mm]
Dýþ Çap;71.438;[mm]
Dýþ Çap;71.481;[mm]
Dýþ Çap;71.506;[mm]
Dýþ Çap;71.462;[mm]
Dýþ Çap;71.438;[mm]
Dýþ Çap;71.413;[mm]
Dýþ Çap;71.395;[mm]
Dýþ Çap;71.486;[mm]
Dýþ Çap;71.387;[mm]
Dýþ Çap;71.507;[mm]
Dýþ Çap;71.485;[mm]
Dýþ Çap;71.325;[mm]
Dýþ Çap;71.514;[mm]
Dýþ Çap;71.486;[mm]
Dýþ Çap;71.385;[mm]
Dýþ Çap;71.471;[mm]
Dýþ Çap;71.495;[mm]
Dýþ Çap;71.536;[mm]
Dýþ Çap;71.392;[mm]
Dýþ Çap;71.498;[mm]
Dýþ Çap;71.415;[mm]
Dýþ Çap;71.513;[mm]
Dýþ Çap;71.427;[mm]
Dýþ Çap;71.531;[mm]
Dýþ Çap;71.390;[mm]
Dýþ Çap;71.529;[mm]
Dýþ Çap;71.457;[mm]
Dýþ Çap;71.437;[mm]
Dýþ Çap;71.405;[mm]
Dýþ Çap;71.511;[mm]
Dýþ Çap;71.450;[mm]
Dýþ Çap;71.519;[mm]
Dýþ Çap;71.570;[mm]
Dýþ Çap;71.416;[mm]
Dýþ Çap;71.479;[mm]
Dýþ Çap;71.549;[mm]
Dýþ Çap;71.443;[mm]
Dýþ Çap;71.486;[mm]
Dýþ Çap;71.459;[mm]
Dýþ Çap;71.490;[mm]
Dýþ Çap;71.516;[mm]
Dýþ Çap;71.474;[mm]
Dýþ Çap;71.482;[mm]
Dýþ Çap;71.442;[mm]
Dýþ Çap;71.387;[mm]
Dýþ Çap;71.520;[mm]
Dýþ Çap;71.513;[mm]
Dýþ Çap;71.460;[mm]
Dýþ Çap;71.528;[mm]
Dýþ Çap;71.401;[mm]
Dýþ Çap;71.423;[mm]
Dýþ Çap;71.592;[mm]
Dýþ Çap;71.485;[mm]
Dýþ Çap;71.496;[mm]
Dýþ Çap;71.450;[mm]
Dýþ Çap;71.239;[mm]
Dýþ Çap;71.518;[mm]
Dýþ Çap;71.414;[mm]
Dýþ Çap;71.392;[mm]
Dýþ Çap;71.538;[mm]
Dýþ Çap;71.399;[mm]
Dýþ Çap;71.425;[mm]
Dýþ Çap;71.462;[mm]
Dýþ Çap;71.532;[mm]
Dýþ Çap;71.450;[mm]
Dýþ Çap;71.452;[mm]
Dýþ Çap;71.445;[mm]
Dýþ Çap;71.515;[mm]
Dýþ Çap;71.439;[mm]
Dýþ Çap;71.537;[mm]
Dýþ Çap;71.329;[mm]
Dýþ Çap;71.491;[mm]
Dýþ Çap;71.472;[mm]
Dýþ Çap;71.477;[mm]
Dýþ Çap;71.543;[mm]
Dýþ Çap;71.512;[mm]
Dýþ Çap;71.425;[mm]
Dýþ Çap;71.400;[mm]
Dýþ Çap;71.359;[mm]
Dýþ Çap;71.426;[mm]
Dýþ Çap;71.428;[mm]
Dýþ Çap;71.410;[mm]
Dýþ Çap;71.453;[mm]
Dýþ Çap;71.487;[mm]
Dýþ Çap;71.393;[mm]
Dýþ Çap;71.483;[mm]
Dýþ Çap;71.583;[mm]
Dýþ Çap;71.454;[mm]
Dýþ Çap;71.446;[mm]
Dýþ Çap;71.458;[mm]
Dýþ Çap;71.437;[mm]
Dýþ Çap;71.574;[mm]
Dýþ Çap;71.445;[mm]
Dýþ Çap;71.466;[mm]
Dýþ Çap;72.829;[mm]
Dýþ Çap;71.421;[mm]
Dýþ Çap;71.523;[mm]
Dýþ Çap;71.491;[mm]
Dýþ Çap;71.502;[mm]
Dýþ Çap;71.487;[mm]
Dýþ Çap;71.478;[mm]
Dýþ Çap;71.399;[mm]
Dýþ Çap;71.469;[mm]
Dýþ Çap;71.488;[mm]
Dýþ Çap;71.514;[mm]
Dýþ Çap;71.470;[mm]
Dýþ Çap;71.449;[mm]
Dýþ Çap;71.494;[mm]
Dýþ Çap;71.520;[mm]
Dýþ Çap;71.518;[mm]
Dýþ Çap;71.316;[mm]
Dýþ Çap;71.480;[mm]
Dýþ Çap;71.554;[mm]
Dýþ Çap;71.566;[mm]
Dýþ Çap;71.597;[mm]
Dýþ Çap;71.457;[mm]
Dýþ Çap;71.506;[mm]
Dýþ Çap;71.561;[mm]
Dýþ Çap;71.479;[mm]
Dýþ Çap;71.495;[mm]
Dýþ Çap;71.505;[mm]
Dýþ Çap;71.460;[mm]
Dýþ Çap;71.442;[mm]
Dýþ Çap;71.478;[mm]
Dýþ Çap;71.539;[mm]
Dýþ Çap;71.584;[mm]
Dýþ Çap;71.410;[mm]
Dýþ Çap;71.316;[mm]
Dýþ Çap;71.576;[mm]
Dýþ Çap;71.502;[mm]
Dýþ Çap;71.225;[mm]
Dýþ Çap;71.482;[mm]
Dýþ Çap;71.392;[mm]
Dýþ Çap;71.499;[mm]
Dýþ Çap;71.584;[mm]
Dýþ Çap;71.531;[mm]
Dýþ Çap;71.464;[mm]
Dýþ Çap;71.501;[mm]
Dýþ Çap;71.546;[mm]
Dýþ Çap;71.897;[mm]
Dýþ Çap;71.481;[mm]
Dýþ Çap;71.412;[mm]
Dýþ Çap;71.406;[mm]
Dýþ Çap;71.502;[mm]
Dýþ Çap;71.449;[mm]
Dýþ Çap;71.381;[mm]
Dýþ Çap;71.584;[mm]
Dýþ Çap;71.522;[mm]
Dýþ Çap;71.429;[mm]
Dýþ Çap;71.453;[mm]
Dýþ Çap;71.464;[mm]
Dýþ Çap;71.408;[mm]
Dýþ Çap;71.544;[mm]
Dýþ Çap;71.397;[mm]
Dýþ Çap;71.463;[mm]
Dýþ Çap;71.400;[mm]
Dýþ Çap;71.476;[mm]
Dýþ Çap;71.475;[mm]
Dýþ Çap;71.475;[mm]
Dýþ Çap;71.403;[mm]
Dýþ Çap;71.307;[mm]
Dýþ Çap;71.470;[mm]
Dýþ Çap;71.459;[mm]
Dýþ Çap;71.463;[mm]
Dýþ Çap;71.513;[mm]
Dýþ Çap;71.434;[mm]
Dýþ Çap;71.432;[mm]
Dýþ Çap;71.469;[mm]
Dýþ Çap;71.481;[mm]
Dýþ Çap;71.444;[mm]
Dýþ Çap;71.532;[mm]
Dýþ Çap;71.434;[mm]
Dýþ Çap;71.570;[mm]
Dýþ Çap;71.403;[mm]
Dýþ Çap;71.451;[mm]
Dýþ Çap;71.485;[mm]
Dýþ Çap;71.451;[mm]
Dýþ Çap;71.470;[mm]
Dýþ Çap;71.542;[mm]
Dýþ Çap;71.475;[mm]
Dýþ Çap;71.468;[mm]
Dýþ Çap;71.580;[mm]
Dýþ Çap;71.468;[mm]
Dýþ Çap;71.505;[mm]
Dýþ Çap;71.509;[mm]
Dýþ Çap;71.499;[mm]
Dýþ Çap;71.484;[mm]
Dýþ Çap;71.463;[mm]
Dýþ Çap;71.442;[mm]
Dýþ Çap;71.419;[mm]
Dýþ Çap;71.407;[mm]
Dýþ Çap;71.499;[mm]
Dýþ Çap;71.513;[mm]
Dýþ Çap;71.235;[mm]
Dýþ Çap;71.463;[mm]
Dýþ Çap;71.473;[mm]
Dýþ Çap;71.483;[mm]
Dýþ Çap;71.518;[mm]
Dýþ Çap;71.583;[mm]
Dýþ Çap;71.421;[mm]
Dýþ Çap;71.464;[mm]
Dýþ Çap;71.449;[mm]
Dýþ Çap;71.476;[mm]
Dýþ Çap;71.502;[mm]
Dýþ Çap;71.500;[mm]
Dýþ Çap;71.471;[mm]
Dýþ Çap;71.453;[mm]
Dýþ Çap;71.495;[mm]
Dýþ Çap;71.446;[mm]
Dýþ Çap;71.417;[mm]
Dýþ Çap;71.502;[mm]
Dýþ Çap;71.488;[mm]
Dýþ Çap;71.414;[mm]
Dýþ Çap;71.507;[mm]
Dýþ Çap;71.493;[mm]
Dýþ Çap;71.545;[mm]
Dýþ Çap;71.462;[mm]
Dýþ Çap;71.415;[mm]
Dýþ Çap;71.615;[mm]
Dýþ Çap;71.427;[mm]
Dýþ Çap;71.521;[mm]
Dýþ Çap;71.501;[mm]
Dýþ Çap;71.471;[mm]
Dýþ Çap;71.448;[mm]
Dýþ Çap;71.446;[mm]
Dýþ Çap;71.435;[mm]
Dýþ Çap;71.486;[mm]
Dýþ Çap;71.399;[mm]
Dýþ Çap;71.547;[mm]
Dýþ Çap;71.427;[mm]
Dýþ Çap;71.479;[mm]
Dýþ Çap;71.495;[mm]
Dýþ Çap;71.362;[mm]
Dýþ Çap;71.417;[mm]
Dýþ Çap;71.489;[mm]
Dýþ Çap;71.508;[mm]
Dýþ Çap;71.474;[mm]
Dýþ Çap;71.353;[mm]
Dýþ Çap;71.465;[mm]
Dýþ Çap;71.438;[mm]
Dýþ Çap;71.553;[mm]
Dýþ Çap;71.476;[mm]
Dýþ Çap;71.532;[mm]
Dýþ Çap;71.363;[mm]
Dýþ Çap;71.537;[mm]
Dýþ Çap;71.331;[mm]
Dýþ Çap;71.406;[mm]
Dýþ Çap;71.469;[mm]
Dýþ Çap;71.315;[mm]
Dýþ Çap;71.513;[mm]
Dýþ Çap;71.455;[mm]
Dýþ Çap;71.465;[mm]
Dýþ Çap;71.376;[mm]
Dýþ Çap;71.477;[mm]
Dýþ Çap;71.569;[mm]
Dýþ Çap;71.433;[mm]
Dýþ Çap;71.472;[mm]
Dýþ Çap;71.419;[mm]
Dýþ Çap;71.466;[mm]
Dýþ Çap;71.524;[mm]
Dýþ Çap;71.475;[mm]
Dýþ Çap;71.471;[mm]
Dýþ Çap;71.512;[mm]
Dýþ Çap;71.427;[mm]
Dýþ Çap;71.478;[mm]
Dýþ Çap;71.418;[mm]
Dýþ Çap;71.444;[mm]
Dýþ Çap;71.473;[mm]
Dýþ Çap;71.421;[mm]
Dýþ Çap;71.463;[mm]
Dýþ Çap;71.499;[mm]
Dýþ Çap;71.519;[mm]
Dýþ Çap;71.410;[mm]
Dýþ Çap;71.517;[mm]
Dýþ Çap;71.530;[mm]
Dýþ Çap;71.563;[mm]
Dýþ Çap;71.506;[mm]
Dýþ Çap;71.477;[mm]
Dýþ Çap;71.494;[mm]
Dýþ Çap;71.343;[mm]
Dýþ Çap;71.450;[mm]
Dýþ Çap;71.476;[mm]
Dýþ Çap;71.501;[mm]
Dýþ Çap;71.531;[mm]
Dýþ Çap;71.464;[mm]
Dýþ Çap;71.401;[mm]
Dýþ Çap;71.357;[mm]
Dýþ Çap;71.436;[mm]
Dýþ Çap;71.548;[mm]
Dýþ Çap;71.452;[mm]
Dýþ Çap;71.448;[mm]
Dýþ Çap;71.551;[mm]
Dýþ Çap;71.554;[mm]
Dýþ Çap;71.527;[mm]
Dýþ Çap;71.459;[mm]
Dýþ Çap;71.515;[mm]
Dýþ Çap;71.472;[mm]
Dýþ Çap;71.491;[mm]
Dýþ Çap;71.420;[mm]
Dýþ Çap;71.481;[mm]
Dýþ Çap;71.452;[mm]
Dýþ Çap;71.428;[mm]
Dýþ Çap;71.439;[mm]
Dýþ Çap;71.481;[mm]
Dýþ Çap;71.464;[mm]
Dýþ Çap;71.470;[mm]
Dýþ Çap;71.564;[mm]
Dýþ Çap;71.293;[mm]
Dýþ Çap;71.467;[mm]
Dýþ Çap;71.451;[mm]
Dýþ Çap;71.425;[mm]
Dýþ Çap;71.500;[mm]
Dýþ Çap;71.471;[mm]
Dýþ Çap;71.391;[mm]
Dýþ Çap;71.500;[mm]
Dýþ Çap;71.473;[mm]
Dýþ Çap;71.463;[mm]
Dýþ Çap;71.440;[mm]
Dýþ Çap;71.370;[mm]
Dýþ Çap;71.383;[mm]
Dýþ Çap;71.437;[mm]
Dýþ Çap;71.209;[mm]
Dýþ Çap;71.392;[mm]
Dýþ Çap;71.485;[mm]
Dýþ Çap;71.452;[mm]
Dýþ Çap;71.463;[mm]
Dýþ Çap;71.473;[mm]
Dýþ Çap;71.474;[mm]
Dýþ Çap;71.566;[mm]
Dýþ Çap;71.530;[mm]
Dýþ Çap;71.505;[mm]
Dýþ Çap;71.434;[mm]
Dýþ Çap;71.467;[mm]
Dýþ Çap;71.393;[mm]
Dýþ Çap;71.463;[mm]
Dýþ Çap;71.452;[mm]
Dýþ Çap;71.421;[mm]
Dýþ Çap;71.445;[mm]
Dýþ Çap;71.425;[mm]
Dýþ Çap;71.591;[mm]
Dýþ Çap;71.501;[mm]
Dýþ Çap;71.419;[mm]
Dýþ Çap;71.452;[mm]
Dýþ Çap;71.554;[mm]
Dýþ Çap;71.502;[mm]
Dýþ Çap;71.448;[mm]
Dýþ Çap;71.571;[mm]
Dýþ Çap;71.417;[mm]
Dýþ Çap;71.500;[mm]
Dýþ Çap;71.420;[mm]
Dýþ Çap;71.422;[mm]
Dýþ Çap;71.399;[mm]
Dýþ Çap;71.437;[mm]
Dýþ Çap;71.470;[mm]
Dýþ Çap;71.531;[mm]
Dýþ Çap;71.473;[mm]
Dýþ Çap;71.428;[mm]
Dýþ Çap;71.446;[mm]
Dýþ Çap;71.503;[mm]
Dýþ Çap;71.517;[mm]
Dýþ Çap;71.454;[mm]
Dýþ Çap;71.424;[mm]
Dýþ Çap;71.424;[mm]
Dýþ Çap;71.367;[mm]
Dýþ Çap;71.502;[mm]
Dýþ Çap;71.311;[mm]
Dýþ Çap;71.378;[mm]
Dýþ Çap;71.291;[mm]
Dýþ Çap;71.487;[mm]
Dýþ Çap;71.576;[mm]
Dýþ Çap;71.435;[mm]
Dýþ Çap;71.533;[mm]
Dýþ Çap;71.541;[mm]
Dýþ Çap;71.410;[mm]
Dýþ Çap;71.503;[mm]
Dýþ Çap;71.549;[mm]
Dýþ Çap;71.481;[mm]
Dýþ Çap;71.294;[mm]
Dýþ Çap;71.437;[mm]
Dýþ Çap;71.441;[mm]
Dýþ Çap;71.459;[mm]
Dýþ Çap;71.403;[mm]
Dýþ Çap;71.428;[mm]
Dýþ Çap;71.488;[mm]
Dýþ Çap;71.419;[mm]
Dýþ Çap;71.375;[mm]
Dýþ Çap;71.424;[mm]
Dýþ Çap;71.556;[mm]
Dýþ Çap;71.621;[mm]
Dýþ Çap;71.477;[mm]
Dýþ Çap;71.454;[mm]
Dýþ Çap;71.488;[mm]
Dýþ Çap;71.424;[mm]
Dýþ Çap;71.513;[mm]
Dýþ Çap;71.516;[mm]
Dýþ Çap; ; 
Dýþ Çap;71.512;[mm]
Dýþ Çap;71.423;[mm]
Dýþ Çap;71.523;[mm]
Dýþ Çap;71.461;[mm]
Dýþ Çap;71.447;[mm]
Dýþ Çap;71.095;[mm]
Dýþ Çap;71.451;[mm]
Dýþ Çap;71.524;[mm]
Dýþ Çap;71.436;[mm]
Dýþ Çap;71.447;[mm]
Dýþ Çap;71.409;[mm]
Dýþ Çap;71.450;[mm]
Dýþ Çap;71.520;[mm]
Dýþ Çap;71.475;[mm]
Dýþ Çap;71.450;[mm]
Dýþ Çap;71.351;[mm]
Dýþ Çap;71.378;[mm]
Dýþ Çap;71.464;[mm]
Dýþ Çap;71.548;[mm]
Dýþ Çap;71.491;[mm]
Dýþ Çap;71.568;[mm]
Dýþ Çap;71.494;[mm]
Dýþ Çap;71.440;[mm]
Dýþ Çap;71.446;[mm]
Dýþ Çap;71.455;[mm]
Dýþ Çap;71.514;[mm]
Dýþ Çap;71.416;[mm]
Dýþ Çap;71.527;[mm]
Dýþ Çap;71.512;[mm]
Dýþ Çap;71.577;[mm]
Dýþ Çap;71.479;[mm]
Dýþ Çap;71.378;[mm]
Dýþ Çap;71.548;[mm]
Dýþ Çap;71.528;[mm]
Dýþ Çap;71.439;[mm]
Dýþ Çap;71.375;[mm]
Dýþ Çap;71.462;[mm]
Dýþ Çap;71.475;[mm]
Dýþ Çap;71.408;[mm]
Dýþ Çap;71.453;[mm]
Dýþ Çap;71.566;[mm]
Dýþ Çap;71.434;[mm]
Dýþ Çap;71.399;[mm]
Dýþ Çap;71.468;[mm]
Dýþ Çap;71.558;[mm]
Dýþ Çap;71.562;[mm]
Dýþ Çap;71.483;[mm]
Dýþ Çap;71.484;[mm]
Dýþ Çap;71.454;[mm]
Dýþ Çap;71.534;[mm]
Dýþ Çap;71.314;[mm]
Dýþ Çap;71.457;[mm]
Dýþ Çap;71.456;[mm]
Dýþ Çap;71.434;[mm]
Dýþ Çap;71.546;[mm]
Dýþ Çap;71.371;[mm]
Dýþ Çap;71.498;[mm]
Dýþ Çap;71.435;[mm]
Dýþ Çap;71.390;[mm]
Dýþ Çap;71.391;[mm]
Dýþ Çap;71.496;[mm]
Dýþ Çap;71.473;[mm]
Dýþ Çap;71.379;[mm]
Dýþ Çap;71.441;[mm]
Dýþ Çap;71.443;[mm]
Dýþ Çap;71.513;[mm]
Dýþ Çap;71.383;[mm]
Dýþ Çap;71.593;[mm]
Dýþ Çap;71.459;[mm]
Dýþ Çap;71.433;[mm]
Dýþ Çap;71.477;[mm]
Dýþ Çap;71.249;[mm]
Dýþ Çap;71.435;[mm]
Dýþ Çap;71.379;[mm]
Dýþ Çap;71.381;[mm]
Dýþ Çap;71.495;[mm]
Dýþ Çap;71.455;[mm]
Dýþ Çap; ; 
Dýþ Çap;71.447;[mm]
Dýþ Çap;71.457;[mm]
Dýþ Çap;71.477;[mm]
Dýþ Çap;71.418;[mm]
Dýþ Çap;71.476;[mm]
Dýþ Çap;71.531;[mm]
Dýþ Çap;71.380;[mm]
Dýþ Çap;71.476;[mm]
Dýþ Çap;71.509;[mm]
Dýþ Çap;71.439;[mm]
Dýþ Çap;71.505;[mm]
Dýþ Çap;71.423;[mm]
Dýþ Çap;71.401;[mm]
Dýþ Çap;71.486;[mm]
Dýþ Çap;71.455;[mm]
Dýþ Çap;71.394;[mm]
Dýþ Çap;71.420;[mm]
Dýþ Çap;71.553;[mm]
Dýþ Çap;71.442;[mm]
Dýþ Çap;71.532;[mm]
Dýþ Çap;71.561;[mm]
Dýþ Çap;71.538;[mm]
Dýþ Çap;71.456;[mm]
Dýþ Çap;71.387;[mm]
Dýþ Çap;71.467;[mm]
Dýþ Çap;71.438;[mm]
Dýþ Çap;71.384;[mm]
Dýþ Çap;71.507;[mm]
Dýþ Çap;71.527;[mm]
Dýþ Çap;71.446;[mm]
Dýþ Çap;71.529;[mm]
Dýþ Çap;71.464;[mm]
Dýþ Çap;71.431;[mm]
Dýþ Çap;71.499;[mm]
Dýþ Çap;71.502;[mm]
Dýþ Çap;71.480;[mm]
Dýþ Çap;71.523;[mm]
Dýþ Çap;71.505;[mm]
Dýþ Çap;71.453;[mm]
Dýþ Çap;71.400;[mm]
Dýþ Çap;71.496;[mm]
Dýþ Çap;71.474;[mm]
Dýþ Çap;71.528;[mm]
Dýþ Çap;71.523;[mm]
Dýþ Çap;71.475;[mm]
Dýþ Çap;71.456;[mm]
Dýþ Çap;71.401;[mm]
Dýþ Çap;71.481;[mm]
Dýþ Çap;71.428;[mm]
Dýþ Çap;71.473;[mm]
Dýþ Çap;71.507;[mm]
Dýþ Çap;71.458;[mm]
Dýþ Çap;71.517;[mm]
Dýþ Çap;71.453;[mm]
Dýþ Çap;71.386;[mm]
Dýþ Çap;71.327;[mm]
Dýþ Çap;71.481;[mm]
Dýþ Çap;71.451;[mm]
Dýþ Çap;71.472;[mm]
Dýþ Çap;71.461;[mm]
Dýþ Çap;71.435;[mm]
Dýþ Çap;71.452;[mm]
Dýþ Çap;71.498;[mm]
Dýþ Çap;71.398;[mm]
Dýþ Çap;71.476;[mm]
Dýþ Çap;71.413;[mm]
Dýþ Çap;71.455;[mm]
Dýþ Çap;71.408;[mm]
Dýþ Çap;71.442;[mm]
Dýþ Çap;71.388;[mm]
Dýþ Çap;71.522;[mm]
Dýþ Çap;71.443;[mm]
Dýþ Çap;71.450;[mm]
Dýþ Çap;71.417;[mm]
Dýþ Çap;71.517;[mm]
Dýþ Çap;71.489;[mm]
Dýþ Çap;71.466;[mm]
Dýþ Çap;71.392;[mm]
Dýþ Çap;71.519;[mm]
Dýþ Çap;71.436;[mm]
Dýþ Çap;71.479;[mm]
Dýþ Çap;71.432;[mm]
Dýþ Çap;71.428;[mm]
Dýþ Çap;71.459;[mm]
Dýþ Çap;71.537;[mm]
Dýþ Çap;71.515;[mm]
Dýþ Çap;71.431;[mm]
Dýþ Çap;71.406;[mm]
Dýþ Çap;71.480;[mm]
Dýþ Çap;71.485;[mm]
Dýþ Çap;71.410;[mm]
Dýþ Çap;71.475;[mm]
Dýþ Çap;71.495;[mm]
Dýþ Çap;71.470;[mm]
Dýþ Çap;71.449;[mm]
Dýþ Çap;71.443;[mm]
Dýþ Çap;71.462;[mm]
Dýþ Çap;71.484;[mm]
Dýþ Çap;71.495;[mm]
Dýþ Çap;71.513;[mm]
Dýþ Çap;71.509;[mm]
Dýþ Çap;71.459;[mm]
Dýþ Çap;71.488;[mm]
Dýþ Çap;71.590;[mm]
Dýþ Çap;71.501;[mm]
Dýþ Çap;71.400;[mm]
Dýþ Çap;71.503;[mm]
Dýþ Çap;71.496;[mm]
Dýþ Çap;71.431;[mm]
Dýþ Çap;71.265;[mm]
Dýþ Çap;71.426;[mm]
Dýþ Çap;71.418;[mm]
Dýþ Çap;71.533;[mm]
Dýþ Çap;71.465;[mm]
Dýþ Çap;71.450;[mm]
Dýþ Çap;71.468;[mm]
Dýþ Çap;71.465;[mm]
Dýþ Çap;71.370;[mm]
Dýþ Çap;71.403;[mm]
Dýþ Çap;71.465;[mm]
Dýþ Çap;71.514;[mm]
Dýþ Çap;71.598;[mm]
Dýþ Çap;71.484;[mm]
Dýþ Çap;71.521;[mm]
Dýþ Çap;71.436;[mm]
Dýþ Çap;71.536;[mm]
Dýþ Çap;71.531;[mm]
Dýþ Çap;71.463;[mm]
Dýþ Çap;71.365;[mm]
Dýþ Çap;71.416;[mm]
Dýþ Çap;71.418;[mm]
Dýþ Çap;71.431;[mm]
Dýþ Çap;71.448;[mm]
Dýþ Çap;71.509;[mm]
Dýþ Çap;71.406;[mm]
Dýþ Çap;71.507;[mm]
Dýþ Çap;71.507;[mm]
Dýþ Çap;71.430;[mm]
Dýþ Çap;71.446;[mm]
Dýþ Çap;71.521;[mm]
Dýþ Çap;71.371;[mm]
Dýþ Çap;71.488;[mm]
Dýþ Çap;71.486;[mm]
Dýþ Çap;71.486;[mm]
Dýþ Çap;71.492;[mm]
Dýþ Çap;71.465;[mm]
Dýþ Çap;71.470;[mm]
Dýþ Çap;71.401;[mm]
Dýþ Çap;71.473;[mm]
Dýþ Çap;71.485;[mm]
Dýþ Çap;71.432;[mm]
Dýþ Çap;71.458;[mm]
Dýþ Çap;71.261;[mm]
Dýþ Çap;71.511;[mm]
Dýþ Çap;71.515;[mm]
Dýþ Çap;71.464;[mm]
Dýþ Çap;71.357;[mm]
Dýþ Çap;71.497;[mm]
Dýþ Çap;71.444;[mm]
Dýþ Çap;71.399;[mm]
Dýþ Çap;71.453;[mm]
Dýþ Çap;71.449;[mm]
Dýþ Çap;71.464;[mm]
Dýþ Çap;71.407;[mm]
Dýþ Çap;71.451;[mm]
Dýþ Çap;71.491;[mm]
Dýþ Çap;71.423;[mm]
Dýþ Çap;71.483;[mm]
Dýþ Çap;71.498;[mm]
Dýþ Çap;71.462;[mm]
Dýþ Çap;71.417;[mm]
Dýþ Çap;71.450;[mm]
Dýþ Çap;71.507;[mm]
Dýþ Çap;71.332;[mm]
Dýþ Çap;71.420;[mm]
Dýþ Çap;71.402;[mm]
Dýþ Çap;71.439;[mm]
Dýþ Çap;71.299;[mm]
Dýþ Çap;71.496;[mm]
Dýþ Çap;71.503;[mm]
Dýþ Çap;71.375;[mm]
Dýþ Çap;71.464;[mm]
Dýþ Çap;71.482;[mm]
Dýþ Çap;71.539;[mm]
Dýþ Çap;71.427;[mm]
Dýþ Çap;71.212;[mm]
Dýþ Çap;71.537;[mm]
Dýþ Çap;71.472;[mm]
Dýþ Çap;71.501;[mm]
Dýþ Çap;71.467;[mm]
Dýþ Çap;71.491;[mm]
Dýþ Çap;71.496;[mm]
Dýþ Çap;71.418;[mm]
Dýþ Çap;71.514;[mm]
Dýþ Çap;71.536;[mm]
Dýþ Çap;71.469;[mm]
Dýþ Çap;71.509;[mm]
Dýþ Çap;71.586;[mm]
Dýþ Çap;71.486;[mm]
Dýþ Çap;71.431;[mm]
Dýþ Çap;71.467;[mm]
Dýþ Çap;71.554;[mm]
Dýþ Çap;71.518;[mm]
Dýþ Çap;71.487;[mm]
Dýþ Çap;71.455;[mm]
Dýþ Çap;71.448;[mm]
Dýþ Çap;71.490;[mm]
Dýþ Çap;71.419;[mm]
Dýþ Çap;71.364;[mm]
Dýþ Çap;71.470;[mm]
Dýþ Çap;71.505;[mm]
Dýþ Çap;71.303;[mm]
Dýþ Çap;71.391;[mm]
Dýþ Çap;71.465;[mm]
Dýþ Çap;71.475;[mm]
Dýþ Çap;71.486;[mm]
Dýþ Çap;71.454;[mm]
Dýþ Çap;71.508;[mm]
Dýþ Çap;71.457;[mm]
Dýþ Çap;71.280;[mm]
Dýþ Çap;71.493;[mm]
Dýþ Çap;71.496;[mm]
Dýþ Çap;71.474;[mm]
Dýþ Çap;71.483;[mm]
Dýþ Çap;71.484;[mm]
Dýþ Çap;71.452;[mm]
Dýþ Çap;71.445;[mm]
Dýþ Çap;71.605;[mm]
Dýþ Çap;71.388;[mm]
Dýþ Çap;71.504;[mm]
Dýþ Çap;71.546;[mm]
Dýþ Çap;71.418;[mm]
Dýþ Çap;71.391;[mm]
Dýþ Çap;71.437;[mm]
Dýþ Çap;71.489;[mm]
Dýþ Çap;71.426;[mm]
Dýþ Çap;71.470;[mm]
Dýþ Çap;71.485;[mm]
Dýþ Çap;71.423;[mm]
Dýþ Çap;71.511;[mm]
Dýþ Çap;71.521;[mm]
Dýþ Çap;71.458;[mm]
Dýþ Çap;71.416;[mm]
Dýþ Çap;71.445;[mm]
Dýþ Çap;71.574;[mm]
Dýþ Çap;71.495;[mm]
Dýþ Çap;71.365;[mm]
Dýþ Çap;71.519;[mm]
Dýþ Çap;71.492;[mm]
Dýþ Çap;71.465;[mm]
Dýþ Çap;71.366;[mm]
Dýþ Çap;71.367;[mm]
Dýþ Çap;71.531;[mm]
Dýþ Çap;71.482;[mm]
Dýþ Çap;71.450;[mm]
Dýþ Çap;71.383;[mm]
Dýþ Çap;71.399;[mm]
Dýþ Çap;71.459;[mm]
Dýþ Çap;71.458;[mm]
Dýþ Çap;71.505;[mm]
Dýþ Çap;71.439;[mm]
Dýþ Çap;71.476;[mm]
Dýþ Çap;71.580;[mm]
Dýþ Çap;71.486;[mm]
Dýþ Çap;71.525;[mm]
Dýþ Çap;71.458;[mm]
Dýþ Çap;71.505;[mm]
Dýþ Çap;71.486;[mm]
Dýþ Çap;71.508;[mm]
Dýþ Çap;71.317;[mm]
Dýþ Çap;71.412;[mm]
Dýþ Çap;71.510;[mm]
Dýþ Çap;71.491;[mm]
Dýþ Çap;71.419;[mm]
Dýþ Çap;71.465;[mm]
Dýþ Çap;71.479;[mm]
Dýþ Çap;71.466;[mm]
Dýþ Çap;71.451;[mm]
Dýþ Çap;71.438;[mm]
Dýþ Çap;71.514;[mm]
Dýþ Çap;71.480;[mm]
Dýþ Çap;71.492;[mm]
Dýþ Çap;71.467;[mm]
Dýþ Çap;71.426;[mm]
Dýþ Çap;71.372;[mm]
Dýþ Çap;71.547;[mm]
Dýþ Çap;71.491;[mm]
Dýþ Çap;71.492;[mm]
Dýþ Çap;71.445;[mm]
Dýþ Çap;71.561;[mm]
Dýþ Çap;71.444;[mm]
Dýþ Çap;71.501;[mm]
Dýþ Çap;71.420;[mm]
Dýþ Çap;71.339;[mm]
Dýþ Çap;71.527;[mm]
Dýþ Çap;71.516;[mm]
Dýþ Çap;71.472;[mm]
Dýþ Çap;71.468;[mm]
Dýþ Çap;71.484;[mm]
Dýþ Çap;71.519;[mm]
Dýþ Çap;71.501;[mm]
Dýþ Çap;71.452;[mm]
Dýþ Çap;71.446;[mm]
Dýþ Çap;71.398;[mm]
Dýþ Çap;71.465;[mm]
Dýþ Çap;71.440;[mm]
Dýþ Çap;71.448;[mm]
Dýþ Çap;71.504;[mm]
Dýþ Çap;71.508;[mm]
Dýþ Çap;71.454;[mm]
Dýþ Çap;71.421;[mm]
Dýþ Çap;71.463;[mm]
Dýþ Çap;71.428;[mm]
Dýþ Çap;71.521;[mm]
Dýþ Çap;71.487;[mm]
Dýþ Çap;71.429;[mm]
Dýþ Çap;71.415;[mm]
Dýþ Çap;71.473;[mm]
Dýþ Çap;71.463;[mm]
Dýþ Çap;71.409;[mm]
Dýþ Çap;71.496;[mm]
Dýþ Çap;71.439;[mm]
Dýþ Çap;71.406;[mm]
Dýþ Çap;71.486;[mm]
Dýþ Çap;71.439;[mm]
Dýþ Çap;71.420;[mm]
Dýþ Çap;71.506;[mm]
Dýþ Çap;71.516;[mm]
Dýþ Çap;71.420;[mm]
Dýþ Çap;71.480;[mm]
Dýþ Çap;71.563;[mm]
Dýþ Çap;71.420;[mm]
Dýþ Çap;71.490;[mm]
Dýþ Çap;71.426;[mm]
Dýþ Çap;71.391;[mm]
Dýþ Çap;71.433;[mm]
Dýþ Çap;71.433;[mm]
Dýþ Çap;71.418;[mm]
Dýþ Çap;71.457;[mm]
Dýþ Çap;71.492;[mm]
Dýþ Çap;71.530;[mm]
Dýþ Çap;71.439;[mm]
Dýþ Çap;71.404;[mm]
Dýþ Çap;71.435;[mm]
Dýþ Çap;71.397;[mm]
Dýþ Çap;71.386;[mm]
Dýþ Çap;71.518;[mm]
Dýþ Çap;71.460;[mm]
Dýþ Çap;71.471;[mm]
Dýþ Çap;71.508;[mm]
Dýþ Çap;71.512;[mm]
Dýþ Çap;71.453;[mm]
Dýþ Çap;71.471;[mm]
Dýþ Çap;71.541;[mm]
Dýþ Çap;71.477;[mm]
Dýþ Çap;71.333;[mm]
Dýþ Çap;71.377;[mm]
Dýþ Çap;71.525;[mm]
Dýþ Çap;71.400;[mm]
Dýþ Çap;71.421;[mm]
Dýþ Çap;71.453;[mm]
Dýþ Çap;71.451;[mm]
Dýþ Çap;71.409;[mm]
Dýþ Çap;71.432;[mm]
Dýþ Çap;71.455;[mm]
Dýþ Çap;71.466;[mm]
Dýþ Çap;71.453;[mm]
Dýþ Çap;71.439;[mm]
Dýþ Çap;71.449;[mm]
Dýþ Çap;71.379;[mm]
Dýþ Çap;71.513;[mm]
Dýþ Çap;71.410;[mm]
Dýþ Çap;71.419;[mm]
Dýþ Çap;71.499;[mm]
Dýþ Çap;71.498;[mm]
Dýþ Çap;71.591;[mm]
Dýþ Çap;71.468;[mm]
Dýþ Çap;71.411;[mm]
Dýþ Çap;71.447;[mm]
Dýþ Çap;71.238;[mm]
Dýþ Çap;71.438;[mm]
Dýþ Çap;71.524;[mm]
Dýþ Çap;71.381;[mm]
Dýþ Çap;71.552;[mm]
Dýþ Çap;71.431;[mm]
Dýþ Çap;71.464;[mm]
Dýþ Çap;71.576;[mm]
Dýþ Çap;71.512;[mm]
Dýþ Çap;71.404;[mm]
Dýþ Çap;71.433;[mm]
Dýþ Çap;71.446;[mm]
Dýþ Çap;71.420;[mm]
Dýþ Çap;71.494;[mm]
Dýþ Çap;71.450;[mm]
Dýþ Çap;71.469;[mm]
Dýþ Çap;71.245;[mm]
Dýþ Çap;71.403;[mm]
Dýþ Çap;71.506;[mm]
Dýþ Çap;71.577;[mm]
Dýþ Çap;71.502;[mm]
Dýþ Çap;71.457;[mm]
Dýþ Çap;71.561;[mm]
Dýþ Çap;71.523;[mm]
Dýþ Çap;71.454;[mm]
Dýþ Çap;71.530;[mm]
Dýþ Çap;71.485;[mm]
Dýþ Çap;71.456;[mm]
Dýþ Çap;71.498;[mm]
Dýþ Çap;71.478;[mm]
Dýþ Çap;71.435;[mm]
Dýþ Çap;71.463;[mm]
Dýþ Çap;71.508;[mm]
Dýþ Çap;71.521;[mm]
Dýþ Çap;71.457;[mm]
Dýþ Çap;71.435;[mm]
Dýþ Çap;71.429;[mm]
Dýþ Çap;71.496;[mm]
Dýþ Çap;71.480;[mm]
Dýþ Çap;71.456;[mm]
Dýþ Çap;71.539;[mm]
Dýþ Çap;71.478;[mm]
Dýþ Çap;71.437;[mm]
Dýþ Çap;71.481;[mm]
Dýþ Çap;71.433;[mm]
Dýþ Çap; ; 
Dýþ Çap;71.444;[mm]
Dýþ Çap;71.487;[mm]
Dýþ Çap;71.463;[mm]
Dýþ Çap;71.386;[mm]
Dýþ Çap;71.510;[mm]
Dýþ Çap;71.482;[mm]
Dýþ Çap;71.431;[mm]
Dýþ Çap;71.467;[mm]
Dýþ Çap;71.551;[mm]
Dýþ Çap;71.456;[mm]
Dýþ Çap;71.513;[mm]
Dýþ Çap;71.364;[mm]
Dýþ Çap;71.548;[mm]
Dýþ Çap;71.428;[mm]
Dýþ Çap;71.446;[mm]
Dýþ Çap;71.478;[mm]
Dýþ Çap;71.514;[mm]
Dýþ Çap;71.408;[mm]
Dýþ Çap;71.399;[mm]
Dýþ Çap;71.519;[mm]
Dýþ Çap;71.435;[mm]
Dýþ Çap;71.447;[mm]
Dýþ Çap;71.501;[mm]
Dýþ Çap;71.544;[mm]
Dýþ Çap; ; 
Dýþ Çap;71.476;[mm]
Dýþ Çap;71.385;[mm]
Dýþ Çap;71.481;[mm]
Dýþ Çap;71.371;[mm]
Dýþ Çap;71.455;[mm]
Dýþ Çap;71.426;[mm]
Dýþ Çap;71.449;[mm]
Dýþ Çap;71.435;[mm]
Dýþ Çap;71.458;[mm]
Dýþ Çap;71.489;[mm]
Dýþ Çap; ; 
Dýþ Çap;71.432;[mm]
Dýþ Çap;71.413;[mm]
Dýþ Çap;71.417;[mm]
Dýþ Çap;71.488;[mm]
Dýþ Çap;71.449;[mm]
Dýþ Çap;71.451;[mm]
Dýþ Çap;71.493;[mm]
Dýþ Çap;71.404;[mm]
Dýþ Çap;71.397;[mm]
Dýþ Çap;71.457;[mm]
Dýþ Çap;71.549;[mm]
Dýþ Çap;71.337;[mm]
Dýþ Çap;71.430;[mm]
Dýþ Çap;71.296;[mm]
Dýþ Çap;71.469;[mm]
Dýþ Çap;71.503;[mm]
Dýþ Çap;71.419;[mm]
Dýþ Çap;71.425;[mm]
Dýþ Çap;71.497;[mm]
Dýþ Çap;71.524;[mm]
Dýþ Çap;71.297;[mm]
Dýþ Çap;71.455;[mm]
Dýþ Çap;71.362;[mm]
Dýþ Çap;71.528;[mm]
Dýþ Çap;71.436;[mm]
Dýþ Çap;71.487;[mm]
Dýþ Çap;71.430;[mm]
Dýþ Çap;71.357;[mm]
Dýþ Çap;71.496;[mm]
Dýþ Çap;71.474;[mm]
Dýþ Çap;71.715;[mm]
Dýþ Çap;71.407;[mm]
Dýþ Çap;71.346;[mm]
Dýþ Çap;71.395;[mm]
Dýþ Çap;71.373;[mm]
Dýþ Çap;71.398;[mm]
Dýþ Çap;71.506;[mm]
Dýþ Çap;71.543;[mm]
Dýþ Çap;71.443;[mm]
Dýþ Çap;71.425;[mm]
Dýþ Çap;71.370;[mm]
Dýþ Çap;71.498;[mm]
Dýþ Çap;71.576;[mm]
Dýþ Çap;71.452;[mm]
Dýþ Çap;71.558;[mm]
Dýþ Çap;71.592;[mm]
Dýþ Çap;71.434;[mm]
Dýþ Çap;71.474;[mm]
Dýþ Çap;71.539;[mm]
Dýþ Çap;71.482;[mm]
Dýþ Çap;71.545;[mm]
Dýþ Çap;71.473;[mm]
Dýþ Çap;71.570;[mm]
Dýþ Çap;71.485;[mm]
Dýþ Çap;71.437;[mm]
Dýþ Çap;71.457;[mm]
Dýþ Çap;71.365;[mm]
Dýþ Çap;71.459;[mm]
Dýþ Çap;71.339;[mm]
Dýþ Çap;71.562;[mm]
Dýþ Çap;71.496;[mm]
Dýþ Çap;71.418;[mm]
Dýþ Çap;71.409;[mm]
Dýþ Çap;71.354;[mm]
Dýþ Çap;71.475;[mm]
Dýþ Çap;71.466;[mm]
Dýþ Çap;71.544;[mm]
Dýþ Çap;71.501;[mm]
Dýþ Çap;71.410;[mm]
Dýþ Çap;71.384;[mm]
Dýþ Çap;71.491;[mm]
Dýþ Çap;71.474;[mm]
Dýþ Çap;71.482;[mm]
Dýþ Çap;71.382;[mm]
Dýþ Çap;71.539;[mm]
Dýþ Çap;71.377;[mm]
Dýþ Çap;71.427;[mm]
Dýþ Çap;71.418;[mm]
Dýþ Çap;71.450;[mm]
Dýþ Çap;71.429;[mm]
Dýþ Çap;71.456;[mm]
Dýþ Çap;71.472;[mm]
Dýþ Çap;71.451;[mm]
Dýþ Çap;71.570;[mm]
Dýþ Çap;71.480;[mm]
Dýþ Çap;71.514;[mm]
Dýþ Çap;71.564;[mm]
Dýþ Çap;71.515;[mm]
Dýþ Çap;71.467;[mm]
Dýþ Çap;71.448;[mm]
Dýþ Çap;71.536;[mm]
Dýþ Çap;71.481;[mm]
Dýþ Çap;71.557;[mm]
Dýþ Çap;71.482;[mm]
Dýþ Çap;71.502;[mm]
Dýþ Çap;71.530;[mm]
Dýþ Çap;71.483;[mm]
Dýþ Çap;71.462;[mm]
Dýþ Çap;71.473;[mm]
Dýþ Çap;71.418;[mm]
Dýþ Çap;71.449;[mm]
Dýþ Çap;71.458;[mm]
Dýþ Çap;71.485;[mm]
Dýþ Çap;71.429;[mm]
Dýþ Çap;71.374;[mm]
Dýþ Çap;71.532;[mm]
Dýþ Çap;71.488;[mm]
Dýþ Çap;71.364;[mm]
Dýþ Çap;71.503;[mm]
Dýþ Çap;71.455;[mm]
Dýþ Çap;71.499;[mm]
Dýþ Çap;71.367;[mm]
Dýþ Çap;71.442;[mm]
Dýþ Çap; ; 
Dýþ Çap;71.382;[mm]
Dýþ Çap;71.529;[mm]
Dýþ Çap;71.450;[mm]
Dýþ Çap;71.459;[mm]
Dýþ Çap;71.451;[mm]
Dýþ Çap;71.486;[mm]
Dýþ Çap;71.345;[mm]
Dýþ Çap;71.516;[mm]
Dýþ Çap;71.372;[mm]
Dýþ Çap;71.448;[mm]
Dýþ Çap;71.523;[mm]
Dýþ Çap;71.487;[mm]
Dýþ Çap;71.439;[mm]
Dýþ Çap;71.527;[mm]
Dýþ Çap;71.525;[mm]
Dýþ Çap;71.503;[mm]
Dýþ Çap;71.385;[mm]
Dýþ Çap;71.538;[mm]
Dýþ Çap;71.437;[mm]
Dýþ Çap;71.464;[mm]
Dýþ Çap;71.366;[mm]
Dýþ Çap;71.536;[mm]
Dýþ Çap;71.392;[mm]
Dýþ Çap;71.439;[mm]
Dýþ Çap;71.545;[mm]
Dýþ Çap;71.471;[mm]
Dýþ Çap;71.262;[mm]
Dýþ Çap;71.416;[mm]
Dýþ Çap;71.367;[mm]
Dýþ Çap;71.487;[mm]
Dýþ Çap;71.363;[mm]
Dýþ Çap;71.463;[mm]
Dýþ Çap;71.527;[mm]
Dýþ Çap;71.526;[mm]
Dýþ Çap;71.374;[mm]
Dýþ Çap;71.518;[mm]
Dýþ Çap;71.371;[mm]
Dýþ Çap;71.520;[mm]
Dýþ Çap;71.494;[mm]
Dýþ Çap;71.392;[mm]
Dýþ Çap;71.457;[mm]
Dýþ Çap;71.573;[mm]
Dýþ Çap;71.526;[mm]
Dýþ Çap;71.220;[mm]
Dýþ Çap;71.491;[mm]
Dýþ Çap;71.469;[mm]
Dýþ Çap;71.374;[mm]
Dýþ Çap;71.421;[mm]
Dýþ Çap;71.446;[mm]
Dýþ Çap;71.444;[mm]
Dýþ Çap;71.512;[mm]
Dýþ Çap;71.521;[mm]
Dýþ Çap;71.492;[mm]
Dýþ Çap;71.502;[mm]
Dýþ Çap;71.406;[mm]
Dýþ Çap;71.469;[mm]
Dýþ Çap;71.420;[mm]
Dýþ Çap;71.507;[mm]
Dýþ Çap;71.480;[mm]
Dýþ Çap;71.368;[mm]
Dýþ Çap;71.466;[mm]
Dýþ Çap;71.484;[mm]
Dýþ Çap;71.457;[mm]
Dýþ Çap;71.378;[mm]
Dýþ Çap;71.447;[mm]
Dýþ Çap;71.479;[mm]
Dýþ Çap;71.250;[mm]
Dýþ Çap;71.413;[mm]
Dýþ Çap;71.414;[mm]
Dýþ Çap;71.464;[mm]
Dýþ Çap;71.444;[mm]
Dýþ Çap;71.423;[mm]
Dýþ Çap;71.468;[mm]
Dýþ Çap;71.497;[mm]
Dýþ Çap;71.479;[mm]
Dýþ Çap;71.426;[mm]
Dýþ Çap;71.463;[mm]
Dýþ Çap;71.361;[mm]
Dýþ Çap;71.372;[mm]
Dýþ Çap;71.429;[mm]
Dýþ Çap;71.479;[mm]
Dýþ Çap;71.422;[mm]
Dýþ Çap;71.483;[mm]
Dýþ Çap;71.519;[mm]
Dýþ Çap;71.433;[mm]
Dýþ Çap;71.516;[mm]
Dýþ Çap;71.422;[mm]
Dýþ Çap;71.338;[mm]
Dýþ Çap;71.406;[mm]
Dýþ Çap;71.506;[mm]
Dýþ Çap;71.482;[mm]
Dýþ Çap;71.524;[mm]
Dýþ Çap;71.555;[mm]
Dýþ Çap;71.434;[mm]
Dýþ Çap;71.475;[mm]
Dýþ Çap;71.518;[mm]
Dýþ Çap;71.439;[mm]
Dýþ Çap;71.555;[mm]
Dýþ Çap;71.444;[mm]
Dýþ Çap;71.474;[mm]
Dýþ Çap;71.489;[mm]
Dýþ Çap;71.512;[mm]
Dýþ Çap;71.494;[mm]
Dýþ Çap;71.563;[mm]
Dýþ Çap;71.427;[mm]
Dýþ Çap;71.543;[mm]
Dýþ Çap;71.456;[mm]
Dýþ Çap;71.403;[mm]
Dýþ Çap;71.504;[mm]
Dýþ Çap;71.489;[mm]
Dýþ Çap;71.525;[mm]
Dýþ Çap;71.349;[mm]
Dýþ Çap;71.486;[mm]
Dýþ Çap;71.425;[mm]
Dýþ Çap;71.471;[mm]
Dýþ Çap;71.496;[mm]
Dýþ Çap;71.397;[mm]
Dýþ Çap;71.429;[mm]
Dýþ Çap;71.434;[mm]
Dýþ Çap;71.474;[mm]
Dýþ Çap;71.516;[mm]
Dýþ Çap;71.399;[mm]
Dýþ Çap;71.430;[mm]
Dýþ Çap;71.392;[mm]
Dýþ Çap;71.365;[mm]
Dýþ Çap;71.540;[mm]
Dýþ Çap;71.407;[mm]
Dýþ Çap;71.511;[mm]
Dýþ Çap;71.443;[mm]
Dýþ Çap;71.579;[mm]
Dýþ Çap;71.538;[mm]
Dýþ Çap;71.480;[mm]
Dýþ Çap;71.417;[mm]
Dýþ Çap;71.456;[mm]
Dýþ Çap;71.524;[mm]
Dýþ Çap;71.500;[mm]
Dýþ Çap;71.442;[mm]
Dýþ Çap;71.376;[mm]
Dýþ Çap;71.305;[mm]
Dýþ Çap;71.467;[mm]
Dýþ Çap;71.481;[mm]
Dýþ Çap;71.397;[mm]
Dýþ Çap;71.444;[mm]
Dýþ Çap;71.466;[mm]
Dýþ Çap;71.362;[mm]
Dýþ Çap;71.353;[mm]
Dýþ Çap;71.453;[mm]
Dýþ Çap;71.484;[mm]
Dýþ Çap;71.483;[mm]
Dýþ Çap;71.414;[mm]
Dýþ Çap;71.507;[mm]
Dýþ Çap;71.266;[mm]
Dýþ Çap;71.612;[mm]
Dýþ Çap;71.422;[mm]
Dýþ Çap;71.347;[mm]
Dýþ Çap;71.421;[mm]
Dýþ Çap;71.451;[mm]
Dýþ Çap;71.441;[mm]
Dýþ Çap;71.495;[mm]
Dýþ Çap;71.499;[mm]
Dýþ Çap;71.478;[mm]
Dýþ Çap;71.484;[mm]
Dýþ Çap;71.456;[mm]
Dýþ Çap;71.477;[mm]
Dýþ Çap;71.402;[mm]
Dýþ Çap;71.441;[mm]
Dýþ Çap;71.526;[mm]
Dýþ Çap;71.540;[mm]
Dýþ Çap;71.486;[mm]
Dýþ Çap;71.456;[mm]
Dýþ Çap;71.432;[mm]
Dýþ Çap;71.409;[mm]
Dýþ Çap;71.419;[mm]
Dýþ Çap;71.385;[mm]
Dýþ Çap;71.516;[mm]
Dýþ Çap;71.554;[mm]
Dýþ Çap;71.448;[mm]
Dýþ Çap;71.519;[mm]
Dýþ Çap;71.520;[mm]
Dýþ Çap;71.495;[mm]
Dýþ Çap;71.349;[mm]
Dýþ Çap;71.520;[mm]
Dýþ Çap;71.439;[mm]
Dýþ Çap;71.438;[mm]
Dýþ Çap;71.579;[mm]
Dýþ Çap;71.430;[mm]
Dýþ Çap;71.438;[mm]
Dýþ Çap;71.477;[mm]
Dýþ Çap;71.346;[mm]
Dýþ Çap;71.436;[mm]
Dýþ Çap;71.459;[mm]
Dýþ Çap;71.482;[mm]
Dýþ Çap;71.313;[mm]
Dýþ Çap;71.440;[mm]
Dýþ Çap;71.415;[mm]
Dýþ Çap;71.446;[mm]
Dýþ Çap;71.429;[mm]
Dýþ Çap;71.381;[mm]
Dýþ Çap;71.414;[mm]
Dýþ Çap;71.474;[mm]
Dýþ Çap;71.481;[mm]
Dýþ Çap;71.502;[mm]
Dýþ Çap;71.595;[mm]
Dýþ Çap;71.494;[mm]
Dýþ Çap;71.362;[mm]
Dýþ Çap;71.393;[mm]
Dýþ Çap;71.479;[mm]
Dýþ Çap;71.427;[mm]
Dýþ Çap;71.393;[mm]
Dýþ Çap;71.500;[mm]
Dýþ Çap;71.519;[mm]
Dýþ Çap;71.374;[mm]
Dýþ Çap;71.347;[mm]
Dýþ Çap;71.466;[mm]
Dýþ Çap;71.464;[mm]
Dýþ Çap;71.439;[mm]
Dýþ Çap;71.459;[mm]
Dýþ Çap;71.477;[mm]
Dýþ Çap; ; 
Dýþ Çap;71.491;[mm]
Dýþ Çap;71.411;[mm]
Dýþ Çap;71.449;[mm]
Dýþ Çap;71.400;[mm]
Dýþ Çap;71.470;[mm]
Dýþ Çap;71.484;[mm]
Dýþ Çap;71.499;[mm]
Dýþ Çap;71.273;[mm]
Dýþ Çap;71.407;[mm]
Dýþ Çap;71.484;[mm]
Dýþ Çap;71.471;[mm]
Dýþ Çap;71.531;[mm]
Dýþ Çap;71.460;[mm]
Dýþ Çap;71.488;[mm]
Dýþ Çap;71.446;[mm]
Dýþ Çap;71.533;[mm]
Dýþ Çap;71.456;[mm]
Dýþ Çap;71.437;[mm]
Dýþ Çap;71.454;[mm]
Dýþ Çap;72.983;[mm]
Dýþ Çap;71.322;[mm]
Dýþ Çap;71.524;[mm]
Dýþ Çap;71.437;[mm]
Dýþ Çap;71.417;[mm]
Dýþ Çap;71.391;[mm]
Dýþ Çap;71.459;[mm]
Dýþ Çap;71.397;[mm]
Dýþ Çap;71.566;[mm]
Dýþ Çap;71.403;[mm]
Dýþ Çap;71.535;[mm]
Dýþ Çap;71.438;[mm]
Dýþ Çap;71.424;[mm]
Dýþ Çap;71.537;[mm]
Dýþ Çap;71.537;[mm]
Dýþ Çap;71.492;[mm]
Dýþ Çap;71.405;[mm]
Dýþ Çap;71.384;[mm]
Dýþ Çap;71.413;[mm]
Dýþ Çap;71.455;[mm]
Dýþ Çap;71.438;[mm]
Dýþ Çap;71.529;[mm]
Dýþ Çap;71.496;[mm]
Dýþ Çap;71.373;[mm]
Dýþ Çap;71.459;[mm]
Dýþ Çap;71.510;[mm]
Dýþ Çap;71.495;[mm]
Dýþ Çap;71.425;[mm]
Dýþ Çap;71.404;[mm]
Dýþ Çap;71.409;[mm]
Dýþ Çap;71.499;[mm]
Dýþ Çap;71.364;[mm]
Dýþ Çap;71.417;[mm]
Dýþ Çap;71.473;[mm]
Dýþ Çap;71.561;[mm]
Dýþ Çap;71.556;[mm]
Dýþ Çap;71.406;[mm]
Dýþ Çap;71.460;[mm]
Dýþ Çap;71.528;[mm]
Dýþ Çap;71.522;[mm]
Dýþ Çap;71.318;[mm]
Dýþ Çap;71.412;[mm]
Dýþ Çap;71.480;[mm]
Dýþ Çap;71.521;[mm]
Dýþ Çap;71.364;[mm]
Dýþ Çap;71.453;[mm]
Dýþ Çap;71.468;[mm]
Dýþ Çap;71.506;[mm]
Dýþ Çap;71.492;[mm]
Dýþ Çap;71.502;[mm]
Dýþ Çap;71.420;[mm]
Dýþ Çap;71.511;[mm]
Dýþ Çap;71.463;[mm]
Dýþ Çap;71.446;[mm]
Dýþ Çap;71.507;[mm]
Dýþ Çap;71.553;[mm]
Dýþ Çap;71.406;[mm]
Dýþ Çap;71.434;[mm]
Dýþ Çap;71.437;[mm]
Dýþ Çap;71.361;[mm]
Dýþ Çap;71.447;[mm]
Dýþ Çap;71.544;[mm]
Dýþ Çap;71.542;[mm]
Dýþ Çap;71.380;[mm]
Dýþ Çap;71.422;[mm]
Dýþ Çap;71.579;[mm]
Dýþ Çap;71.482;[mm]
Dýþ Çap;71.375;[mm]
Dýþ Çap;71.361;[mm]
Dýþ Çap;71.369;[mm]
Dýþ Çap;71.398;[mm]
Dýþ Çap;71.489;[mm]
Dýþ Çap;71.358;[mm]
Dýþ Çap;71.351;[mm]
Dýþ Çap;71.486;[mm]
Dýþ Çap;71.410;[mm]
Dýþ Çap;71.450;[mm]
Dýþ Çap;71.417;[mm]
Dýþ Çap;71.436;[mm]
Dýþ Çap;71.414;[mm]
Dýþ Çap;71.495;[mm]
Dýþ Çap;71.452;[mm]
Dýþ Çap;71.401;[mm]
Dýþ Çap;71.521;[mm]
Dýþ Çap;71.332;[mm]
Dýþ Çap;71.499;[mm]
Dýþ Çap;71.481;[mm]
Dýþ Çap;71.322;[mm]
Dýþ Çap;71.439;[mm]
Dýþ Çap;71.419;[mm]
Dýþ Çap;71.234;[mm]
Dýþ Çap;71.379;[mm]
Dýþ Çap;71.503;[mm]
Dýþ Çap;71.530;[mm]
Dýþ Çap;71.457;[mm]
Dýþ Çap;71.524;[mm]
Dýþ Çap;71.459;[mm]
Dýþ Çap;71.571;[mm]
Dýþ Çap;71.483;[mm]
Dýþ Çap;71.474;[mm]
Dýþ Çap;71.383;[mm]
Dýþ Çap;71.357;[mm]
Dýþ Çap;71.529;[mm]
Dýþ Çap;71.332;[mm]
Dýþ Çap;71.334;[mm]
Dýþ Çap;71.502;[mm]
Dýþ Çap;71.542;[mm]
Dýþ Çap;71.363;[mm]
Dýþ Çap;71.511;[mm]
Dýþ Çap;71.472;[mm]
Dýþ Çap;71.591;[mm]
Dýþ Çap; ; 
Dýþ Çap;71.510;[mm]
Dýþ Çap;71.463;[mm]
Dýþ Çap;71.414;[mm]
Dýþ Çap;71.496;[mm]
Dýþ Çap;71.475;[mm]
Dýþ Çap;71.394;[mm]
Dýþ Çap;71.507;[mm]
Dýþ Çap;71.375;[mm]
Dýþ Çap;71.475;[mm]
Dýþ Çap;71.430;[mm]
Dýþ Çap;71.386;[mm]
Dýþ Çap;71.463;[mm]
Dýþ Çap;71.482;[mm]
Dýþ Çap;71.371;[mm]
Dýþ Çap;71.479;[mm]
Dýþ Çap;71.510;[mm]
Dýþ Çap;71.502;[mm]
Dýþ Çap;71.442;[mm]
Dýþ Çap;71.497;[mm]
Dýþ Çap;71.493;[mm]
Dýþ Çap;71.415;[mm]
Dýþ Çap;71.453;[mm]
Dýþ Çap;71.485;[mm]
Dýþ Çap; ; 
Dýþ Çap;71.433;[mm]
Dýþ Çap;71.441;[mm]
Dýþ Çap;71.271;[mm]
Dýþ Çap;71.559;[mm]
Dýþ Çap;71.433;[mm]
Dýþ Çap;71.508;[mm]
Dýþ Çap;71.468;[mm]
Dýþ Çap;71.424;[mm]
Dýþ Çap;71.405;[mm]
Dýþ Çap;71.351;[mm]
Dýþ Çap;71.424;[mm]
Dýþ Çap;71.416;[mm]
Dýþ Çap;71.480;[mm]
Dýþ Çap;71.495;[mm]
Dýþ Çap;71.258;[mm]
Dýþ Çap;71.412;[mm]
Dýþ Çap;71.354;[mm]
Dýþ Çap;71.445;[mm]
Dýþ Çap;71.452;[mm]
Dýþ Çap;71.513;[mm]
Dýþ Çap;71.500;[mm]
Dýþ Çap;71.456;[mm]
Dýþ Çap;71.481;[mm]
Dýþ Çap;71.404;[mm]
Dýþ Çap;71.363;[mm]
Dýþ Çap;71.373;[mm]
Dýþ Çap;71.489;[mm]
Dýþ Çap;71.486;[mm]
Dýþ Çap;71.422;[mm]
Dýþ Çap;71.383;[mm]
Dýþ Çap;71.385;[mm]
Dýþ Çap;71.514;[mm]
Dýþ Çap;71.383;[mm]
Dýþ Çap;71.445;[mm]
Dýþ Çap;71.485;[mm]
Dýþ Çap;71.469;[mm]
Dýþ Çap;71.508;[mm]
Dýþ Çap;71.453;[mm]
Dýþ Çap;71.432;[mm]
Dýþ Çap;71.537;[mm]
Dýþ Çap;71.335;[mm]
Dýþ Çap;71.502;[mm]
Dýþ Çap;71.455;[mm]
Dýþ Çap;71.483;[mm]
Dýþ Çap;71.488;[mm]
Dýþ Çap;71.398;[mm]
Dýþ Çap;71.492;[mm]
Dýþ Çap;71.464;[mm]
Dýþ Çap;71.455;[mm]
Dýþ Çap;71.495;[mm]
Dýþ Çap;71.418;[mm]
Dýþ Çap;71.505;[mm]
Dýþ Çap;71.433;[mm]
Dýþ Çap;71.458;[mm]
Dýþ Çap;71.459;[mm]
Dýþ Çap;71.400;[mm]
Dýþ Çap;71.538;[mm]
Dýþ Çap;71.395;[mm]
Dýþ Çap;71.506;[mm]
Dýþ Çap;71.492;[mm]
Dýþ Çap;71.447;[mm]
Dýþ Çap;71.446;[mm]
Dýþ Çap;71.432;[mm]
Dýþ Çap;71.356;[mm]
Dýþ Çap;71.505;[mm]
Dýþ Çap;71.455;[mm]
Dýþ Çap;71.501;[mm]
Dýþ Çap;71.453;[mm]
Dýþ Çap;71.435;[mm]
Dýþ Çap;71.388;[mm]
Dýþ Çap;71.390;[mm]
Dýþ Çap;71.434;[mm]
Dýþ Çap;71.429;[mm]
Dýþ Çap;71.407;[mm]
Dýþ Çap;71.477;[mm]
Dýþ Çap;71.378;[mm]
Dýþ Çap;71.380;[mm]
Dýþ Çap;71.465;[mm]
Dýþ Çap;71.494;[mm]
Dýþ Çap;71.444;[mm]
Dýþ Çap;71.525;[mm]
Dýþ Çap;71.487;[mm]
Dýþ Çap; ; 
Dýþ Çap;71.521;[mm]
Dýþ Çap;71.392;[mm]
Dýþ Çap;71.504;[mm]
Dýþ Çap;71.481;[mm]
Dýþ Çap;71.434;[mm]
Dýþ Çap;71.403;[mm]
Dýþ Çap;71.327;[mm]
Dýþ Çap;71.409;[mm]
Dýþ Çap;71.502;[mm]
Dýþ Çap;71.430;[mm]
Dýþ Çap;71.505;[mm]
Dýþ Çap;71.207;[mm]
Dýþ Çap;71.464;[mm]
Dýþ Çap;71.486;[mm]
Dýþ Çap;71.492;[mm]
Dýþ Çap;71.450;[mm]
Dýþ Çap;71.429;[mm]
Dýþ Çap;71.408;[mm]
Dýþ Çap;71.442;[mm]
Dýþ Çap;71.377;[mm]
Dýþ Çap;71.495;[mm]
Dýþ Çap;71.313;[mm]
Dýþ Çap;71.538;[mm]
Dýþ Çap;71.401;[mm]
Dýþ Çap;71.625;[mm]
Dýþ Çap;71.416;[mm]
Dýþ Çap;71.494;[mm]
Dýþ Çap;71.408;[mm]
Dýþ Çap;71.418;[mm]
Dýþ Çap;71.536;[mm]
Dýþ Çap;71.393;[mm]
Dýþ Çap;71.404;[mm]
Dýþ Çap;71.435;[mm]
Dýþ Çap;71.486;[mm]
Dýþ Çap;71.457;[mm]
Dýþ Çap;71.499;[mm]
Dýþ Çap;71.483;[mm]
Dýþ Çap;71.424;[mm]
Dýþ Çap;71.486;[mm]
Dýþ Çap;71.499;[mm]
Dýþ Çap;71.450;[mm]
Dýþ Çap;71.445;[mm]
Dýþ Çap;71.414;[mm]
Dýþ Çap;71.439;[mm]
Dýþ Çap;71.478;[mm]
Dýþ Çap;71.504;[mm]
Dýþ Çap;71.480;[mm]
Dýþ Çap;71.496;[mm]
Dýþ Çap;71.462;[mm]
Dýþ Çap;71.447;[mm]
Dýþ Çap;71.400;[mm]
Dýþ Çap;71.487;[mm]
Dýþ Çap;71.412;[mm]
Dýþ Çap;71.363;[mm]
Dýþ Çap;71.438;[mm]
Dýþ Çap;71.465;[mm]
Dýþ Çap;71.472;[mm]
Dýþ Çap;71.503;[mm]
Dýþ Çap;71.473;[mm]
Dýþ Çap;71.491;[mm]
Dýþ Çap;71.462;[mm]
Dýþ Çap;71.351;[mm]
Dýþ Çap;71.396;[mm]
Dýþ Çap;71.425;[mm]
Dýþ Çap;71.458;[mm]
Dýþ Çap;71.359;[mm]
Dýþ Çap;71.477;[mm]
Dýþ Çap;71.419;[mm]
Dýþ Çap;71.508;[mm]
Dýþ Çap;71.391;[mm]
Dýþ Çap;71.494;[mm]
Dýþ Çap; ; 
Dýþ Çap;71.412;[mm]
Dýþ Çap;71.366;[mm]
Dýþ Çap;71.403;[mm]
Dýþ Çap;71.492;[mm]
Dýþ Çap;71.426;[mm]
Dýþ Çap;71.422;[mm]
Dýþ Çap;71.414;[mm]
Dýþ Çap;71.537;[mm]
Dýþ Çap;71.522;[mm]
Dýþ Çap;71.506;[mm]
Dýþ Çap;71.419;[mm]
Dýþ Çap;71.527;[mm]
Dýþ Çap;71.467;[mm]
Dýþ Çap;71.445;[mm]
Dýþ Çap;71.346;[mm]
Dýþ Çap;71.487;[mm]
Dýþ Çap;71.230;[mm]
Dýþ Çap;71.371;[mm]
Dýþ Çap;71.461;[mm]
Dýþ Çap;71.460;[mm]
Dýþ Çap;71.551;[mm]
Dýþ Çap;71.389;[mm]
Dýþ Çap;71.550;[mm]
Dýþ Çap;71.429;[mm]
Dýþ Çap;71.429;[mm]
Dýþ Çap;71.418;[mm]
Dýþ Çap;71.498;[mm]
Dýþ Çap;71.351;[mm]
Dýþ Çap;71.477;[mm]
Dýþ Çap;71.401;[mm]
Dýþ Çap;71.487;[mm]
Dýþ Çap;71.480;[mm]
Dýþ Çap;71.422;[mm]
Dýþ Çap;71.491;[mm]
Dýþ Çap;71.390;[mm]
Dýþ Çap;71.550;[mm]
Dýþ Çap;71.467;[mm]
Dýþ Çap;71.475;[mm]
Dýþ Çap;71.568;[mm]
Dýþ Çap;71.480;[mm]
Dýþ Çap;71.544;[mm]
Dýþ Çap;71.344;[mm]
Dýþ Çap;71.383;[mm]
Dýþ Çap;71.440;[mm]
Dýþ Çap;71.416;[mm]
Dýþ Çap;71.481;[mm]
Dýþ Çap;71.439;[mm]
Dýþ Çap;71.463;[mm]
Dýþ Çap;71.509;[mm]
Dýþ Çap;71.393;[mm]
Dýþ Çap;71.474;[mm]
Dýþ Çap;71.278;[mm]
Dýþ Çap;71.422;[mm]
Dýþ Çap;71.522;[mm]
Dýþ Çap;71.454;[mm]
Dýþ Çap;71.426;[mm]
Dýþ Çap;71.497;[mm]
Dýþ Çap;71.375;[mm]
Dýþ Çap;71.522;[mm]
Dýþ Çap;71.448;[mm]
Dýþ Çap;71.472;[mm]
Dýþ Çap;71.434;[mm]
Dýþ Çap;71.481;[mm]
Dýþ Çap; ; 
Dýþ Çap;71.482;[mm]
Dýþ Çap;71.482;[mm]
Dýþ Çap;71.485;[mm]
Dýþ Çap;71.509;[mm]
Dýþ Çap;71.463;[mm]
Dýþ Çap;71.487;[mm]
Dýþ Çap;71.413;[mm]
Dýþ Çap;71.463;[mm]
Dýþ Çap;71.447;[mm]
Dýþ Çap;71.425;[mm]
Dýþ Çap;71.510;[mm]
Dýþ Çap;71.488;[mm]
Dýþ Çap;71.450;[mm]
Dýþ Çap;71.433;[mm]
Dýþ Çap;71.414;[mm]
Dýþ Çap;71.556;[mm]
Dýþ Çap;71.490;[mm]
Dýþ Çap;71.492;[mm]
Dýþ Çap;71.481;[mm]
Dýþ Çap;71.356;[mm]
Dýþ Çap;71.481;[mm]
Dýþ Çap;71.501;[mm]
Dýþ Çap;71.470;[mm]
Dýþ Çap;71.372;[mm]
Dýþ Çap;71.479;[mm]
Dýþ Çap;71.527;[mm]
Dýþ Çap;71.426;[mm]
Dýþ Çap;71.457;[mm]
Dýþ Çap;71.403;[mm]
Dýþ Çap;71.530;[mm]
Dýþ Çap;71.463;[mm]
Dýþ Çap;71.471;[mm]
Dýþ Çap;71.273;[mm]
Dýþ Çap;71.614;[mm]
Dýþ Çap;71.477;[mm]
Dýþ Çap; ; 
Dýþ Çap;71.445;[mm]
Dýþ Çap;71.461;[mm]
Dýþ Çap;71.443;[mm]
Dýþ Çap;71.340;[mm]
Dýþ Çap;71.493;[mm]
Dýþ Çap;71.495;[mm]
Dýþ Çap;71.410;[mm]
Dýþ Çap;71.419;[mm]
Dýþ Çap;71.536;[mm]
Dýþ Çap;71.508;[mm]
Dýþ Çap;71.429;[mm]
Dýþ Çap;71.536;[mm]
Dýþ Çap;71.458;[mm]
Dýþ Çap;71.474;[mm]
Dýþ Çap;71.553;[mm]
Dýþ Çap;71.423;[mm]
Dýþ Çap;71.409;[mm]
Dýþ Çap;71.396;[mm]
Dýþ Çap;71.377;[mm]
Dýþ Çap;71.393;[mm]
Dýþ Çap;71.480;[mm]
Dýþ Çap;71.468;[mm]
Dýþ Çap;71.416;[mm]
Dýþ Çap;71.465;[mm]
Dýþ Çap;71.486;[mm]
Dýþ Çap;71.473;[mm]
Dýþ Çap;71.478;[mm]
Dýþ Çap;71.501;[mm]
Dýþ Çap;71.471;[mm]
Dýþ Çap;71.418;[mm]
Dýþ Çap;71.534;[mm]
Dýþ Çap;71.420;[mm]
Dýþ Çap;71.580;[mm]
Dýþ Çap;71.472;[mm]
Dýþ Çap;71.452;[mm]
Dýþ Çap;71.439;[mm]
Dýþ Çap;71.536;[mm]
Dýþ Çap;71.347;[mm]
Dýþ Çap;71.489;[mm]
Dýþ Çap;71.400;[mm]
Dýþ Çap;71.373;[mm]
Dýþ Çap;71.496;[mm]
Dýþ Çap;71.500;[mm]
Dýþ Çap;71.436;[mm]
Dýþ Çap;71.465;[mm]
Dýþ Çap;71.514;[mm]
Dýþ Çap;71.449;[mm]
Dýþ Çap;71.514;[mm]
Dýþ Çap;71.366;[mm]
Dýþ Çap;71.500;[mm]
Dýþ Çap;71.458;[mm]
Dýþ Çap;71.389;[mm]
Dýþ Çap;71.397;[mm]
Dýþ Çap;71.480;[mm]
Dýþ Çap;71.461;[mm]
Dýþ Çap;71.458;[mm]
Dýþ Çap;71.404;[mm]
Dýþ Çap;71.399;[mm]
Dýþ Çap;71.426;[mm]
Dýþ Çap;71.506;[mm]
Dýþ Çap;71.489;[mm]
Dýþ Çap;71.415;[mm]
Dýþ Çap;71.478;[mm]
Dýþ Çap;71.487;[mm]
Dýþ Çap;71.477;[mm]
Dýþ Çap;71.477;[mm]
Dýþ Çap;71.446;[mm]
Dýþ Çap;71.543;[mm]
Dýþ Çap;71.429;[mm]
Dýþ Çap;71.484;[mm]
Dýþ Çap;71.506;[mm]
Dýþ Çap;71.505;[mm]
Dýþ Çap;71.392;[mm]
Dýþ Çap;71.379;[mm]
Dýþ Çap;71.524;[mm]
Dýþ Çap;71.483;[mm]
Dýþ Çap;71.404;[mm]
Dýþ Çap;71.479;[mm]
Dýþ Çap;71.486;[mm]
Dýþ Çap;71.459;[mm]
Dýþ Çap;71.455;[mm]
Dýþ Çap;71.448;[mm]
Dýþ Çap;71.321;[mm]
Dýþ Çap;71.402;[mm]
Dýþ Çap;71.471;[mm]
Dýþ Çap;71.389;[mm]
Dýþ Çap;71.412;[mm]
Dýþ Çap;71.392;[mm]
Dýþ Çap;71.458;[mm]
Dýþ Çap;71.460;[mm]
Dýþ Çap;71.443;[mm]
Dýþ Çap;71.534;[mm]
Dýþ Çap;71.345;[mm]
Dýþ Çap;71.484;[mm]
Dýþ Çap;71.403;[mm]
Dýþ Çap;71.536;[mm]
Dýþ Çap;71.459;[mm]
Dýþ Çap;71.513;[mm]
Dýþ Çap;71.519;[mm]
Dýþ Çap;71.441;[mm]
Dýþ Çap;71.408;[mm]
Dýþ Çap;71.478;[mm]
Dýþ Çap;71.520;[mm]
Dýþ Çap;71.456;[mm]
Dýþ Çap;71.476;[mm]
Dýþ Çap;71.412;[mm]
Dýþ Çap;71.377;[mm]
Dýþ Çap;71.394;[mm]
Dýþ Çap;71.392;[mm]
Dýþ Çap;71.498;[mm]
Dýþ Çap;71.493;[mm]
Dýþ Çap;71.403;[mm]
Dýþ Çap;71.398;[mm]
Dýþ Çap;71.445;[mm]
Dýþ Çap;71.455;[mm]
Dýþ Çap;71.453;[mm]
Dýþ Çap;71.461;[mm]
Dýþ Çap;71.538;[mm]
Dýþ Çap;71.418;[mm]
Dýþ Çap;71.409;[mm]
Dýþ Çap;71.353;[mm]
Dýþ Çap;71.457;[mm]
Dýþ Çap; ; 
Dýþ Çap;71.525;[mm]
Dýþ Çap;71.388;[mm]
Dýþ Çap;71.530;[mm]
Dýþ Çap;71.441;[mm]
Dýþ Çap;71.464;[mm]
Dýþ Çap;71.489;[mm]
Dýþ Çap;71.449;[mm]
Dýþ Çap;71.454;[mm]
Dýþ Çap;71.494;[mm]
Dýþ Çap;71.449;[mm]
Dýþ Çap;71.362;[mm]
Dýþ Çap;71.368;[mm]
Dýþ Çap;71.414;[mm]
Dýþ Çap;71.489;[mm]
Dýþ Çap;71.501;[mm]
Dýþ Çap;71.531;[mm]
Dýþ Çap;71.483;[mm]
Dýþ Çap;71.458;[mm]
Dýþ Çap;71.391;[mm]
Dýþ Çap;71.453;[mm]
Dýþ Çap;71.489;[mm]
Dýþ Çap;71.456;[mm]
Dýþ Çap;71.364;[mm]
Dýþ Çap;71.494;[mm]
Dýþ Çap;71.416;[mm]
Dýþ Çap;71.430;[mm]
Dýþ Çap;71.497;[mm]
Dýþ Çap;71.456;[mm]
Dýþ Çap;71.495;[mm]
Dýþ Çap;71.468;[mm]
Dýþ Çap;71.459;[mm]
Dýþ Çap;71.381;[mm]
Dýþ Çap;71.391;[mm]
Dýþ Çap;71.483;[mm]
Dýþ Çap;71.377;[mm]
Dýþ Çap;71.488;[mm]
Dýþ Çap;71.456;[mm]
Dýþ Çap;71.505;[mm]
Dýþ Çap;71.377;[mm]
Dýþ Çap;71.434;[mm]
Dýþ Çap;71.551;[mm]
Dýþ Çap;71.357;[mm]
Dýþ Çap;71.438;[mm]
Dýþ Çap;71.440;[mm]
Dýþ Çap;71.497;[mm]
Dýþ Çap;71.438;[mm]
Dýþ Çap;71.508;[mm]
Dýþ Çap;71.516;[mm]
Dýþ Çap;71.504;[mm]
Dýþ Çap;71.467;[mm]
Dýþ Çap;71.400;[mm]
Dýþ Çap;71.414;[mm]
Dýþ Çap;71.436;[mm]
Dýþ Çap;71.488;[mm]
Dýþ Çap;71.387;[mm]
Dýþ Çap;71.383;[mm]
Dýþ Çap;71.385;[mm]
Dýþ Çap;71.502;[mm]
Dýþ Çap;71.320;[mm]
Dýþ Çap;71.536;[mm]
Dýþ Çap;71.540;[mm]
Dýþ Çap;71.518;[mm]
Dýþ Çap;71.554;[mm]
Dýþ Çap;71.423;[mm]
Dýþ Çap;71.467;[mm]
Dýþ Çap;71.456;[mm]
Dýþ Çap;71.371;[mm]
Dýþ Çap;71.403;[mm]
Dýþ Çap;71.449;[mm]
Dýþ Çap;71.474;[mm]
Dýþ Çap;71.400;[mm]
Dýþ Çap;71.552;[mm]
Dýþ Çap;71.474;[mm]
Dýþ Çap;71.455;[mm]
Dýþ Çap;71.468;[mm]
Dýþ Çap;71.402;[mm]
Dýþ Çap;71.477;[mm]
Dýþ Çap;71.301;[mm]
Dýþ Çap;71.537;[mm]
Dýþ Çap;71.410;[mm]
Dýþ Çap;71.404;[mm]
Dýþ Çap;71.322;[mm]
Dýþ Çap;71.438;[mm]
Dýþ Çap;71.471;[mm]
Dýþ Çap;71.434;[mm]
Dýþ Çap;71.326;[mm]
Dýþ Çap;71.468;[mm]
Dýþ Çap;71.493;[mm]
Dýþ Çap;71.443;[mm]
Dýþ Çap;71.446;[mm]
Dýþ Çap;71.396;[mm]
Dýþ Çap;71.520;[mm]
Dýþ Çap;71.444;[mm]
Dýþ Çap;71.396;[mm]
Dýþ Çap;71.515;[mm]
Dýþ Çap;71.505;[mm]
Dýþ Çap;71.448;[mm]
Dýþ Çap;71.448;[mm]
Dýþ Çap;71.532;[mm]
Dýþ Çap;71.339;[mm]
Dýþ Çap;71.432;[mm]
Dýþ Çap;71.454;[mm]
Dýþ Çap;71.513;[mm]
Dýþ Çap;71.504;[mm]
Dýþ Çap;71.396;[mm]
Dýþ Çap;71.501;[mm]
Dýþ Çap;71.471;[mm]
Dýþ Çap;71.396;[mm]
Dýþ Çap;71.509;[mm]
Dýþ Çap;71.429;[mm]
Dýþ Çap;71.506;[mm]
Dýþ Çap;71.482;[mm]
Dýþ Çap;71.461;[mm]
Dýþ Çap;71.503;[mm]
Dýþ Çap;71.531;[mm]
Dýþ Çap;71.489;[mm]
Dýþ Çap;71.366;[mm]
Dýþ Çap;71.534;[mm]
Dýþ Çap;71.413;[mm]
Dýþ Çap;71.451;[mm]
Dýþ Çap;71.534;[mm]
Dýþ Çap;71.444;[mm]
Dýþ Çap;71.455;[mm]
Dýþ Çap;71.516;[mm]
Dýþ Çap;71.493;[mm]
Dýþ Çap;71.596;[mm]
Dýþ Çap;71.404;[mm]
Dýþ Çap;71.481;[mm]
Dýþ Çap;71.326;[mm]
Dýþ Çap;71.449;[mm]
Dýþ Çap;71.390;[mm]
Dýþ Çap;71.502;[mm]
Dýþ Çap;71.495;[mm]
Dýþ Çap;71.348;[mm]
Dýþ Çap;71.397;[mm]
Dýþ Çap;71.335;[mm]
Dýþ Çap;71.444;[mm]
Dýþ Çap;71.458;[mm]
Dýþ Çap;71.432;[mm]
Dýþ Çap;71.415;[mm]
Dýþ Çap;71.369;[mm]
Dýþ Çap;71.505;[mm]
Dýþ Çap;71.527;[mm]
Dýþ Çap;71.366;[mm]
Dýþ Çap;71.236;[mm]
Dýþ Çap;71.428;[mm]
Dýþ Çap;71.376;[mm]
Dýþ Çap;71.425;[mm]
Dýþ Çap;71.509;[mm]
Dýþ Çap;71.414;[mm]
Dýþ Çap;71.422;[mm]
Dýþ Çap;71.531;[mm]
Dýþ Çap;71.451;[mm]
Dýþ Çap;71.469;[mm]
Dýþ Çap;71.408;[mm]
Dýþ Çap;71.473;[mm]
Dýþ Çap;71.391;[mm]
Dýþ Çap;71.487;[mm]
Dýþ Çap;71.418;[mm]
Dýþ Çap;71.550;[mm]
Dýþ Çap;71.393;[mm]
Dýþ Çap;71.462;[mm]
Dýþ Çap;71.542;[mm]
Dýþ Çap;71.432;[mm]
Dýþ Çap;71.478;[mm]
Dýþ Çap;71.403;[mm]
Dýþ Çap;71.490;[mm]
Dýþ Çap;71.479;[mm]
Dýþ Çap;71.423;[mm]
Dýþ Çap;71.425;[mm]
Dýþ Çap;71.546;[mm]
Dýþ Çap;71.491;[mm]
Dýþ Çap;71.338;[mm]
Dýþ Çap;71.409;[mm]
Dýþ Çap;71.458;[mm]
Dýþ Çap;71.398;[mm]
Dýþ Çap;71.468;[mm]
Dýþ Çap;71.489;[mm]
Dýþ Çap;71.481;[mm]
Dýþ Çap;71.455;[mm]
Dýþ Çap;71.527;[mm]
Dýþ Çap;71.466;[mm]
Dýþ Çap;71.493;[mm]
Dýþ Çap;71.492;[mm]
Dýþ Çap;71.476;[mm]
Dýþ Çap;71.497;[mm]
Dýþ Çap;71.443;[mm]
Dýþ Çap;71.489;[mm]
Dýþ Çap;71.438;[mm]
Dýþ Çap;71.519;[mm]
Dýþ Çap;71.454;[mm]
Dýþ Çap;71.465;[mm]
Dýþ Çap;71.231;[mm]
Dýþ Çap;71.317;[mm]
Dýþ Çap;71.504;[mm]
Dýþ Çap;71.475;[mm]
Dýþ Çap;71.396;[mm]
Dýþ Çap;71.468;[mm]
Dýþ Çap;71.420;[mm]
Dýþ Çap;71.383;[mm]
Dýþ Çap;71.331;[mm]
Dýþ Çap;71.393;[mm]
Dýþ Çap;71.425;[mm]
Dýþ Çap;71.522;[mm]
Dýþ Çap;71.456;[mm]
Dýþ Çap;71.426;[mm]
Dýþ Çap;71.510;[mm]
Dýþ Çap;71.366;[mm]
Dýþ Çap;71.488;[mm]
Dýþ Çap;71.488;[mm]
Dýþ Çap;71.448;[mm]
Dýþ Çap;71.520;[mm]
Dýþ Çap;71.390;[mm]
Dýþ Çap;71.452;[mm]
Dýþ Çap;71.444;[mm]
Dýþ Çap;71.396;[mm]
Dýþ Çap;71.447;[mm]
Dýþ Çap;71.332;[mm]
Dýþ Çap;71.426;[mm]
Dýþ Çap;71.420;[mm]
Dýþ Çap;71.378;[mm]
Dýþ Çap;71.476;[mm]
Dýþ Çap;71.370;[mm]
Dýþ Çap;71.449;[mm]
Dýþ Çap;71.426;[mm]
Dýþ Çap;71.485;[mm]
Dýþ Çap;71.403;[mm]
Dýþ Çap;71.382;[mm]
Dýþ Çap;71.483;[mm]
Dýþ Çap;71.531;[mm]
Dýþ Çap;71.503;[mm]
Dýþ Çap;71.309;[mm]
Dýþ Çap;71.429;[mm]
Dýþ Çap;71.495;[mm]
Dýþ Çap;71.477;[mm]
Dýþ Çap;71.376;[mm]
Dýþ Çap;71.301;[mm]
Dýþ Çap;71.467;[mm]
Dýþ Çap;71.485;[mm]
Dýþ Çap;71.381;[mm]
Dýþ Çap;71.483;[mm]
Dýþ Çap;71.507;[mm]
Dýþ Çap;71.429;[mm]
Dýþ Çap;71.401;[mm]
Dýþ Çap;71.415;[mm]
Dýþ Çap;71.480;[mm]
Dýþ Çap;71.472;[mm]
Dýþ Çap;71.367;[mm]
Dýþ Çap;71.427;[mm]
Dýþ Çap;71.477;[mm]
Dýþ Çap;71.444;[mm]
Dýþ Çap;71.503;[mm]
Dýþ Çap;71.460;[mm]
Dýþ Çap;71.442;[mm]
Dýþ Çap;71.511;[mm]
Dýþ Çap;71.419;[mm]
Dýþ Çap;71.434;[mm]
Dýþ Çap;71.486;[mm]
Dýþ Çap;71.499;[mm]
Dýþ Çap;71.485;[mm]
Dýþ Çap;71.457;[mm]
Dýþ Çap;71.415;[mm]
Dýþ Çap;71.515;[mm]
Dýþ Çap;71.486;[mm]
Dýþ Çap;71.509;[mm]
Dýþ Çap;71.461;[mm]
Dýþ Çap;71.504;[mm]
Dýþ Çap;71.527;[mm]
Dýþ Çap;71.379;[mm]
Dýþ Çap;71.484;[mm]
Dýþ Çap;71.452;[mm]
Dýþ Çap;71.535;[mm]
Dýþ Çap;71.380;[mm]
Dýþ Çap;71.387;[mm]
Dýþ Çap;71.401;[mm]
Dýþ Çap;71.414;[mm]
Dýþ Çap;71.529;[mm]
Dýþ Çap;71.466;[mm]
Dýþ Çap;71.388;[mm]
Dýþ Çap;71.419;[mm]
Dýþ Çap;71.436;[mm]
Dýþ Çap;71.440;[mm]
Dýþ Çap;71.354;[mm]
Dýþ Çap;71.412;[mm]
Dýþ Çap;71.413;[mm]
Dýþ Çap;71.417;[mm]
Dýþ Çap;71.371;[mm]
Dýþ Çap;71.522;[mm]
Dýþ Çap;71.471;[mm]
Dýþ Çap;71.481;[mm]
Dýþ Çap;71.486;[mm]
Dýþ Çap;71.447;[mm]
Dýþ Çap;71.332;[mm]
Dýþ Çap;71.433;[mm]
Dýþ Çap;71.325;[mm]
Dýþ Çap;71.442;[mm]
Dýþ Çap;71.450;[mm]
Dýþ Çap;71.447;[mm]
Dýþ Çap;71.503;[mm]
Dýþ Çap;71.434;[mm]
Dýþ Çap;71.382;[mm]
Dýþ Çap;71.435;[mm]
Dýþ Çap;71.400;[mm]
Dýþ Çap;71.481;[mm]
Dýþ Çap;71.459;[mm]
Dýþ Çap;71.376;[mm]
Dýþ Çap;71.445;[mm]
Dýþ Çap;71.387;[mm]
Dýþ Çap;71.405;[mm]
Dýþ Çap;71.411;[mm]
Dýþ Çap;71.408;[mm]
Dýþ Çap;71.447;[mm]
Dýþ Çap;71.450;[mm]
Dýþ Çap;71.508;[mm]
Dýþ Çap;71.412;[mm]
Dýþ Çap;71.475;[mm]
Dýþ Çap;71.440;[mm]
Dýþ Çap;71.527;[mm]
Dýþ Çap;71.437;[mm]
Dýþ Çap;71.377;[mm]
Dýþ Çap;71.444;[mm]
Dýþ Çap;71.400;[mm]
Dýþ Çap;71.593;[mm]
Dýþ Çap;71.344;[mm]
Dýþ Çap;71.445;[mm]
Dýþ Çap;71.490;[mm]
Dýþ Çap;71.337;[mm]
Dýþ Çap;71.483;[mm]
Dýþ Çap;71.495;[mm]
Dýþ Çap;71.433;[mm]
Dýþ Çap;71.486;[mm]
Dýþ Çap;71.493;[mm]
Dýþ Çap;71.412;[mm]
Dýþ Çap;71.445;[mm]
Dýþ Çap;71.449;[mm]
Dýþ Çap;71.559;[mm]
Dýþ Çap;71.567;[mm]
Dýþ Çap;71.511;[mm]
Dýþ Çap;71.563;[mm]
Dýþ Çap;71.469;[mm]
Dýþ Çap;71.461;[mm]
Dýþ Çap;71.481;[mm]
Dýþ Çap;71.340;[mm]
Dýþ Çap;71.475;[mm]
Dýþ Çap;71.400;[mm]
Dýþ Çap;71.431;[mm]
Dýþ Çap;71.473;[mm]
Dýþ Çap;71.384;[mm]
Dýþ Çap;71.383;[mm]
Dýþ Çap;71.411;[mm]
Dýþ Çap;71.388;[mm]
Dýþ Çap;71.426;[mm]
Dýþ Çap;71.361;[mm]
Dýþ Çap;71.358;[mm]
Dýþ Çap;71.479;[mm]
Dýþ Çap;71.522;[mm]
Dýþ Çap;71.385;[mm]
Dýþ Çap;71.433;[mm]
Dýþ Çap;71.532;[mm]
Dýþ Çap;71.452;[mm]
Dýþ Çap;71.399;[mm]
Dýþ Çap;71.452;[mm]
Dýþ Çap;71.510;[mm]
Dýþ Çap;71.493;[mm]
Dýþ Çap;71.494;[mm]
Dýþ Çap;71.403;[mm]
Dýþ Çap;71.429;[mm]
Dýþ Çap;71.433;[mm]
Dýþ Çap;71.470;[mm]
Dýþ Çap;71.531;[mm]
Dýþ Çap;71.469;[mm]
Dýþ Çap;71.459;[mm]
Dýþ Çap;71.411;[mm]
Dýþ Çap;71.498;[mm]
Dýþ Çap;71.401;[mm]
Dýþ Çap;71.464;[mm]
Dýþ Çap;71.418;[mm]
Dýþ Çap;71.451;[mm]
Dýþ Çap;71.398;[mm]
Dýþ Çap;71.445;[mm]
Dýþ Çap;71.464;[mm]
Dýþ Çap;71.391;[mm]
Dýþ Çap;71.475;[mm]
Dýþ Çap;71.468;[mm]
Dýþ Çap;71.505;[mm]
Dýþ Çap;71.570;[mm]
Dýþ Çap;71.509;[mm]
Dýþ Çap;71.395;[mm]
Dýþ Çap;71.527;[mm]
Dýþ Çap;71.452;[mm]
Dýþ Çap;71.475;[mm]
Dýþ Çap;71.402;[mm]
Dýþ Çap;71.462;[mm]
Dýþ Çap;71.523;[mm]
Dýþ Çap;71.490;[mm]
Dýþ Çap;71.455;[mm]
Dýþ Çap;71.482;[mm]
Dýþ Çap;71.403;[mm]
Dýþ Çap;71.543;[mm]
Dýþ Çap;71.472;[mm]
Dýþ Çap;71.396;[mm]
Dýþ Çap;71.447;[mm]
Dýþ Çap;71.565;[mm]
Dýþ Çap;71.458;[mm]
Dýþ Çap;71.489;[mm]
Dýþ Çap;71.478;[mm]
Dýþ Çap;71.516;[mm]
Dýþ Çap;71.453;[mm]
Dýþ Çap;71.526;[mm]
Dýþ Çap;71.506;[mm]
Dýþ Çap;71.482;[mm]
Dýþ Çap;71.403;[mm]
Dýþ Çap;71.458;[mm]
Dýþ Çap;71.373;[mm]
Dýþ Çap;71.369;[mm]
Dýþ Çap;71.455;[mm]
Dýþ Çap;71.473;[mm]
Dýþ Çap;71.319;[mm]
Dýþ Çap;71.413;[mm]
Dýþ Çap; ; 
Dýþ Çap;71.411;[mm]
Dýþ Çap;71.443;[mm]
Dýþ Çap;71.433;[mm]
Dýþ Çap;71.507;[mm]
Dýþ Çap;71.476;[mm]
Dýþ Çap;71.448;[mm]
Dýþ Çap;71.498;[mm]
Dýþ Çap;71.504;[mm]
Dýþ Çap;71.469;[mm]
Dýþ Çap;71.413;[mm]
Dýþ Çap;71.466;[mm]
Dýþ Çap;71.369;[mm]
Dýþ Çap;71.477;[mm]
Dýþ Çap;71.513;[mm]
Dýþ Çap;71.379;[mm]
Dýþ Çap;71.391;[mm]
Dýþ Çap;71.398;[mm]
Dýþ Çap;71.522;[mm]
Dýþ Çap;71.421;[mm]
Dýþ Çap;71.464;[mm]
Dýþ Çap;71.401;[mm]
Dýþ Çap;71.462;[mm]
Dýþ Çap;71.440;[mm]
Dýþ Çap;71.304;[mm]
Dýþ Çap;71.454;[mm]
Dýþ Çap;71.413;[mm]
Dýþ Çap;71.377;[mm]
Dýþ Çap;71.416;[mm]
Dýþ Çap;71.395;[mm]
Dýþ Çap;71.488;[mm]
Dýþ Çap;71.462;[mm]
Dýþ Çap;71.397;[mm]
Dýþ Çap;71.501;[mm]
Dýþ Çap;71.466;[mm]
Dýþ Çap;71.415;[mm]
Dýþ Çap;71.539;[mm]
Dýþ Çap;71.428;[mm]
Dýþ Çap;71.422;[mm]
Dýþ Çap;71.564;[mm]
Dýþ Çap;71.479;[mm]
Dýþ Çap;71.466;[mm]
Dýþ Çap;71.453;[mm]
Dýþ Çap;71.443;[mm]
Dýþ Çap;71.530;[mm]
Dýþ Çap;71.465;[mm]
Dýþ Çap;71.412;[mm]
Dýþ Çap;71.459;[mm]
Dýþ Çap;71.462;[mm]
Dýþ Çap;71.410;[mm]
Dýþ Çap;71.395;[mm]
Dýþ Çap;71.428;[mm]
Dýþ Çap;71.445;[mm]
Dýþ Çap;71.446;[mm]
Dýþ Çap;71.488;[mm]
Dýþ Çap;71.486;[mm]
Dýþ Çap;71.490;[mm]
Dýþ Çap;71.436;[mm]
Dýþ Çap;71.422;[mm]
Dýþ Çap;71.406;[mm]
Dýþ Çap;71.483;[mm]
Dýþ Çap;71.482;[mm]
Dýþ Çap;71.397;[mm]
Dýþ Çap;71.456;[mm]
Dýþ Çap;71.357;[mm]
Dýþ Çap;71.414;[mm]
Dýþ Çap;71.522;[mm]
Dýþ Çap;71.530;[mm]
Dýþ Çap;71.426;[mm]
Dýþ Çap;71.395;[mm]
Dýþ Çap;71.490;[mm]
Dýþ Çap;71.407;[mm]
Dýþ Çap;71.518;[mm]
Dýþ Çap;71.480;[mm]
Dýþ Çap;71.511;[mm]
Dýþ Çap;71.373;[mm]
Dýþ Çap;71.432;[mm]
Dýþ Çap;71.383;[mm]
Dýþ Çap;71.462;[mm]
Dýþ Çap;71.365;[mm]
Dýþ Çap;71.463;[mm]
Dýþ Çap;71.493;[mm]
Dýþ Çap;71.462;[mm]
Dýþ Çap;71.418;[mm]
Dýþ Çap;71.412;[mm]
Dýþ Çap;71.338;[mm]
Dýþ Çap;71.505;[mm]
Dýþ Çap;71.383;[mm]
Dýþ Çap;71.472;[mm]
Dýþ Çap;71.493;[mm]
Dýþ Çap;71.450;[mm]
Dýþ Çap;71.529;[mm]
Dýþ Çap;71.477;[mm]
Dýþ Çap;71.504;[mm]
Dýþ Çap;71.539;[mm]
Dýþ Çap;71.451;[mm]
Dýþ Çap;71.514;[mm]
Dýþ Çap;71.420;[mm]
Dýþ Çap;71.400;[mm]
Dýþ Çap;71.416;[mm]
Dýþ Çap;71.489;[mm]
Dýþ Çap;71.463;[mm]
Dýþ Çap;71.440;[mm]
Dýþ Çap;71.470;[mm]
Dýþ Çap;71.400;[mm]
Dýþ Çap;71.473;[mm]
Dýþ Çap;71.498;[mm]
Dýþ Çap;71.428;[mm]
Dýþ Çap;71.471;[mm]
Dýþ Çap;71.478;[mm]
Dýþ Çap;71.472;[mm]
Dýþ Çap;71.536;[mm]
Dýþ Çap;71.566;[mm]
Dýþ Çap;71.449;[mm]
Dýþ Çap;71.554;[mm]
Dýþ Çap;71.451;[mm]
Dýþ Çap;71.393;[mm]
Dýþ Çap;71.499;[mm]
Dýþ Çap;71.460;[mm]
Dýþ Çap;71.436;[mm]
Dýþ Çap;71.481;[mm]
Dýþ Çap;71.424;[mm]
Dýþ Çap;71.510;[mm]
Dýþ Çap;71.528;[mm]
Dýþ Çap;71.480;[mm]
Dýþ Çap;71.476;[mm]
Dýþ Çap;71.273;[mm]
Dýþ Çap;71.477;[mm]
Dýþ Çap;71.411;[mm]
Dýþ Çap;71.567;[mm]
Dýþ Çap;71.382;[mm]
Dýþ Çap;71.484;[mm]
Dýþ Çap;71.424;[mm]
Dýþ Çap;71.507;[mm]
Dýþ Çap;71.484;[mm]
Dýþ Çap;71.416;[mm]
Dýþ Çap;71.492;[mm]
Dýþ Çap;71.389;[mm]
Dýþ Çap;71.383;[mm]
Dýþ Çap;71.457;[mm]
Dýþ Çap;71.486;[mm]
Dýþ Çap;71.436;[mm]
Dýþ Çap;71.478;[mm]
Dýþ Çap;71.558;[mm]
Dýþ Çap;71.561;[mm]
Dýþ Çap;71.426;[mm]
Dýþ Çap;71.367;[mm]
Dýþ Çap;71.492;[mm]
Dýþ Çap;71.390;[mm]
Dýþ Çap;71.397;[mm]
Dýþ Çap;71.484;[mm]
Dýþ Çap;71.543;[mm]
Dýþ Çap;71.462;[mm]
Dýþ Çap;71.425;[mm]
Dýþ Çap;71.482;[mm]
Dýþ Çap;71.417;[mm]
Dýþ Çap;71.450;[mm]
Dýþ Çap;71.475;[mm]
Dýþ Çap;71.456;[mm]
Dýþ Çap;71.383;[mm]
Dýþ Çap;71.519;[mm]
Dýþ Çap;71.455;[mm]
Dýþ Çap;71.331;[mm]
Dýþ Çap;71.480;[mm]
Dýþ Çap;71.510;[mm]
Dýþ Çap;71.476;[mm]
Dýþ Çap;71.380;[mm]
Dýþ Çap;71.465;[mm]
Dýþ Çap;71.386;[mm]
Dýþ Çap;71.477;[mm]
Dýþ Çap;71.487;[mm]
Dýþ Çap;71.469;[mm]
Dýþ Çap;71.518;[mm]
Dýþ Çap;71.504;[mm]
Dýþ Çap;71.479;[mm]
Dýþ Çap;71.542;[mm]
Dýþ Çap;71.789;[mm]
Dýþ Çap;71.500;[mm]
Dýþ Çap;71.460;[mm]
Dýþ Çap;71.482;[mm]
Dýþ Çap;71.402;[mm]
Dýþ Çap;71.503;[mm]
Dýþ Çap;71.420;[mm]
Dýþ Çap;71.472;[mm]
Dýþ Çap;71.463;[mm]
Dýþ Çap;71.548;[mm]
Dýþ Çap;71.462;[mm]
Dýþ Çap;71.374;[mm]
Dýþ Çap;71.476;[mm]
Dýþ Çap;71.463;[mm]
Dýþ Çap;71.410;[mm]
Dýþ Çap;71.409;[mm]
Dýþ Çap;71.462;[mm]
Dýþ Çap;71.404;[mm]
Dýþ Çap;71.425;[mm]
Dýþ Çap;71.406;[mm]
Dýþ Çap;71.431;[mm]
Dýþ Çap;71.502;[mm]
Dýþ Çap;71.472;[mm]
Dýþ Çap;71.521;[mm]
Dýþ Çap;71.413;[mm]
Dýþ Çap;72.263;[mm]
Dýþ Çap;71.385;[mm]
Dýþ Çap;71.420;[mm]
Dýþ Çap;71.396;[mm]
Dýþ Çap;71.463;[mm]
Dýþ Çap;71.487;[mm]
Dýþ Çap;71.427;[mm]
Dýþ Çap;71.455;[mm]
Dýþ Çap;71.411;[mm]
Dýþ Çap;71.391;[mm]
Dýþ Çap;71.488;[mm]
Dýþ Çap;71.456;[mm]
Dýþ Çap;71.460;[mm]
Dýþ Çap;71.483;[mm]
Dýþ Çap;71.509;[mm]
Dýþ Çap;71.475;[mm]
Dýþ Çap;71.518;[mm]
Dýþ Çap;71.389;[mm]
Dýþ Çap;71.503;[mm]
Dýþ Çap;71.416;[mm]
Dýþ Çap;71.462;[mm]
Dýþ Çap;71.430;[mm]
Dýþ Çap;71.533;[mm]
Dýþ Çap;71.355;[mm]
Dýþ Çap;71.424;[mm]
Dýþ Çap;71.298;[mm]
Dýþ Çap;71.499;[mm]
Dýþ Çap;71.436;[mm]
Dýþ Çap;71.487;[mm]
Dýþ Çap;71.385;[mm]
Dýþ Çap;71.458;[mm]
Dýþ Çap;71.517;[mm]
Dýþ Çap;71.436;[mm]
Dýþ Çap;71.571;[mm]
Dýþ Çap;71.405;[mm]
Dýþ Çap;71.489;[mm]
Dýþ Çap;71.521;[mm]
Dýþ Çap;71.461;[mm]
Dýþ Çap;71.479;[mm]
Dýþ Çap;71.457;[mm]
Dýþ Çap;71.438;[mm]
Dýþ Çap;71.426;[mm]
Dýþ Çap;71.481;[mm]
Dýþ Çap;71.521;[mm]
Dýþ Çap;71.540;[mm]
Dýþ Çap;71.498;[mm]
Dýþ Çap;71.375;[mm]
Dýþ Çap;71.537;[mm]
Dýþ Çap;71.480;[mm]
Dýþ Çap;71.439;[mm]
Dýþ Çap;71.480;[mm]
Dýþ Çap;71.492;[mm]
Dýþ Çap;71.481;[mm]
Dýþ Çap;71.431;[mm]
Dýþ Çap;71.489;[mm]
Dýþ Çap;71.358;[mm]
Dýþ Çap;71.413;[mm]
Dýþ Çap;71.405;[mm]
Dýþ Çap;71.394;[mm]
Dýþ Çap;71.425;[mm]
Dýþ Çap;71.424;[mm]
Dýþ Çap;71.539;[mm]
Dýþ Çap;71.560;[mm]
Dýþ Çap;71.346;[mm]
Dýþ Çap;71.453;[mm]
Dýþ Çap;71.522;[mm]
Dýþ Çap;71.498;[mm]
Dýþ Çap;71.472;[mm]
Dýþ Çap;71.209;[mm]
Dýþ Çap;71.438;[mm]
Dýþ Çap;71.458;[mm]
Dýþ Çap;71.489;[mm]
Dýþ Çap;71.526;[mm]
Dýþ Çap;71.411;[mm]
Dýþ Çap;71.469;[mm]
Dýþ Çap;71.461;[mm]
Dýþ Çap;71.506;[mm]
Dýþ Çap;71.460;[mm]
Dýþ Çap;71.468;[mm]
Dýþ Çap;71.434;[mm]
Dýþ Çap;71.518;[mm]
Dýþ Çap;71.335;[mm]
Dýþ Çap;71.477;[mm]
Dýþ Çap;71.455;[mm]
Dýþ Çap;71.492;[mm]
Dýþ Çap;71.446;[mm]
Dýþ Çap;71.411;[mm]
Dýþ Çap;71.518;[mm]
Dýþ Çap;71.374;[mm]
Dýþ Çap;71.561;[mm]
Dýþ Çap;71.474;[mm]
Dýþ Çap;71.444;[mm]
Dýþ Çap;71.414;[mm]
Dýþ Çap;71.402;[mm]
Dýþ Çap;71.548;[mm]
Dýþ Çap;71.674;[mm]
Dýþ Çap;71.450;[mm]
Dýþ Çap;71.596;[mm]
Dýþ Çap;71.455;[mm]
Dýþ Çap;71.556;[mm]
Dýþ Çap;71.545;[mm]
Dýþ Çap;71.488;[mm]
Dýþ Çap;71.483;[mm]
Dýþ Çap; ; 
Dýþ Çap;71.419;[mm]
Dýþ Çap;71.542;[mm]
Dýþ Çap;71.185;[mm]
Dýþ Çap;71.404;[mm]
Dýþ Çap;71.463;[mm]
Dýþ Çap;71.578;[mm]
Dýþ Çap;71.356;[mm]
Dýþ Çap;71.558;[mm]
Dýþ Çap;71.438;[mm]
Dýþ Çap;71.549;[mm]
Dýþ Çap;71.491;[mm]
Dýþ Çap;71.503;[mm]
Dýþ Çap;71.483;[mm]
Dýþ Çap;71.535;[mm]
Dýþ Çap;71.456;[mm]
Dýþ Çap;71.510;[mm]
Dýþ Çap;71.388;[mm]
Dýþ Çap;71.420;[mm]
Dýþ Çap;71.439;[mm]
Dýþ Çap;71.546;[mm]
Dýþ Çap;71.496;[mm]
Dýþ Çap;71.536;[mm]
Dýþ Çap;71.539;[mm]
Dýþ Çap;71.523;[mm]
Dýþ Çap;71.533;[mm]
Dýþ Çap;71.539;[mm]
Dýþ Çap;71.332;[mm]
Dýþ Çap;71.434;[mm]
Dýþ Çap;71.497;[mm]
Dýþ Çap;71.502;[mm]
Dýþ Çap;71.344;[mm]
Dýþ Çap;71.380;[mm]
Dýþ Çap;71.502;[mm]
Dýþ Çap;71.489;[mm]
Dýþ Çap;71.494;[mm]
Dýþ Çap;71.424;[mm]
Dýþ Çap;71.365;[mm]
Dýþ Çap;71.468;[mm]
Dýþ Çap;71.456;[mm]
Dýþ Çap;71.454;[mm]
Dýþ Çap;71.562;[mm]
Dýþ Çap;71.458;[mm]
Dýþ Çap;71.551;[mm]
Dýþ Çap;71.524;[mm]
Dýþ Çap;71.446;[mm]
Dýþ Çap;71.435;[mm]
Dýþ Çap;71.449;[mm]
Dýþ Çap;71.458;[mm]
Dýþ Çap;71.493;[mm]
Dýþ Çap;71.479;[mm]
Dýþ Çap;71.496;[mm]
Dýþ Çap;71.440;[mm]
Dýþ Çap;71.507;[mm]
Dýþ Çap;71.516;[mm]
Dýþ Çap;71.495;[mm]
Dýþ Çap;71.455;[mm]
Dýþ Çap;71.427;[mm]
Dýþ Çap;71.414;[mm]
Dýþ Çap;71.476;[mm]
Dýþ Çap;71.455;[mm]
Dýþ Çap;71.427;[mm]
Dýþ Çap;71.508;[mm]
Dýþ Çap;71.463;[mm]
Dýþ Çap;71.400;[mm]
Dýþ Çap;71.534;[mm]
Dýþ Çap;71.564;[mm]
Dýþ Çap;71.399;[mm]
Dýþ Çap;71.382;[mm]
Dýþ Çap;71.531;[mm]
Dýþ Çap;71.586;[mm]
Dýþ Çap;71.471;[mm]
Dýþ Çap;71.447;[mm]
Dýþ Çap;71.898;[mm]
Dýþ Çap;71.468;[mm]
Dýþ Çap;71.323;[mm]
Dýþ Çap;71.451;[mm]
Dýþ Çap;71.495;[mm]
Dýþ Çap;71.493;[mm]
Dýþ Çap;71.351;[mm]
Dýþ Çap;71.457;[mm]
Dýþ Çap;71.497;[mm]
Dýþ Çap;71.372;[mm]
Dýþ Çap;71.482;[mm]
Dýþ Çap;71.348;[mm]
Dýþ Çap;71.392;[mm]
Dýþ Çap;71.479;[mm]
Dýþ Çap;71.498;[mm]
Dýþ Çap;71.511;[mm]
Dýþ Çap;71.525;[mm]
Dýþ Çap;71.493;[mm]
Dýþ Çap;71.452;[mm]
Dýþ Çap;71.406;[mm]
Dýþ Çap;71.444;[mm]
Dýþ Çap;71.413;[mm]
Dýþ Çap;71.520;[mm]
Dýþ Çap;71.442;[mm]
Dýþ Çap;71.527;[mm]
Dýþ Çap;71.479;[mm]
Dýþ Çap;71.409;[mm]
Dýþ Çap;71.453;[mm]
Dýþ Çap;71.502;[mm]
Dýþ Çap;71.497;[mm]
Dýþ Çap;71.473;[mm]
Dýþ Çap;71.449;[mm]
Dýþ Çap;71.479;[mm]
Dýþ Çap;71.503;[mm]
Dýþ Çap;71.898;[mm]
Dýþ Çap;71.437;[mm]
Dýþ Çap;71.473;[mm]
Dýþ Çap;71.453;[mm]
Dýþ Çap;71.454;[mm]
Dýþ Çap;71.305;[mm]
Dýþ Çap;71.512;[mm]
Dýþ Çap;71.547;[mm]
Dýþ Çap;71.435;[mm]
Dýþ Çap;71.354;[mm]
Dýþ Çap;71.401;[mm]
Dýþ Çap;71.486;[mm]
Dýþ Çap;71.503;[mm]
Dýþ Çap;71.407;[mm]
Dýþ Çap;71.501;[mm]
Dýþ Çap;71.472;[mm]
Dýþ Çap;71.421;[mm]
Dýþ Çap;71.496;[mm]
Dýþ Çap;71.455;[mm]
Dýþ Çap;71.367;[mm]
Dýþ Çap;71.492;[mm]
Dýþ Çap;71.412;[mm]
Dýþ Çap;71.364;[mm]
Dýþ Çap;71.832;[mm]
Dýþ Çap;71.518;[mm]
Dýþ Çap;71.468;[mm]
Dýþ Çap;71.533;[mm]
Dýþ Çap;71.481;[mm]
Dýþ Çap;71.455;[mm]
Dýþ Çap;71.501;[mm]
Dýþ Çap;71.424;[mm]
Dýþ Çap;71.412;[mm]
Dýþ Çap;71.426;[mm]
Dýþ Çap;71.480;[mm]
Dýþ Çap;71.369;[mm]
Dýþ Çap;71.389;[mm]
Dýþ Çap;71.473;[mm]
Dýþ Çap;71.467;[mm]
Dýþ Çap;71.490;[mm]
Dýþ Çap;71.456;[mm]
Dýþ Çap;71.529;[mm]
Dýþ Çap;71.535;[mm]
Dýþ Çap;71.430;[mm]
Dýþ Çap;71.415;[mm]
Dýþ Çap;71.494;[mm]
Dýþ Çap;71.485;[mm]
Dýþ Çap;71.387;[mm]
Dýþ Çap;71.324;[mm]
Dýþ Çap;71.453;[mm]
Dýþ Çap;71.377;[mm]
Dýþ Çap;71.398;[mm]
Dýþ Çap;71.421;[mm]
Dýþ Çap;71.501;[mm]
Dýþ Çap;71.545;[mm]
Dýþ Çap;71.459;[mm]
Dýþ Çap;71.471;[mm]
Dýþ Çap;71.551;[mm]
Dýþ Çap;71.522;[mm]
Dýþ Çap;71.535;[mm]
Dýþ Çap;71.468;[mm]
Dýþ Çap;71.456;[mm]
Dýþ Çap;71.525;[mm]
Dýþ Çap;71.465;[mm]
Dýþ Çap;71.374;[mm]
Dýþ Çap;71.481;[mm]
Dýþ Çap;71.351;[mm]
Dýþ Çap;71.392;[mm]
Dýþ Çap;71.371;[mm]
Dýþ Çap;71.522;[mm]
Dýþ Çap;71.539;[mm]
Dýþ Çap;71.510;[mm]
Dýþ Çap;71.486;[mm]
Dýþ Çap;71.406;[mm]
Dýþ Çap;71.291;[mm]
Dýþ Çap;71.440;[mm]
Dýþ Çap;71.516;[mm]
Dýþ Çap;71.377;[mm]
Dýþ Çap;71.398;[mm]
Dýþ Çap;71.438;[mm]
Dýþ Çap;71.411;[mm]
Dýþ Çap;71.526;[mm]
Dýþ Çap;71.465;[mm]
Dýþ Çap;71.502;[mm]
Dýþ Çap;71.471;[mm]
Dýþ Çap;71.515;[mm]
Dýþ Çap;71.261;[mm]
Dýþ Çap;71.470;[mm]
Dýþ Çap;71.314;[mm]
Dýþ Çap;71.504;[mm]
Dýþ Çap;71.485;[mm]
Dýþ Çap;71.467;[mm]
Dýþ Çap;71.461;[mm]
Dýþ Çap;71.359;[mm]
Dýþ Çap;71.478;[mm]
Dýþ Çap;71.497;[mm]
Dýþ Çap;71.471;[mm]
Dýþ Çap;71.403;[mm]
Dýþ Çap;71.490;[mm]
Dýþ Çap;71.468;[mm]
Dýþ Çap;71.390;[mm]
Dýþ Çap;71.572;[mm]
Dýþ Çap; ; 
Dýþ Çap;71.356;[mm]
Dýþ Çap;71.514;[mm]
Dýþ Çap;71.460;[mm]
Dýþ Çap;71.558;[mm]
Dýþ Çap;71.527;[mm]
Dýþ Çap;71.521;[mm]
Dýþ Çap;71.358;[mm]
Dýþ Çap;71.393;[mm]
Dýþ Çap;71.377;[mm]
Dýþ Çap;71.423;[mm]
Dýþ Çap;71.496;[mm]
Dýþ Çap;71.522;[mm]
Dýþ Çap;71.410;[mm]
Dýþ Çap;71.460;[mm]
Dýþ Çap;71.441;[mm]
Dýþ Çap;71.389;[mm]
Dýþ Çap;71.500;[mm]
Dýþ Çap;71.495;[mm]
Dýþ Çap;71.421;[mm]
Dýþ Çap;71.412;[mm]
Dýþ Çap;71.508;[mm]
Dýþ Çap;71.388;[mm]
Dýþ Çap;71.480;[mm]
Dýþ Çap;71.415;[mm]
Dýþ Çap;71.510;[mm]
Dýþ Çap;71.410;[mm]
Dýþ Çap;71.476;[mm]
Dýþ Çap;71.402;[mm]
Dýþ Çap;71.506;[mm]
Dýþ Çap;71.416;[mm]
Dýþ Çap;71.499;[mm]
Dýþ Çap;71.472;[mm]
Dýþ Çap;71.552;[mm]
Dýþ Çap;71.418;[mm]
Dýþ Çap;71.465;[mm]
Dýþ Çap;71.377;[mm]
Dýþ Çap;71.422;[mm]
Dýþ Çap;71.549;[mm]
Dýþ Çap;71.409;[mm]
Dýþ Çap;71.368;[mm]
Dýþ Çap;71.374;[mm]
Dýþ Çap;71.502;[mm]
Dýþ Çap;71.550;[mm]
Dýþ Çap;71.443;[mm]
Dýþ Çap;71.441;[mm]
Dýþ Çap;71.481;[mm]
Dýþ Çap;71.448;[mm]
Dýþ Çap;71.389;[mm]
Dýþ Çap;71.402;[mm]
Dýþ Çap;71.490;[mm]
Dýþ Çap;71.479;[mm]
Dýþ Çap;71.229;[mm]
Dýþ Çap;71.515;[mm]
Dýþ Çap;71.368;[mm]
Dýþ Çap;71.497;[mm]
Dýþ Çap;71.265;[mm]
Dýþ Çap;71.531;[mm]
Dýþ Çap;71.468;[mm]
Dýþ Çap;71.488;[mm]
Dýþ Çap;71.441;[mm]
Dýþ Çap;71.425;[mm]
Dýþ Çap;71.494;[mm]
Dýþ Çap;71.475;[mm]
Dýþ Çap;71.385;[mm]
Dýþ Çap;71.422;[mm]
Dýþ Çap;71.523;[mm]
Dýþ Çap;71.382;[mm]
Dýþ Çap;71.460;[mm]
Dýþ Çap;71.424;[mm]
Dýþ Çap;71.393;[mm]
Dýþ Çap;71.479;[mm]
Dýþ Çap;71.467;[mm]
Dýþ Çap;71.474;[mm]
Dýþ Çap;71.367;[mm]
Dýþ Çap;71.491;[mm]
Dýþ Çap;71.407;[mm]
Dýþ Çap;71.547;[mm]
Dýþ Çap;71.211;[mm]
Dýþ Çap;71.511;[mm]
Dýþ Çap;71.448;[mm]
Dýþ Çap;71.480;[mm]
Dýþ Çap;71.483;[mm]
Dýþ Çap;71.489;[mm]
Dýþ Çap;71.369;[mm]
Dýþ Çap;71.506;[mm]
Dýþ Çap;71.470;[mm]
Dýþ Çap;71.388;[mm]
Dýþ Çap;71.403;[mm]
Dýþ Çap;71.511;[mm]
Dýþ Çap;71.504;[mm]
Dýþ Çap;71.513;[mm]
Dýþ Çap;71.439;[mm]
Dýþ Çap;71.521;[mm]
Dýþ Çap;71.357;[mm]
Dýþ Çap;71.457;[mm]
Dýþ Çap;71.451;[mm]
Dýþ Çap;71.377;[mm]
Dýþ Çap;71.494;[mm]
Dýþ Çap;71.544;[mm]
Dýþ Çap;71.446;[mm]
Dýþ Çap;71.443;[mm]
Dýþ Çap;71.402;[mm]
Dýþ Çap;71.500;[mm]
Dýþ Çap;71.410;[mm]
Dýþ Çap;71.464;[mm]
Dýþ Çap;71.555;[mm]
Dýþ Çap;71.411;[mm]
Dýþ Çap;71.449;[mm]
Dýþ Çap;71.494;[mm]
Dýþ Çap;71.490;[mm]
Dýþ Çap;71.390;[mm]
Dýþ Çap;71.512;[mm]
Dýþ Çap;71.387;[mm]
Dýþ Çap;71.451;[mm]
Dýþ Çap;71.415;[mm]
Dýþ Çap;71.350;[mm]
Dýþ Çap;71.464;[mm]
Dýþ Çap;71.444;[mm]
Dýþ Çap;71.494;[mm]
Dýþ Çap;71.432;[mm]
Dýþ Çap;71.538;[mm]
Dýþ Çap;71.498;[mm]
Dýþ Çap;71.444;[mm]
Dýþ Çap;71.437;[mm]
Dýþ Çap;71.504;[mm]
Dýþ Çap;71.478;[mm]
Dýþ Çap;71.506;[mm]
Dýþ Çap;71.574;[mm]
Dýþ Çap;71.389;[mm]
Dýþ Çap;71.472;[mm]
Dýþ Çap;71.527;[mm]
Dýþ Çap;71.501;[mm]
Dýþ Çap;71.437;[mm]
Dýþ Çap;71.533;[mm]
Dýþ Çap;71.415;[mm]
Dýþ Çap;71.498;[mm]
Dýþ Çap;71.463;[mm]
Dýþ Çap;71.499;[mm]
Dýþ Çap;71.497;[mm]
Dýþ Çap;71.494;[mm]
Dýþ Çap;71.402;[mm]
Dýþ Çap;71.441;[mm]
Dýþ Çap;71.443;[mm]
Dýþ Çap;71.491;[mm]
Dýþ Çap;71.457;[mm]
Dýþ Çap;71.465;[mm]
Dýþ Çap;71.481;[mm]
Dýþ Çap;71.431;[mm]
Dýþ Çap;71.395;[mm]
Dýþ Çap;71.525;[mm]
Dýþ Çap;71.397;[mm]
Dýþ Çap;71.420;[mm]
Dýþ Çap;71.445;[mm]
Dýþ Çap;71.474;[mm]
Dýþ Çap;71.510;[mm]
Dýþ Çap;71.473;[mm]
Dýþ Çap;71.405;[mm]
Dýþ Çap;71.452;[mm]
Dýþ Çap;71.442;[mm]
Dýþ Çap;71.527;[mm]
Dýþ Çap;71.492;[mm]
Dýþ Çap;71.486;[mm]
Dýþ Çap;71.380;[mm]
Dýþ Çap;71.364;[mm]
Dýþ Çap;71.495;[mm]
Dýþ Çap;71.446;[mm]
Dýþ Çap;71.495;[mm]
Dýþ Çap;71.308;[mm]
Dýþ Çap;71.509;[mm]
Dýþ Çap;71.406;[mm]
Dýþ Çap;71.493;[mm]
Dýþ Çap;71.465;[mm]
Dýþ Çap;71.360;[mm]
Dýþ Çap;71.470;[mm]
Dýþ Çap;71.464;[mm]
Dýþ Çap;71.380;[mm]
Dýþ Çap;71.457;[mm]
Dýþ Çap;71.104;[mm]
Dýþ Çap;71.487;[mm]
Dýþ Çap; ; 
Dýþ Çap;71.446;[mm]
Dýþ Çap;71.415;[mm]
Dýþ Çap;71.523;[mm]
Dýþ Çap;71.491;[mm]
Dýþ Çap;71.378;[mm]
Dýþ Çap;71.450;[mm]
Dýþ Çap;71.449;[mm]
Dýþ Çap;71.483;[mm]
Dýþ Çap;71.430;[mm]
Dýþ Çap;71.424;[mm]
Dýþ Çap; ; 
Dýþ Çap;71.507;[mm]
Dýþ Çap;71.514;[mm]
Dýþ Çap;71.480;[mm]
Dýþ Çap;71.395;[mm]
Dýþ Çap;71.342;[mm]
Dýþ Çap;71.480;[mm]
Dýþ Çap;71.421;[mm]
Dýþ Çap;71.460;[mm]
Dýþ Çap;71.381;[mm]
Dýþ Çap;71.425;[mm]
Dýþ Çap;71.364;[mm]
Dýþ Çap;71.372;[mm]
Dýþ Çap;71.487;[mm]
Dýþ Çap;71.487;[mm]
Dýþ Çap;71.365;[mm]
Dýþ Çap;71.484;[mm]
Dýþ Çap;71.433;[mm]
Dýþ Çap;71.479;[mm]
Dýþ Çap;71.386;[mm]
Dýþ Çap;71.480;[mm]
Dýþ Çap;71.380;[mm]
Dýþ Çap;71.521;[mm]
Dýþ Çap;71.360;[mm]
Dýþ Çap;71.481;[mm]
Dýþ Çap;71.412;[mm]
Dýþ Çap;71.462;[mm]
Dýþ Çap;71.462;[mm]
Dýþ Çap;71.285;[mm]
Dýþ Çap;71.513;[mm]
Dýþ Çap;71.362;[mm]
Dýþ Çap;71.568;[mm]
Dýþ Çap;71.418;[mm]
Dýþ Çap;71.513;[mm]
Dýþ Çap;71.422;[mm]
Dýþ Çap;71.446;[mm]
Dýþ Çap;71.446;[mm]
Dýþ Çap;71.402;[mm]
Dýþ Çap;71.463;[mm]
Dýþ Çap;71.318;[mm]
Dýþ Çap;71.397;[mm]
Dýþ Çap;71.531;[mm]
Dýþ Çap;71.463;[mm]
Dýþ Çap;71.481;[mm]
Dýþ Çap;71.422;[mm]
Dýþ Çap;71.486;[mm]
Dýþ Çap;71.415;[mm]
Dýþ Çap;71.322;[mm]
Dýþ Çap;71.474;[mm]
Dýþ Çap;71.425;[mm]
Dýþ Çap;71.468;[mm]
Dýþ Çap;71.425;[mm]
Dýþ Çap;71.494;[mm]
Dýþ Çap; ; 
Dýþ Çap;71.472;[mm]
Dýþ Çap;71.446;[mm]
Dýþ Çap;71.492;[mm]
Dýþ Çap;71.484;[mm]
Dýþ Çap;71.505;[mm]
Dýþ Çap;71.341;[mm]
Dýþ Çap;71.501;[mm]
Dýþ Çap;71.463;[mm]
Dýþ Çap;71.473;[mm]
Dýþ Çap;71.526;[mm]
Dýþ Çap;71.462;[mm]
Dýþ Çap;71.405;[mm]
Dýþ Çap;71.467;[mm]
Dýþ Çap;71.398;[mm]
Dýþ Çap;71.449;[mm]
Dýþ Çap;71.470;[mm]
Dýþ Çap;71.446;[mm]
Dýþ Çap;71.431;[mm]
Dýþ Çap;71.490;[mm]
Dýþ Çap;71.530;[mm]
Dýþ Çap;71.540;[mm]
Dýþ Çap;71.439;[mm]
Dýþ Çap;71.470;[mm]
Dýþ Çap;71.228;[mm]
Dýþ Çap;71.493;[mm]
Dýþ Çap;71.379;[mm]
Dýþ Çap;71.392;[mm]
Dýþ Çap;71.374;[mm]
Dýþ Çap;71.354;[mm]
Dýþ Çap;71.453;[mm]
Dýþ Çap;71.478;[mm]
Dýþ Çap;71.433;[mm]
Dýþ Çap;71.467;[mm]
Dýþ Çap;71.470;[mm]
Dýþ Çap;71.326;[mm]
Dýþ Çap;71.458;[mm]
Dýþ Çap;71.437;[mm]
Dýþ Çap;71.389;[mm]
Dýþ Çap;71.461;[mm]
Dýþ Çap;71.515;[mm]
Dýþ Çap;71.398;[mm]
Dýþ Çap;71.427;[mm]
Dýþ Çap;71.464;[mm]
Dýþ Çap;71.452;[mm]
Dýþ Çap;71.481;[mm]
Dýþ Çap;71.509;[mm]
Dýþ Çap;71.447;[mm]
Dýþ Çap;71.394;[mm]
Dýþ Çap;71.442;[mm]
Dýþ Çap;71.474;[mm]
Dýþ Çap;71.482;[mm]
Dýþ Çap;71.508;[mm]
Dýþ Çap;71.390;[mm]
Dýþ Çap;71.484;[mm]
Dýþ Çap;71.381;[mm]
Dýþ Çap;71.477;[mm]
Dýþ Çap;71.394;[mm]
Dýþ Çap;71.481;[mm]
Dýþ Çap;71.526;[mm]
Dýþ Çap;71.373;[mm]
Dýþ Çap;71.476;[mm]
Dýþ Çap;71.503;[mm]
Dýþ Çap;71.503;[mm]
Dýþ Çap;71.398;[mm]
Dýþ Çap;71.471;[mm]
Dýþ Çap;71.063;[mm]
Dýþ Çap;71.485;[mm]
Dýþ Çap;71.489;[mm]
Dýþ Çap;71.406;[mm]
Dýþ Çap;71.529;[mm]
Dýþ Çap;71.472;[mm]
Dýþ Çap;71.481;[mm]
Dýþ Çap;71.450;[mm]
Dýþ Çap;71.405;[mm]
Dýþ Çap;71.581;[mm]
Dýþ Çap;71.407;[mm]
Dýþ Çap;71.535;[mm]
Dýþ Çap;71.422;[mm]
Dýþ Çap;71.472;[mm]
Dýþ Çap;71.454;[mm]
Dýþ Çap;71.441;[mm]
Dýþ Çap;71.472;[mm]
Dýþ Çap;71.532;[mm]
Dýþ Çap;71.518;[mm]
Dýþ Çap;71.394;[mm]
Dýþ Çap;71.389;[mm]
Dýþ Çap;71.384;[mm]
Dýþ Çap;71.474;[mm]
Dýþ Çap;71.416;[mm]
Dýþ Çap;71.530;[mm]
Dýþ Çap;71.549;[mm]
Dýþ Çap;71.404;[mm]
Dýþ Çap;71.453;[mm]
Dýþ Çap;71.344;[mm]
Dýþ Çap;71.480;[mm]
Dýþ Çap;71.292;[mm]
Dýþ Çap;71.510;[mm]
Dýþ Çap;71.422;[mm]
Dýþ Çap;71.442;[mm]
Dýþ Çap;71.484;[mm]
Dýþ Çap;71.501;[mm]
Dýþ Çap;71.376;[mm]
Dýþ Çap;71.426;[mm]
Dýþ Çap;71.550;[mm]
Dýþ Çap;71.473;[mm]
Dýþ Çap;71.470;[mm]
Dýþ Çap;71.328;[mm]
Dýþ Çap;71.396;[mm]
Dýþ Çap;71.459;[mm]
Dýþ Çap;71.441;[mm]
Dýþ Çap;71.454;[mm]
Dýþ Çap;71.480;[mm]
Dýþ Çap;71.521;[mm]
Dýþ Çap;71.469;[mm]
Dýþ Çap;71.456;[mm]
Dýþ Çap;71.465;[mm]
Dýþ Çap;71.446;[mm]
Dýþ Çap;71.487;[mm]
Dýþ Çap;71.469;[mm]
Dýþ Çap;71.360;[mm]
Dýþ Çap;71.526;[mm]
Dýþ Çap;71.484;[mm]
Dýþ Çap;71.465;[mm]
Dýþ Çap;71.490;[mm]
Dýþ Çap;71.495;[mm]
Dýþ Çap;71.467;[mm]
Dýþ Çap;71.483;[mm]
Dýþ Çap;71.471;[mm]
Dýþ Çap;71.425;[mm]
Dýþ Çap;71.523;[mm]
Dýþ Çap;71.480;[mm]
Dýþ Çap;71.519;[mm]
Dýþ Çap;71.538;[mm]
Dýþ Çap;71.467;[mm]
Dýþ Çap;71.454;[mm]
Dýþ Çap;71.461;[mm]
Dýþ Çap;71.372;[mm]
Dýþ Çap;71.537;[mm]
Dýþ Çap;71.488;[mm]
Dýþ Çap;71.150;[mm]
Dýþ Çap;71.444;[mm]
Dýþ Çap;71.411;[mm]
Dýþ Çap;71.498;[mm]
Dýþ Çap;71.350;[mm]
Dýþ Çap;71.401;[mm]
Dýþ Çap;71.497;[mm]
Dýþ Çap;71.492;[mm]
Dýþ Çap;71.401;[mm]
Dýþ Çap;71.512;[mm]
Dýþ Çap;71.455;[mm]
Dýþ Çap;71.493;[mm]
Dýþ Çap;71.342;[mm]
Dýþ Çap;71.474;[mm]
Dýþ Çap;71.423;[mm]
Dýþ Çap;71.370;[mm]
Dýþ Çap;71.517;[mm]
Dýþ Çap;71.434;[mm]
Dýþ Çap;71.480;[mm]
Dýþ Çap;71.447;[mm]
Dýþ Çap;71.443;[mm]
Dýþ Çap;71.513;[mm]
Dýþ Çap;71.386;[mm]
Dýþ Çap;71.463;[mm]
Dýþ Çap;71.456;[mm]
Dýþ Çap;71.457;[mm]
Dýþ Çap;71.691;[mm]
Dýþ Çap;71.414;[mm]
Dýþ Çap;71.405;[mm]
Dýþ Çap;71.472;[mm]
Dýþ Çap;71.471;[mm]
Dýþ Çap;71.332;[mm]
Dýþ Çap;71.518;[mm]
Dýþ Çap;71.432;[mm]
Dýþ Çap;71.430;[mm]
Dýþ Çap;71.446;[mm]
Dýþ Çap;71.473;[mm]
Dýþ Çap;71.406;[mm]
Dýþ Çap;71.420;[mm]
Dýþ Çap;71.429;[mm]
Dýþ Çap;71.356;[mm]
Dýþ Çap;71.460;[mm]
Dýþ Çap;71.420;[mm]
Dýþ Çap;71.420;[mm]
Dýþ Çap;71.469;[mm]
Dýþ Çap;71.382;[mm]
Dýþ Çap;71.414;[mm]
Dýþ Çap;71.420;[mm]
Dýþ Çap;71.483;[mm]
Dýþ Çap;71.438;[mm]
Dýþ Çap;71.469;[mm]
Dýþ Çap;71.499;[mm]
Dýþ Çap;71.559;[mm]
Dýþ Çap;71.447;[mm]
Dýþ Çap;71.412;[mm]
Dýþ Çap;71.456;[mm]
Dýþ Çap;71.577;[mm]
Dýþ Çap;71.367;[mm]
Dýþ Çap;71.442;[mm]
Dýþ Çap;71.459;[mm]
Dýþ Çap;71.450;[mm]
Dýþ Çap;71.453;[mm]
Dýþ Çap;71.505;[mm]
Dýþ Çap;71.393;[mm]
Dýþ Çap;71.435;[mm]
Dýþ Çap;71.384;[mm]
Dýþ Çap;71.565;[mm]
Dýþ Çap;71.472;[mm]
Dýþ Çap;71.450;[mm]
Dýþ Çap;71.473;[mm]
Dýþ Çap;71.429;[mm]
Dýþ Çap;71.367;[mm]
Dýþ Çap;71.456;[mm]
Dýþ Çap;71.416;[mm]
Dýþ Çap; ; 
Dýþ Çap;71.404;[mm]
Dýþ Çap;71.534;[mm]
Dýþ Çap;71.449;[mm]
Dýþ Çap;71.313;[mm]
Dýþ Çap;71.438;[mm]
Dýþ Çap;71.309;[mm]
Dýþ Çap;71.442;[mm]
Dýþ Çap;71.404;[mm]
Dýþ Çap;71.490;[mm]
Dýþ Çap;71.449;[mm]
Dýþ Çap;71.473;[mm]
Dýþ Çap;71.527;[mm]
Dýþ Çap;71.358;[mm]
Dýþ Çap;71.334;[mm]
Dýþ Çap;71.471;[mm]
Dýþ Çap;71.563;[mm]
Dýþ Çap;71.420;[mm]
Dýþ Çap;71.481;[mm]
Dýþ Çap;71.506;[mm]
Dýþ Çap;71.405;[mm]
Dýþ Çap;71.433;[mm]
Dýþ Çap;71.408;[mm]
Dýþ Çap;71.407;[mm]
Dýþ Çap;71.508;[mm]
Dýþ Çap;71.471;[mm]
Dýþ Çap;71.449;[mm]
Dýþ Çap;71.526;[mm]
Dýþ Çap;71.384;[mm]
Dýþ Çap;71.437;[mm]
Dýþ Çap;71.434;[mm]
Dýþ Çap;71.477;[mm]
Dýþ Çap;71.365;[mm]
Dýþ Çap;71.501;[mm]
Dýþ Çap;71.519;[mm]
Dýþ Çap;71.431;[mm]
Dýþ Çap;71.514;[mm]
Dýþ Çap;71.456;[mm]
Dýþ Çap;71.431;[mm]
Dýþ Çap;71.451;[mm]
Dýþ Çap;71.567;[mm]
Dýþ Çap;71.349;[mm]
Dýþ Çap;71.346;[mm]
Dýþ Çap;71.495;[mm]
Dýþ Çap;71.379;[mm]
Dýþ Çap;71.468;[mm]
Dýþ Çap;71.375;[mm]
Dýþ Çap;71.513;[mm]
Dýþ Çap;71.466;[mm]
Dýþ Çap;71.377;[mm]
Dýþ Çap;71.536;[mm]
Dýþ Çap;71.413;[mm]
Dýþ Çap;71.497;[mm]
Dýþ Çap;71.535;[mm]
Dýþ Çap;71.506;[mm]
Dýþ Çap;71.427;[mm]
Dýþ Çap;71.367;[mm]
Dýþ Çap;71.430;[mm]
Dýþ Çap;71.496;[mm]
Dýþ Çap;71.379;[mm]
Dýþ Çap;71.441;[mm]
Dýþ Çap;71.436;[mm]
Dýþ Çap;71.485;[mm]
Dýþ Çap;71.389;[mm]
Dýþ Çap;71.476;[mm]
Dýþ Çap;71.492;[mm]
Dýþ Çap;71.429;[mm]
Dýþ Çap;71.516;[mm]
Dýþ Çap;71.401;[mm]
Dýþ Çap;71.488;[mm]
Dýþ Çap;71.415;[mm]
Dýþ Çap;71.475;[mm]
Dýþ Çap;71.403;[mm]
Dýþ Çap;71.499;[mm]
Dýþ Çap;71.464;[mm]
Dýþ Çap;71.433;[mm]
Dýþ Çap;71.445;[mm]
Dýþ Çap;71.473;[mm]
Dýþ Çap;71.440;[mm]
Dýþ Çap;71.490;[mm]
Dýþ Çap;71.542;[mm]
Dýþ Çap;71.362;[mm]
Dýþ Çap;71.549;[mm]
Dýþ Çap;71.425;[mm]
Dýþ Çap;71.463;[mm]
Dýþ Çap;71.380;[mm]
Dýþ Çap;71.491;[mm]
Dýþ Çap;71.465;[mm]
Dýþ Çap;71.362;[mm]
Dýþ Çap;70.717;[mm]
Dýþ Çap;71.264;[mm]
Dýþ Çap;71.438;[mm]
Dýþ Çap;71.469;[mm]
Dýþ Çap;71.474;[mm]
Dýþ Çap;71.489;[mm]
Dýþ Çap;71.464;[mm]
Dýþ Çap;71.354;[mm]
Dýþ Çap;71.468;[mm]
Dýþ Çap;71.475;[mm]
Dýþ Çap;71.435;[mm]
Dýþ Çap;71.474;[mm]
Dýþ Çap;71.437;[mm]
Dýþ Çap;71.432;[mm]
Dýþ Çap;71.500;[mm]
Dýþ Çap;71.343;[mm]
Dýþ Çap;71.506;[mm]
Dýþ Çap;71.407;[mm]
Dýþ Çap;71.434;[mm]
Dýþ Çap;71.420;[mm]
Dýþ Çap;71.516;[mm]
Dýþ Çap;71.460;[mm]
Dýþ Çap;71.419;[mm]
Dýþ Çap;71.449;[mm]
Dýþ Çap;71.459;[mm]
Dýþ Çap;71.498;[mm]
Dýþ Çap;71.536;[mm]
Dýþ Çap;71.481;[mm]
Dýþ Çap;71.522;[mm]
Dýþ Çap;71.441;[mm]
Dýþ Çap;71.429;[mm]
Dýþ Çap;71.444;[mm]
Dýþ Çap;71.421;[mm]
Dýþ Çap;71.430;[mm]
Dýþ Çap;71.428;[mm]
Dýþ Çap;71.319;[mm]
Dýþ Çap;71.412;[mm]
Dýþ Çap;71.433;[mm]
Dýþ Çap;71.377;[mm]
Dýþ Çap;71.457;[mm]
Dýþ Çap;71.441;[mm]
Dýþ Çap;71.457;[mm]
Dýþ Çap;71.517;[mm]
Dýþ Çap;71.517;[mm]
Dýþ Çap;71.491;[mm]
Dýþ Çap;71.522;[mm]
Dýþ Çap;71.417;[mm]
Dýþ Çap;71.497;[mm]
Dýþ Çap;71.475;[mm]
Dýþ Çap;71.506;[mm]
Dýþ Çap;71.418;[mm]
Dýþ Çap;71.541;[mm]
Dýþ Çap;71.426;[mm]
Dýþ Çap;71.489;[mm]
Dýþ Çap;71.443;[mm]
Dýþ Çap;71.417;[mm]
Dýþ Çap;71.507;[mm]
Dýþ Çap;71.458;[mm]
Dýþ Çap;71.437;[mm]
Dýþ Çap;71.388;[mm]
Dýþ Çap;71.535;[mm]
Dýþ Çap;71.495;[mm]
Dýþ Çap;71.494;[mm]
Dýþ Çap;71.421;[mm]
Dýþ Çap;71.442;[mm]
Dýþ Çap;71.393;[mm]
Dýþ Çap;71.348;[mm]
Dýþ Çap;71.508;[mm]
Dýþ Çap;71.515;[mm]
Dýþ Çap;71.453;[mm]
Dýþ Çap;71.468;[mm]
Dýþ Çap;71.241;[mm]
Dýþ Çap;71.438;[mm]
Dýþ Çap;71.508;[mm]
Dýþ Çap;71.502;[mm]
Dýþ Çap;71.401;[mm]
Dýþ Çap;71.388;[mm]
Dýþ Çap;71.510;[mm]
Dýþ Çap;71.449;[mm]
Dýþ Çap;71.444;[mm]
Dýþ Çap;71.379;[mm]
Dýþ Çap;71.441;[mm]
Dýþ Çap;71.548;[mm]
Dýþ Çap;71.479;[mm]
Dýþ Çap;71.451;[mm]
Dýþ Çap;71.344;[mm]
Dýþ Çap;71.315;[mm]
Dýþ Çap;71.448;[mm]
Dýþ Çap;71.351;[mm]
Dýþ Çap;71.487;[mm]
Dýþ Çap;71.432;[mm]
Dýþ Çap;71.471;[mm]
Dýþ Çap;71.483;[mm]
Dýþ Çap;71.418;[mm]
Dýþ Çap;71.504;[mm]
Dýþ Çap;71.414;[mm]
Dýþ Çap;71.456;[mm]
Dýþ Çap;71.509;[mm]
Dýþ Çap;71.432;[mm]
Dýþ Çap;71.456;[mm]
Dýþ Çap;71.482;[mm]
Dýþ Çap;71.429;[mm]
Dýþ Çap;71.463;[mm]
Dýþ Çap;71.498;[mm]
Dýþ Çap;71.387;[mm]
Dýþ Çap;71.396;[mm]
Dýþ Çap;71.413;[mm]
Dýþ Çap;71.500;[mm]
Dýþ Çap;71.439;[mm]
Dýþ Çap;71.306;[mm]
Dýþ Çap;71.438;[mm]
Dýþ Çap;71.476;[mm]
Dýþ Çap;71.467;[mm]
Dýþ Çap;71.501;[mm]
Dýþ Çap;71.575;[mm]
Dýþ Çap;71.392;[mm]
Dýþ Çap;71.559;[mm]
Dýþ Çap;71.445;[mm]
Dýþ Çap;71.412;[mm]
Dýþ Çap;71.446;[mm]
Dýþ Çap;71.384;[mm]
Dýþ Çap;71.461;[mm]
Dýþ Çap;71.189;[mm]
Dýþ Çap;71.438;[mm]
Dýþ Çap;71.409;[mm]
Dýþ Çap;71.418;[mm]
Dýþ Çap;71.420;[mm]
Dýþ Çap;71.541;[mm]
Dýþ Çap;71.506;[mm]
Dýþ Çap;71.480;[mm]
Dýþ Çap;71.513;[mm]
Dýþ Çap;71.407;[mm]
Dýþ Çap;71.484;[mm]
Dýþ Çap;71.386;[mm]
Dýþ Çap;71.439;[mm]
Dýþ Çap;71.342;[mm]
Dýþ Çap;71.443;[mm]
Dýþ Çap;71.364;[mm]
Dýþ Çap;71.531;[mm]
Dýþ Çap;71.429;[mm]
Dýþ Çap;71.415;[mm]
Dýþ Çap;71.432;[mm]
Dýþ Çap;71.431;[mm]
Dýþ Çap;71.523;[mm]
Dýþ Çap;71.417;[mm]
Dýþ Çap;71.560;[mm]
Dýþ Çap;71.434;[mm]
Dýþ Çap;71.345;[mm]
Dýþ Çap;71.335;[mm]
Dýþ Çap;71.445;[mm]
Dýþ Çap;71.421;[mm]
Dýþ Çap;71.507;[mm]
Dýþ Çap;71.330;[mm]
Dýþ Çap;71.430;[mm]
Dýþ Çap;71.502;[mm]
Dýþ Çap;71.406;[mm]
Dýþ Çap;71.519;[mm]
Dýþ Çap;71.419;[mm]
Dýþ Çap;71.395;[mm]
Dýþ Çap; ; 
Dýþ Çap;71.463;[mm]
Dýþ Çap;71.321;[mm]
Dýþ Çap;71.405;[mm]
Dýþ Çap;71.476;[mm]
Dýþ Çap;71.415;[mm]
Dýþ Çap;71.476;[mm]
Dýþ Çap;71.437;[mm]
Dýþ Çap;71.380;[mm]
Dýþ Çap;71.545;[mm]
Dýþ Çap;71.358;[mm]
Dýþ Çap;71.405;[mm]
Dýþ Çap;71.458;[mm]
Dýþ Çap;71.530;[mm]
Dýþ Çap;71.448;[mm]
Dýþ Çap;71.401;[mm]
Dýþ Çap;71.356;[mm]
Dýþ Çap;71.211;[mm]
Dýþ Çap;71.376;[mm]
Dýþ Çap;71.380;[mm]
Dýþ Çap;71.399;[mm]
Dýþ Çap;71.458;[mm]
Dýþ Çap;71.404;[mm]
Dýþ Çap;71.386;[mm]
Dýþ Çap;71.409;[mm]
Dýþ Çap;71.522;[mm]
Dýþ Çap;71.463;[mm]
Dýþ Çap;71.358;[mm]
Dýþ Çap;71.453;[mm]
Dýþ Çap;71.480;[mm]
Dýþ Çap;71.470;[mm]
Dýþ Çap;71.567;[mm]
Dýþ Çap;71.485;[mm]
Dýþ Çap;71.567;[mm]
Dýþ Çap;71.514;[mm]
Dýþ Çap;71.412;[mm]
Dýþ Çap;71.517;[mm]
Dýþ Çap;71.409;[mm]
Dýþ Çap;71.516;[mm]
Dýþ Çap;71.494;[mm]
Dýþ Çap;71.396;[mm]
Dýþ Çap;71.517;[mm]
Dýþ Çap;71.428;[mm]
Dýþ Çap;71.356;[mm]
Dýþ Çap;71.426;[mm]
Dýþ Çap;71.511;[mm]
Dýþ Çap;71.506;[mm]
Dýþ Çap;71.429;[mm]
Dýþ Çap;71.365;[mm]
Dýþ Çap;71.422;[mm]
Dýþ Çap;71.371;[mm]
Dýþ Çap;71.492;[mm]
Dýþ Çap;71.490;[mm]
Dýþ Çap;71.431;[mm]
Dýþ Çap;71.413;[mm]
Dýþ Çap;71.496;[mm]
Dýþ Çap;71.470;[mm]
Dýþ Çap;71.460;[mm]
Dýþ Çap;71.509;[mm]
Dýþ Çap;71.398;[mm]
Dýþ Çap;71.398;[mm]
Dýþ Çap;71.512;[mm]
Dýþ Çap;71.678;[mm]
Dýþ Çap;71.463;[mm]
Dýþ Çap;71.390;[mm]
Dýþ Çap;71.374;[mm]
Dýþ Çap;71.373;[mm]
Dýþ Çap;71.443;[mm]
Dýþ Çap;71.469;[mm]
Dýþ Çap;71.364;[mm]
Dýþ Çap;71.465;[mm]
Dýþ Çap;71.578;[mm]
Dýþ Çap;71.507;[mm]
Dýþ Çap;71.489;[mm]
Dýþ Çap;71.475;[mm]
Dýþ Çap;71.504;[mm]
Dýþ Çap;71.425;[mm]
Dýþ Çap;71.368;[mm]
Dýþ Çap;71.459;[mm]
Dýþ Çap;71.473;[mm]
Dýþ Çap;71.406;[mm]
Dýþ Çap;71.519;[mm]
Dýþ Çap;71.449;[mm]
Dýþ Çap;71.488;[mm]
Dýþ Çap;71.484;[mm]
Dýþ Çap;71.454;[mm]
Dýþ Çap;71.470;[mm]
Dýþ Çap;71.346;[mm]
Dýþ Çap;71.391;[mm]
Dýþ Çap;71.506;[mm]
Dýþ Çap;71.453;[mm]
Dýþ Çap;71.400;[mm]
Dýþ Çap;71.518;[mm]
Dýþ Çap;71.413;[mm]
Dýþ Çap;71.379;[mm]
Dýþ Çap;71.273;[mm]
Dýþ Çap;71.417;[mm]
Dýþ Çap;71.485;[mm]
Dýþ Çap;71.458;[mm]
Dýþ Çap;71.469;[mm]
Dýþ Çap;71.402;[mm]
Dýþ Çap;71.432;[mm]
Dýþ Çap;71.451;[mm]
Dýþ Çap;71.452;[mm]
Dýþ Çap;71.470;[mm]
Dýþ Çap;71.428;[mm]
Dýþ Çap;71.498;[mm]
Dýþ Çap;71.418;[mm]
Dýþ Çap;71.384;[mm]
Dýþ Çap;71.507;[mm]
Dýþ Çap;71.467;[mm]
Dýþ Çap;71.381;[mm]
Dýþ Çap;71.427;[mm]
Dýþ Çap;71.480;[mm]
Dýþ Çap;71.375;[mm]
Dýþ Çap;71.407;[mm]
Dýþ Çap;71.514;[mm]
Dýþ Çap;71.387;[mm]
Dýþ Çap;71.430;[mm]
Dýþ Çap;71.360;[mm]
Dýþ Çap;71.507;[mm]
Dýþ Çap;71.513;[mm]
Dýþ Çap;71.489;[mm]
Dýþ Çap;71.344;[mm]
Dýþ Çap;71.519;[mm]
Dýþ Çap;71.496;[mm]
Dýþ Çap;71.358;[mm]
Dýþ Çap;71.458;[mm]
Dýþ Çap;71.472;[mm]
Dýþ Çap;71.464;[mm]
Dýþ Çap;71.486;[mm]
Dýþ Çap;71.339;[mm]
Dýþ Çap;71.429;[mm]
Dýþ Çap;71.478;[mm]
Dýþ Çap;71.435;[mm]
Dýþ Çap;71.492;[mm]
Dýþ Çap;71.506;[mm]
Dýþ Çap;71.432;[mm]
Dýþ Çap;71.429;[mm]
Dýþ Çap;71.383;[mm]
Dýþ Çap;71.459;[mm]
Dýþ Çap;71.414;[mm]
Dýþ Çap;71.540;[mm]
Dýþ Çap;71.440;[mm]
Dýþ Çap;71.361;[mm]
Dýþ Çap;71.455;[mm]
Dýþ Çap;71.520;[mm]
Dýþ Çap;71.442;[mm]
Dýþ Çap;71.437;[mm]
Dýþ Çap;71.430;[mm]
Dýþ Çap;71.530;[mm]
Dýþ Çap;71.419;[mm]
Dýþ Çap;71.502;[mm]
Dýþ Çap;71.411;[mm]
Dýþ Çap;71.472;[mm]
Dýþ Çap;71.569;[mm]
Dýþ Çap;71.413;[mm]
Dýþ Çap;71.438;[mm]
Dýþ Çap;71.417;[mm]
Dýþ Çap;71.474;[mm]
Dýþ Çap;71.512;[mm]
Dýþ Çap;72.009;[mm]
Dýþ Çap;71.453;[mm]
Dýþ Çap;71.349;[mm]
Dýþ Çap;71.474;[mm]
Dýþ Çap;71.432;[mm]
Dýþ Çap;71.500;[mm]
Dýþ Çap;71.421;[mm]
Dýþ Çap;71.513;[mm]
Dýþ Çap;71.413;[mm]
Dýþ Çap;71.456;[mm]
Dýþ Çap;71.442;[mm]
Dýþ Çap;71.475;[mm]
Dýþ Çap;71.334;[mm]
Dýþ Çap;71.477;[mm]
Dýþ Çap;71.500;[mm]
Dýþ Çap;71.498;[mm]
Dýþ Çap;71.479;[mm]
Dýþ Çap;71.429;[mm]
Dýþ Çap;71.405;[mm]
Dýþ Çap;71.424;[mm]
Dýþ Çap;71.448;[mm]
Dýþ Çap;71.412;[mm]
Dýþ Çap;71.411;[mm]
Dýþ Çap;71.351;[mm]
Dýþ Çap;71.443;[mm]
Dýþ Çap;71.446;[mm]
Dýþ Çap;71.495;[mm]
Dýþ Çap;71.462;[mm]
Dýþ Çap;71.378;[mm]
Dýþ Çap;71.387;[mm]
Dýþ Çap;71.479;[mm]
Dýþ Çap;71.390;[mm]
Dýþ Çap;71.405;[mm]
Dýþ Çap;71.450;[mm]
Dýþ Çap;71.487;[mm]
Dýþ Çap;71.392;[mm]
Dýþ Çap;71.536;[mm]
Dýþ Çap;71.535;[mm]
Dýþ Çap;71.435;[mm]
Dýþ Çap;71.401;[mm]
Dýþ Çap;71.338;[mm]
Dýþ Çap;71.485;[mm]
Dýþ Çap;71.489;[mm]
Dýþ Çap;71.465;[mm]
Dýþ Çap;71.455;[mm]
Dýþ Çap;71.540;[mm]
Dýþ Çap;71.512;[mm]
Dýþ Çap;71.481;[mm]
Dýþ Çap;71.493;[mm]
Dýþ Çap;71.448;[mm]
Dýþ Çap;71.470;[mm]
Dýþ Çap;71.515;[mm]
Dýþ Çap;71.481;[mm]
Dýþ Çap;71.456;[mm]
Dýþ Çap;71.406;[mm]
Dýþ Çap;71.363;[mm]
Dýþ Çap;71.459;[mm]
Dýþ Çap;71.409;[mm]
Dýþ Çap;71.483;[mm]
Dýþ Çap;71.492;[mm]
Dýþ Çap;71.361;[mm]
Dýþ Çap;71.379;[mm]
Dýþ Çap;71.469;[mm]
Dýþ Çap;71.547;[mm]
Dýþ Çap;71.423;[mm]
Dýþ Çap;71.429;[mm]
Dýþ Çap;71.489;[mm]
Dýþ Çap;71.451;[mm]
Dýþ Çap;71.538;[mm]
Dýþ Çap;71.472;[mm]
Dýþ Çap;71.434;[mm]
Dýþ Çap;71.465;[mm]
Dýþ Çap;71.460;[mm]
Dýþ Çap;71.385;[mm]
Dýþ Çap;71.362;[mm]
Dýþ Çap;71.543;[mm]
Dýþ Çap;71.434;[mm]
Dýþ Çap;71.404;[mm]
Dýþ Çap;71.415;[mm]
Dýþ Çap;71.204;[mm]
Dýþ Çap;71.444;[mm]
Dýþ Çap;71.421;[mm]
Dýþ Çap;71.494;[mm]
Dýþ Çap;71.480;[mm]
Dýþ Çap;71.465;[mm]
Dýþ Çap;71.493;[mm]
Dýþ Çap;71.269;[mm]
Dýþ Çap;71.465;[mm]
Dýþ Çap;71.415;[mm]
Dýþ Çap;71.414;[mm]
Dýþ Çap;71.518;[mm]
Dýþ Çap;71.498;[mm]
Dýþ Çap;71.418;[mm]
Dýþ Çap;71.556;[mm]
Dýþ Çap;71.468;[mm]
Dýþ Çap;71.401;[mm]
Dýþ Çap;71.538;[mm]
Dýþ Çap;71.423;[mm]
Dýþ Çap;71.397;[mm]
Dýþ Çap;71.426;[mm]
Dýþ Çap;71.362;[mm]
Dýþ Çap;71.468;[mm]
Dýþ Çap;71.442;[mm]
Dýþ Çap;71.472;[mm]
Dýþ Çap;71.386;[mm]
Dýþ Çap;71.421;[mm]
Dýþ Çap;71.504;[mm]
Dýþ Çap;71.379;[mm]
Dýþ Çap;71.353;[mm]
Dýþ Çap;71.334;[mm]
Dýþ Çap;71.448;[mm]
Dýþ Çap;71.464;[mm]
Dýþ Çap;71.498;[mm]
Dýþ Çap;71.326;[mm]
Dýþ Çap;71.474;[mm]
Dýþ Çap;71.478;[mm]
Dýþ Çap;71.405;[mm]
Dýþ Çap;71.390;[mm]
Dýþ Çap;71.482;[mm]
Dýþ Çap;71.455;[mm]
Dýþ Çap;71.405;[mm]
Dýþ Çap;71.400;[mm]
Dýþ Çap;71.500;[mm]
Dýþ Çap;71.489;[mm]
Dýþ Çap;71.438;[mm]
Dýþ Çap;71.395;[mm]
Dýþ Çap;71.508;[mm]
Dýþ Çap;71.458;[mm]
Dýþ Çap;71.395;[mm]
Dýþ Çap;71.426;[mm]
Dýþ Çap;71.465;[mm]
Dýþ Çap;71.457;[mm]
Dýþ Çap;71.302;[mm]
Dýþ Çap;71.420;[mm]
Dýþ Çap;71.372;[mm]
Dýþ Çap;71.389;[mm]
Dýþ Çap;71.506;[mm]
Dýþ Çap;71.468;[mm]
Dýþ Çap;71.438;[mm]
Dýþ Çap;71.473;[mm]
Dýþ Çap;71.473;[mm]
Dýþ Çap;71.469;[mm]
Dýþ Çap;71.397;[mm]
Dýþ Çap;71.515;[mm]
Dýþ Çap;71.428;[mm]
Dýþ Çap;71.499;[mm]
Dýþ Çap;71.400;[mm]
Dýþ Çap;71.506;[mm]
Dýþ Çap;71.449;[mm]
Dýþ Çap;71.535;[mm]
Dýþ Çap;71.425;[mm]
Dýþ Çap;71.502;[mm]
Dýþ Çap;71.558;[mm]
Dýþ Çap;71.289;[mm]
Dýþ Çap;71.511;[mm]
Dýþ Çap;71.400;[mm]
Dýþ Çap;71.478;[mm]
Dýþ Çap;71.395;[mm]
Dýþ Çap;71.409;[mm]
Dýþ Çap;71.472;[mm]
Dýþ Çap;71.527;[mm]
Dýþ Çap;71.429;[mm]
Dýþ Çap;71.403;[mm]
Dýþ Çap;71.485;[mm]
Dýþ Çap;71.486;[mm]
Dýþ Çap;71.316;[mm]
Dýþ Çap;71.487;[mm]
Dýþ Çap;71.439;[mm]
Dýþ Çap;71.420;[mm]
Dýþ Çap;71.448;[mm]
Dýþ Çap;71.475;[mm]
Dýþ Çap;71.526;[mm]
Dýþ Çap;71.501;[mm]
Dýþ Çap;71.377;[mm]
Dýþ Çap;71.355;[mm]
Dýþ Çap;71.504;[mm]
Dýþ Çap;71.392;[mm]
Dýþ Çap;71.445;[mm]
Dýþ Çap;71.393;[mm]
Dýþ Çap;71.488;[mm]
Dýþ Çap;71.404;[mm]
Dýþ Çap;71.568;[mm]
Dýþ Çap;71.483;[mm]
Dýþ Çap;71.476;[mm]
Dýþ Çap;71.444;[mm]
Dýþ Çap;71.464;[mm]
Dýþ Çap;71.435;[mm]
Dýþ Çap;71.217;[mm]
Dýþ Çap;71.498;[mm]
Dýþ Çap;71.466;[mm]
Dýþ Çap;71.427;[mm]
Dýþ Çap;71.433;[mm]
Dýþ Çap;71.295;[mm]
Dýþ Çap;71.411;[mm]
Dýþ Çap;71.392;[mm]
Dýþ Çap;71.445;[mm]
Dýþ Çap;71.445;[mm]
Dýþ Çap;71.423;[mm]
Dýþ Çap;71.495;[mm]
Dýþ Çap;71.411;[mm]
Dýþ Çap;71.326;[mm]
Dýþ Çap;71.400;[mm]
Dýþ Çap;71.555;[mm]
Dýþ Çap;71.478;[mm]
Dýþ Çap;71.437;[mm]
Dýþ Çap;71.436;[mm]
Dýþ Çap;71.362;[mm]
Dýþ Çap;71.506;[mm]
Dýþ Çap;71.386;[mm]
Dýþ Çap;71.436;[mm]
Dýþ Çap;71.494;[mm]
Dýþ Çap;71.551;[mm]
Dýþ Çap;71.449;[mm]
Dýþ Çap;71.489;[mm]
Dýþ Çap;71.437;[mm]
Dýþ Çap;71.436;[mm]
Dýþ Çap;71.412;[mm]
Dýþ Çap;71.577;[mm]
Dýþ Çap;71.354;[mm]
Dýþ Çap;71.331;[mm]
Dýþ Çap;71.508;[mm]
Dýþ Çap;71.509;[mm]
Dýþ Çap;71.196;[mm]
Dýþ Çap;71.491;[mm]
Dýþ Çap;71.327;[mm]
Dýþ Çap;71.451;[mm]
Dýþ Çap;71.513;[mm]
Dýþ Çap;71.486;[mm]
Dýþ Çap;71.456;[mm]
Dýþ Çap;71.491;[mm]
Dýþ Çap;71.495;[mm]
Dýþ Çap;71.425;[mm]
Dýþ Çap;71.487;[mm]
Dýþ Çap;71.482;[mm]
Dýþ Çap;71.405;[mm]
Dýþ Çap;71.445;[mm]
Dýþ Çap;71.362;[mm]
Dýþ Çap;71.497;[mm]
Dýþ Çap;71.377;[mm]
Dýþ Çap;71.572;[mm]
Dýþ Çap;71.528;[mm]
Dýþ Çap;71.496;[mm]
Dýþ Çap;71.421;[mm]
Dýþ Çap;71.452;[mm]
Dýþ Çap;71.398;[mm]
Dýþ Çap;71.498;[mm]
Dýþ Çap;71.472;[mm]
Dýþ Çap;71.454;[mm]
Dýþ Çap;71.465;[mm]
Dýþ Çap;71.457;[mm]
Dýþ Çap;71.447;[mm]
Dýþ Çap;71.513;[mm]
Dýþ Çap;71.528;[mm]
Dýþ Çap;71.525;[mm]
Dýþ Çap;71.579;[mm]
Dýþ Çap;71.369;[mm]
Dýþ Çap;71.450;[mm]
Dýþ Çap;71.382;[mm]
Dýþ Çap;71.375;[mm]
Dýþ Çap;71.477;[mm]
Dýþ Çap;71.362;[mm]
Dýþ Çap;71.447;[mm]
Dýþ Çap;71.344;[mm]
Dýþ Çap;71.460;[mm]
Dýþ Çap;71.508;[mm]
Dýþ Çap;71.431;[mm]
Dýþ Çap;71.466;[mm]
Dýþ Çap;71.374;[mm]
Dýþ Çap;71.344;[mm]
Dýþ Çap;71.358;[mm]
Dýþ Çap;71.447;[mm]
Dýþ Çap;71.452;[mm]
Dýþ Çap;71.368;[mm]
Dýþ Çap;71.500;[mm]
Dýþ Çap;71.442;[mm]
Dýþ Çap; ; 
Dýþ Çap;71.531;[mm]
Dýþ Çap;71.343;[mm]
Dýþ Çap;71.385;[mm]
Dýþ Çap;71.468;[mm]
Dýþ Çap;71.556;[mm]
Dýþ Çap;71.566;[mm]
Dýþ Çap;71.479;[mm]
Dýþ Çap;71.395;[mm]
Dýþ Çap;71.355;[mm]
Dýþ Çap;71.344;[mm]
Dýþ Çap;71.476;[mm]
Dýþ Çap;71.524;[mm]
Dýþ Çap;71.429;[mm]
Dýþ Çap;71.369;[mm]
Dýþ Çap;71.440;[mm]
Dýþ Çap;71.510;[mm]
Dýþ Çap;71.445;[mm]
Dýþ Çap;71.462;[mm]
Dýþ Çap;71.553;[mm]
Dýþ Çap;71.572;[mm]
Dýþ Çap;71.432;[mm]
Dýþ Çap;71.433;[mm]
Dýþ Çap;71.508;[mm]
Dýþ Çap;71.374;[mm]
Dýþ Çap;71.393;[mm]
Dýþ Çap;71.380;[mm]
Dýþ Çap;71.471;[mm]
Dýþ Çap;71.339;[mm]
Dýþ Çap;71.389;[mm]
Dýþ Çap;71.486;[mm]
Dýþ Çap;71.533;[mm]
Dýþ Çap;71.496;[mm]
Dýþ Çap;71.351;[mm]
Dýþ Çap;71.378;[mm]
Dýþ Çap;71.502;[mm]
Dýþ Çap;71.462;[mm]
Dýþ Çap;71.456;[mm]
Dýþ Çap;71.403;[mm]
Dýþ Çap; ; 
Dýþ Çap;71.418;[mm]
Dýþ Çap;71.423;[mm]
Dýþ Çap;71.485;[mm]
Dýþ Çap;71.471;[mm]
Dýþ Çap;71.373;[mm]
Dýþ Çap;71.466;[mm]
Dýþ Çap;71.498;[mm]
Dýþ Çap;71.335;[mm]
Dýþ Çap;71.439;[mm]
Dýþ Çap;71.525;[mm]
Dýþ Çap;71.496;[mm]
Dýþ Çap;71.411;[mm]
Dýþ Çap;71.441;[mm]
Dýþ Çap;71.379;[mm]
Dýþ Çap;71.434;[mm]
Dýþ Çap;71.505;[mm]
Dýþ Çap;71.460;[mm]
Dýþ Çap;71.505;[mm]
Dýþ Çap;71.389;[mm]
Dýþ Çap;71.428;[mm]
Dýþ Çap;71.450;[mm]
Dýþ Çap;71.513;[mm]
Dýþ Çap;71.380;[mm]
Dýþ Çap;71.459;[mm]
Dýþ Çap;71.456;[mm]
Dýþ Çap;71.484;[mm]
Dýþ Çap;71.465;[mm]
Dýþ Çap;71.493;[mm]
Dýþ Çap;71.415;[mm]
Dýþ Çap;71.431;[mm]
Dýþ Çap;71.373;[mm]
Dýþ Çap;71.429;[mm]
Dýþ Çap;71.483;[mm]
Dýþ Çap;71.377;[mm]
Dýþ Çap;71.472;[mm]
Dýþ Çap;71.265;[mm]
Dýþ Çap;71.471;[mm]
Dýþ Çap;71.318;[mm]
Dýþ Çap;71.436;[mm]
Dýþ Çap;71.469;[mm]
Dýþ Çap;71.407;[mm]
Dýþ Çap;71.483;[mm]
Dýþ Çap;71.470;[mm]
Dýþ Çap;71.355;[mm]
Dýþ Çap;71.398;[mm]
Dýþ Çap;71.464;[mm]
Dýþ Çap;71.418;[mm]
Dýþ Çap;71.469;[mm]
Dýþ Çap;71.337;[mm]
Dýþ Çap;71.428;[mm]
Dýþ Çap;71.404;[mm]
Dýþ Çap;71.447;[mm]
Dýþ Çap;71.491;[mm]
Dýþ Çap;71.312;[mm]
Dýþ Çap;71.496;[mm]
Dýþ Çap;71.380;[mm]
Dýþ Çap;71.501;[mm]
Dýþ Çap;71.485;[mm]
Dýþ Çap;71.460;[mm]
Dýþ Çap;71.490;[mm]
Dýþ Çap;71.486;[mm]
Dýþ Çap;71.418;[mm]
Dýþ Çap;71.509;[mm]
Dýþ Çap;71.485;[mm]
Dýþ Çap;71.410;[mm]
Dýþ Çap;71.476;[mm]
Dýþ Çap;71.445;[mm]
Dýþ Çap;71.312;[mm]
Dýþ Çap;71.467;[mm]
Dýþ Çap;71.513;[mm]
Dýþ Çap;71.456;[mm]
Dýþ Çap;70.983;[mm]
Dýþ Çap;71.500;[mm]
Dýþ Çap;71.489;[mm]
Dýþ Çap;71.469;[mm]
Dýþ Çap;71.466;[mm]
Dýþ Çap;71.480;[mm]
Dýþ Çap;71.229;[mm]
Dýþ Çap;71.473;[mm]
Dýþ Çap;71.447;[mm]
Dýþ Çap;71.457;[mm]
Dýþ Çap;71.406;[mm]
Dýþ Çap;71.371;[mm]
Dýþ Çap;71.432;[mm]
Dýþ Çap;71.530;[mm]
Dýþ Çap;71.532;[mm]
Dýþ Çap;71.596;[mm]
Dýþ Çap;71.559;[mm]
Dýþ Çap;71.398;[mm]
Dýþ Çap;71.358;[mm]
Dýþ Çap;71.352;[mm]
Dýþ Çap;71.452;[mm]
Dýþ Çap;71.460;[mm]
Dýþ Çap;71.469;[mm]
Dýþ Çap;71.429;[mm]
Dýþ Çap;71.387;[mm]
Dýþ Çap;71.544;[mm]
Dýþ Çap;71.496;[mm]
Dýþ Çap;71.441;[mm]
Dýþ Çap;71.478;[mm]
Dýþ Çap;71.458;[mm]
Dýþ Çap;71.400;[mm]
Dýþ Çap;71.351;[mm]
Dýþ Çap;71.453;[mm]
Dýþ Çap;71.493;[mm]
Dýþ Çap;71.369;[mm]
Dýþ Çap;71.527;[mm]
Dýþ Çap;71.395;[mm]
Dýþ Çap;71.478;[mm]
Dýþ Çap;71.384;[mm]
Dýþ Çap;71.515;[mm]
Dýþ Çap;71.428;[mm]
Dýþ Çap;71.389;[mm]
Dýþ Çap;71.526;[mm]
Dýþ Çap;71.351;[mm]
Dýþ Çap;71.489;[mm]
Dýþ Çap;71.570;[mm]
Dýþ Çap;71.517;[mm]
Dýþ Çap;71.419;[mm]
Dýþ Çap;71.490;[mm]
Dýþ Çap;71.465;[mm]
Dýþ Çap;71.427;[mm]
Dýþ Çap;71.487;[mm]
Dýþ Çap;71.398;[mm]
Dýþ Çap;71.482;[mm]
Dýþ Çap;71.496;[mm]
Dýþ Çap;71.416;[mm]
Dýþ Çap;71.466;[mm]
Dýþ Çap;71.348;[mm]
Dýþ Çap;71.363;[mm]
Dýþ Çap;71.466;[mm]
Dýþ Çap;71.350;[mm]
Dýþ Çap;71.396;[mm]
Dýþ Çap;71.489;[mm]
Dýþ Çap;71.557;[mm]
Dýþ Çap;71.426;[mm]
Dýþ Çap;71.394;[mm]
Dýþ Çap;71.549;[mm]
Dýþ Çap;71.471;[mm]
Dýþ Çap;71.492;[mm]
Dýþ Çap;71.416;[mm]
Dýþ Çap;70.637;[mm]
Dýþ Çap;71.455;[mm]
Dýþ Çap;71.259;[mm]
Dýþ Çap;71.514;[mm]
Dýþ Çap;71.351;[mm]
Dýþ Çap;71.550;[mm]
Dýþ Çap;71.439;[mm]
Dýþ Çap;71.466;[mm]
Dýþ Çap;71.452;[mm]
Dýþ Çap;71.477;[mm]
Dýþ Çap;71.414;[mm]
Dýþ Çap;71.422;[mm]
Dýþ Çap;71.360;[mm]
Dýþ Çap;71.426;[mm]
Dýþ Çap;71.392;[mm]
Dýþ Çap;71.435;[mm]
Dýþ Çap;71.409;[mm]
Dýþ Çap;71.476;[mm]
Dýþ Çap;71.469;[mm]
Dýþ Çap;71.390;[mm]
Dýþ Çap;71.393;[mm]
Dýþ Çap;71.408;[mm]
Dýþ Çap;71.445;[mm]
Dýþ Çap;71.470;[mm]
Dýþ Çap;71.394;[mm]
Dýþ Çap;71.423;[mm]
Dýþ Çap;71.428;[mm]
Dýþ Çap;71.401;[mm]
Dýþ Çap;71.456;[mm]
Dýþ Çap;71.491;[mm]
Dýþ Çap;71.346;[mm]
Dýþ Çap;71.370;[mm]
Dýþ Çap;71.399;[mm]
Dýþ Çap;71.481;[mm]
Dýþ Çap;71.470;[mm]
Dýþ Çap;71.472;[mm]
Dýþ Çap;71.434;[mm]
Dýþ Çap;71.399;[mm]
Dýþ Çap;71.515;[mm]
Dýþ Çap;71.389;[mm]
Dýþ Çap;71.386;[mm]
Dýþ Çap;71.411;[mm]
Dýþ Çap;71.393;[mm]
Dýþ Çap;71.337;[mm]
Dýþ Çap;71.445;[mm]
Dýþ Çap;71.537;[mm]
Dýþ Çap;71.465;[mm]
Dýþ Çap;71.504;[mm]
Dýþ Çap;71.410;[mm]
Dýþ Çap;71.439;[mm]
Dýþ Çap;71.367;[mm]
Dýþ Çap;71.413;[mm]
Dýþ Çap;71.473;[mm]
Dýþ Çap;71.414;[mm]
Dýþ Çap;71.531;[mm]
Dýþ Çap;71.455;[mm]
Dýþ Çap;71.532;[mm]
Dýþ Çap;71.463;[mm]
Dýþ Çap;71.555;[mm]
Dýþ Çap;71.478;[mm]
Dýþ Çap;71.471;[mm]
Dýþ Çap;71.348;[mm]
Dýþ Çap;71.513;[mm]
Dýþ Çap;71.482;[mm]
Dýþ Çap;71.438;[mm]
Dýþ Çap;71.477;[mm]
Dýþ Çap;71.370;[mm]
Dýþ Çap;71.434;[mm]
Dýþ Çap;71.425;[mm]
Dýþ Çap;71.391;[mm]
Dýþ Çap;71.435;[mm]
Dýþ Çap;71.539;[mm]
Dýþ Çap;71.360;[mm]
Dýþ Çap;71.308;[mm]
Dýþ Çap;71.433;[mm]
Dýþ Çap;71.531;[mm]
Dýþ Çap;71.407;[mm]
Dýþ Çap;71.484;[mm]
Dýþ Çap;71.519;[mm]
Dýþ Çap;71.448;[mm]
Dýþ Çap;71.545;[mm]
Dýþ Çap;71.439;[mm]
Dýþ Çap;71.520;[mm]
Dýþ Çap;71.419;[mm]
Dýþ Çap;71.567;[mm]
Dýþ Çap;71.486;[mm]
Dýþ Çap;71.429;[mm]
Dýþ Çap;71.528;[mm]
Dýþ Çap;71.405;[mm]
Dýþ Çap;71.423;[mm]
Dýþ Çap;71.405;[mm]
Dýþ Çap;71.451;[mm]
Dýþ Çap;71.411;[mm]
Dýþ Çap;71.462;[mm]
Dýþ Çap;71.477;[mm]
Dýþ Çap;71.483;[mm]
Dýþ Çap;71.521;[mm]
Dýþ Çap;71.385;[mm]
Dýþ Çap;71.533;[mm]
Dýþ Çap;71.413;[mm]
Dýþ Çap;71.406;[mm]
Dýþ Çap;71.523;[mm]
Dýþ Çap;71.433;[mm]
Dýþ Çap;71.515;[mm]
Dýþ Çap;71.494;[mm]
Dýþ Çap;71.543;[mm]
Dýþ Çap;71.450;[mm]
Dýþ Çap;71.427;[mm]
Dýþ Çap;71.510;[mm]
Dýþ Çap;71.615;[mm]
Dýþ Çap;71.465;[mm]
Dýþ Çap;71.483;[mm]
Dýþ Çap;71.528;[mm]
Dýþ Çap;71.476;[mm]
Dýþ Çap;71.506;[mm]
Dýþ Çap;71.409;[mm]
Dýþ Çap;71.432;[mm]
Dýþ Çap;71.463;[mm]
Dýþ Çap;71.417;[mm]
Dýþ Çap;71.482;[mm]
Dýþ Çap;71.446;[mm]
Dýþ Çap;71.406;[mm]
Dýþ Çap;71.458;[mm]
Dýþ Çap;71.488;[mm]
Dýþ Çap;71.460;[mm]
Dýþ Çap;71.547;[mm]
Dýþ Çap;71.588;[mm]
Dýþ Çap;71.398;[mm]
Dýþ Çap;71.358;[mm]
Dýþ Çap;71.526;[mm]
Dýþ Çap;71.467;[mm]
Dýþ Çap;71.505;[mm]
Dýþ Çap;71.440;[mm]
Dýþ Çap;71.482;[mm]
Dýþ Çap;71.345;[mm]
Dýþ Çap;71.369;[mm]
Dýþ Çap;71.379;[mm]
Dýþ Çap;71.548;[mm]
Dýþ Çap;71.424;[mm]
Dýþ Çap;71.368;[mm]
Dýþ Çap;71.537;[mm]
Dýþ Çap;71.581;[mm]
Dýþ Çap;71.514;[mm]
Dýþ Çap;71.472;[mm]
Dýþ Çap;71.450;[mm]
Dýþ Çap;71.491;[mm]
Dýþ Çap;71.473;[mm]
Dýþ Çap;71.538;[mm]
Dýþ Çap;71.467;[mm]
Dýþ Çap;71.588;[mm]
Dýþ Çap;71.439;[mm]
Dýþ Çap;71.438;[mm]
Dýþ Çap;71.509;[mm]
Dýþ Çap;71.532;[mm]
Dýþ Çap;71.465;[mm]
Dýþ Çap;71.472;[mm]
Dýþ Çap; ; 
Dýþ Çap;71.553;[mm]
Dýþ Çap;71.485;[mm]
Dýþ Çap;71.391;[mm]
Dýþ Çap;71.471;[mm]
Dýþ Çap;71.526;[mm]
Dýþ Çap;71.382;[mm]
Dýþ Çap;71.479;[mm]
Dýþ Çap;71.456;[mm]
Dýþ Çap;71.400;[mm]
Dýþ Çap;71.479;[mm]
Dýþ Çap;71.404;[mm]
Dýþ Çap;71.369;[mm]
Dýþ Çap;71.445;[mm]
Dýþ Çap;71.504;[mm]
Dýþ Çap;71.415;[mm]
Dýþ Çap;71.381;[mm]
Dýþ Çap;71.434;[mm]
Dýþ Çap;71.419;[mm]
Dýþ Çap;71.504;[mm]
Dýþ Çap;71.521;[mm]
Dýþ Çap;71.494;[mm]
Dýþ Çap;71.336;[mm]
Dýþ Çap;71.543;[mm]
Dýþ Çap;71.439;[mm]
Dýþ Çap;71.513;[mm]
Dýþ Çap;71.496;[mm]
Dýþ Çap;71.452;[mm]
Dýþ Çap;71.347;[mm]
Dýþ Çap;71.455;[mm]
Dýþ Çap;71.421;[mm]
Dýþ Çap;71.403;[mm]
Dýþ Çap;71.398;[mm]
Dýþ Çap;71.315;[mm]
Dýþ Çap;71.446;[mm]
Dýþ Çap;71.499;[mm]
Dýþ Çap;71.507;[mm]
Dýþ Çap;71.486;[mm]
Dýþ Çap;71.164;[mm]
Dýþ Çap;71.519;[mm]
Dýþ Çap;71.423;[mm]
Dýþ Çap;71.406;[mm]
Dýþ Çap;71.468;[mm]
Dýþ Çap;71.567;[mm]
Dýþ Çap;71.570;[mm]
Dýþ Çap;71.426;[mm]
Dýþ Çap;71.304;[mm]
Dýþ Çap;71.342;[mm]
Dýþ Çap;71.375;[mm]
Dýþ Çap;71.498;[mm]
Dýþ Çap;71.418;[mm]
Dýþ Çap;71.515;[mm]
Dýþ Çap;71.558;[mm]
Dýþ Çap;71.404;[mm]
Dýþ Çap;71.331;[mm]
Dýþ Çap;71.578;[mm]
Dýþ Çap;71.337;[mm]
Dýþ Çap;71.460;[mm]
Dýþ Çap;71.480;[mm]
Dýþ Çap;71.319;[mm]
Dýþ Çap;71.337;[mm]
Dýþ Çap;71.205;[mm]
Dýþ Çap;71.528;[mm]
Dýþ Çap;71.513;[mm]
Dýþ Çap;71.526;[mm]
Dýþ Çap;71.415;[mm]
Dýþ Çap;71.337;[mm]
Dýþ Çap;71.451;[mm]
Dýþ Çap;71.488;[mm]
Dýþ Çap;71.451;[mm]
Dýþ Çap;71.524;[mm]
Dýþ Çap;71.473;[mm]
Dýþ Çap;71.437;[mm]
Dýþ Çap;71.400;[mm]
Dýþ Çap;71.386;[mm]
Dýþ Çap;71.537;[mm]
Dýþ Çap;71.514;[mm]
Dýþ Çap;71.537;[mm]
Dýþ Çap;71.464;[mm]
Dýþ Çap;71.429;[mm]
Dýþ Çap;71.408;[mm]
Dýþ Çap;71.497;[mm]
Dýþ Çap;71.422;[mm]
Dýþ Çap;71.444;[mm]
Dýþ Çap;71.451;[mm]
Dýþ Çap;71.481;[mm]
Dýþ Çap;71.418;[mm]
Dýþ Çap;71.499;[mm]
Dýþ Çap;71.343;[mm]
Dýþ Çap;71.481;[mm]
Dýþ Çap;71.477;[mm]
Dýþ Çap;71.464;[mm]
Dýþ Çap;71.470;[mm]
Dýþ Çap;71.450;[mm]
Dýþ Çap;71.492;[mm]
Dýþ Çap;71.464;[mm]
Dýþ Çap;71.369;[mm]
Dýþ Çap;71.351;[mm]
Dýþ Çap;71.378;[mm]
Dýþ Çap;71.427;[mm]
Dýþ Çap;71.485;[mm]
Dýþ Çap;71.505;[mm]
Dýþ Çap;71.482;[mm]
Dýþ Çap;71.470;[mm]
Dýþ Çap;71.518;[mm]
Dýþ Çap;71.352;[mm]
Dýþ Çap;71.447;[mm]
Dýþ Çap;71.596;[mm]
Dýþ Çap;71.557;[mm]
Dýþ Çap;71.513;[mm]
Dýþ Çap;71.414;[mm]
Dýþ Çap;70.700;[mm]
Dýþ Çap;71.400;[mm]
Dýþ Çap;71.392;[mm]
Dýþ Çap;71.367;[mm]
Dýþ Çap;71.470;[mm]
Dýþ Çap;71.557;[mm]
Dýþ Çap;71.453;[mm]
Dýþ Çap;71.451;[mm]
Dýþ Çap;71.514;[mm]
Dýþ Çap;71.460;[mm]
Dýþ Çap;71.482;[mm]
Dýþ Çap;71.435;[mm]
Dýþ Çap;71.350;[mm]
Dýþ Çap;71.461;[mm]
Dýþ Çap;71.440;[mm]
Dýþ Çap;71.504;[mm]
Dýþ Çap;71.491;[mm]
Dýþ Çap;71.547;[mm]
Dýþ Çap;71.378;[mm]
Dýþ Çap;71.448;[mm]
Dýþ Çap;71.441;[mm]
Dýþ Çap;71.445;[mm]
Dýþ Çap;71.508;[mm]
Dýþ Çap;71.399;[mm]
Dýþ Çap;71.507;[mm]
Dýþ Çap;71.481;[mm]
Dýþ Çap;71.361;[mm]
Dýþ Çap;71.460;[mm]
Dýþ Çap;71.508;[mm]
Dýþ Çap;71.495;[mm]
Dýþ Çap;71.391;[mm]
Dýþ Çap;71.480;[mm]
Dýþ Çap;71.343;[mm]
Dýþ Çap;71.500;[mm]
Dýþ Çap;71.464;[mm]
Dýþ Çap;71.502;[mm]
Dýþ Çap;71.414;[mm]
Dýþ Çap;71.401;[mm]
Dýþ Çap;71.320;[mm]
Dýþ Çap;71.400;[mm]
Dýþ Çap;71.491;[mm]
Dýþ Çap;71.485;[mm]
Dýþ Çap;71.381;[mm]
Dýþ Çap;71.412;[mm]
Dýþ Çap;71.383;[mm]
Dýþ Çap;71.360;[mm]
Dýþ Çap;71.503;[mm]
Dýþ Çap;71.439;[mm]
Dýþ Çap;71.525;[mm]
Dýþ Çap;71.404;[mm]
Dýþ Çap;71.457;[mm]
Dýþ Çap;71.574;[mm]
Dýþ Çap;71.469;[mm]
Dýþ Çap;71.391;[mm]
Dýþ Çap;71.484;[mm]
Dýþ Çap;71.501;[mm]
Dýþ Çap;71.491;[mm]
Dýþ Çap;71.476;[mm]
Dýþ Çap;71.484;[mm]
Dýþ Çap;71.293;[mm]
Dýþ Çap;71.373;[mm]
Dýþ Çap;71.344;[mm]
Dýþ Çap; ; 
Dýþ Çap;71.487;[mm]
Dýþ Çap;71.426;[mm]
Dýþ Çap;71.472;[mm]
Dýþ Çap;71.344;[mm]
Dýþ Çap;71.321;[mm]
Dýþ Çap;71.459;[mm]
Dýþ Çap;71.447;[mm]
Dýþ Çap;71.352;[mm]
Dýþ Çap;71.495;[mm]
Dýþ Çap;71.417;[mm]
Dýþ Çap;71.457;[mm]
Dýþ Çap;71.387;[mm]
Dýþ Çap;71.450;[mm]
Dýþ Çap;71.432;[mm]
Dýþ Çap;71.588;[mm]
Dýþ Çap;71.506;[mm]
Dýþ Çap;71.422;[mm]
Dýþ Çap;71.453;[mm]
Dýþ Çap;71.552;[mm]
Dýþ Çap;71.486;[mm]
Dýþ Çap;71.442;[mm]
Dýþ Çap;71.456;[mm]
Dýþ Çap;71.282;[mm]
Dýþ Çap;71.456;[mm]
Dýþ Çap;71.437;[mm]
Dýþ Çap;71.449;[mm]
Dýþ Çap;71.459;[mm]
Dýþ Çap;71.489;[mm]
Dýþ Çap;71.549;[mm]
Dýþ Çap;71.464;[mm]
Dýþ Çap;71.561;[mm]
Dýþ Çap;71.465;[mm]
Dýþ Çap;71.407;[mm]
Dýþ Çap;71.453;[mm]
Dýþ Çap;71.444;[mm]
Dýþ Çap;71.405;[mm]
Dýþ Çap;71.437;[mm]
Dýþ Çap;71.484;[mm]
Dýþ Çap;71.416;[mm]
Dýþ Çap;71.507;[mm]
Dýþ Çap;71.272;[mm]
Dýþ Çap;71.398;[mm]
Dýþ Çap;71.248;[mm]
Dýþ Çap;71.513;[mm]
Dýþ Çap;71.560;[mm]
Dýþ Çap;71.335;[mm]
Dýþ Çap;71.448;[mm]
Dýþ Çap;71.432;[mm]
Dýþ Çap;71.491;[mm]
Dýþ Çap;71.480;[mm]
Dýþ Çap;71.452;[mm]
Dýþ Çap;71.462;[mm]
Dýþ Çap;71.397;[mm]
Dýþ Çap;71.469;[mm]
Dýþ Çap;71.431;[mm]
Dýþ Çap;71.506;[mm]
Dýþ Çap;71.438;[mm]
Dýþ Çap;71.490;[mm]
Dýþ Çap;71.489;[mm]
Dýþ Çap;71.148;[mm]
Dýþ Çap;71.483;[mm]
Dýþ Çap;71.493;[mm]
Dýþ Çap;71.373;[mm]
Dýþ Çap;71.482;[mm]
Dýþ Çap;71.446;[mm]
Dýþ Çap;71.504;[mm]
Dýþ Çap;71.497;[mm]
Dýþ Çap;71.490;[mm]
Dýþ Çap;71.350;[mm]
Dýþ Çap;71.366;[mm]
Dýþ Çap;71.414;[mm]
Dýþ Çap;71.475;[mm]
Dýþ Çap;71.453;[mm]
Dýþ Çap;71.442;[mm]
Dýþ Çap;71.499;[mm]
Dýþ Çap;71.392;[mm]
Dýþ Çap;71.385;[mm]
Dýþ Çap;71.454;[mm]
Dýþ Çap;71.378;[mm]
Dýþ Çap;71.390;[mm]
Dýþ Çap;71.553;[mm]
Dýþ Çap;71.474;[mm]
Dýþ Çap;71.406;[mm]
Dýþ Çap;71.218;[mm]
Dýþ Çap;71.558;[mm]
Dýþ Çap;71.452;[mm]
Dýþ Çap;71.407;[mm]
Dýþ Çap;71.448;[mm]
Dýþ Çap;71.423;[mm]
Dýþ Çap;71.485;[mm]
Dýþ Çap;71.463;[mm]
Dýþ Çap;71.417;[mm]
Dýþ Çap;71.516;[mm]
Dýþ Çap;71.324;[mm]
Dýþ Çap; ; 
Dýþ Çap;71.478;[mm]
Dýþ Çap;71.491;[mm]
Dýþ Çap;71.342;[mm]
Dýþ Çap;71.488;[mm]
Dýþ Çap;71.438;[mm]
Dýþ Çap;71.408;[mm]
Dýþ Çap;71.459;[mm]
Dýþ Çap;71.422;[mm]
Dýþ Çap;71.468;[mm]
Dýþ Çap;71.476;[mm]
Dýþ Çap;71.473;[mm]
Dýþ Çap;71.497;[mm]
Dýþ Çap;71.353;[mm]
Dýþ Çap;71.404;[mm]
Dýþ Çap;71.424;[mm]
Dýþ Çap;71.433;[mm]
Dýþ Çap;71.483;[mm]
Dýþ Çap;71.450;[mm]
Dýþ Çap;71.368;[mm]
Dýþ Çap;71.441;[mm]
Dýþ Çap;71.352;[mm]
Dýþ Çap;71.436;[mm]
Dýþ Çap;71.475;[mm]
Dýþ Çap;71.390;[mm]
Dýþ Çap;71.529;[mm]
Dýþ Çap;71.407;[mm]
Dýþ Çap;71.504;[mm]
Dýþ Çap;71.395;[mm]
Dýþ Çap;71.518;[mm]
Dýþ Çap;71.382;[mm]
Dýþ Çap;71.444;[mm]
Dýþ Çap;71.498;[mm]
Dýþ Çap;71.486;[mm]
Dýþ Çap;71.519;[mm]
Dýþ Çap;71.392;[mm]
Dýþ Çap;71.216;[mm]
Dýþ Çap;71.456;[mm]
Dýþ Çap;71.392;[mm]
Dýþ Çap;71.464;[mm]
Dýþ Çap;71.484;[mm]
Dýþ Çap;71.482;[mm]
Dýþ Çap;71.499;[mm]
Dýþ Çap;71.395;[mm]
Dýþ Çap;71.429;[mm]
Dýþ Çap;71.427;[mm]
Dýþ Çap;71.525;[mm]
Dýþ Çap;71.393;[mm]
Dýþ Çap;71.476;[mm]
Dýþ Çap;71.242;[mm]
Dýþ Çap;71.484;[mm]
Dýþ Çap;71.392;[mm]
Dýþ Çap;71.350;[mm]
Dýþ Çap;71.497;[mm]
Dýþ Çap;71.413;[mm]
Dýþ Çap;71.534;[mm]
Dýþ Çap;71.428;[mm]
Dýþ Çap;71.544;[mm]
Dýþ Çap;71.566;[mm]
Dýþ Çap;71.497;[mm]
Dýþ Çap;71.355;[mm]
Dýþ Çap;71.401;[mm]
Dýþ Çap;71.510;[mm]
Dýþ Çap;71.447;[mm]
Dýþ Çap;71.406;[mm]
Dýþ Çap;71.440;[mm]
Dýþ Çap;71.468;[mm]
Dýþ Çap;71.515;[mm]
Dýþ Çap;71.508;[mm]
Dýþ Çap;71.449;[mm]
Dýþ Çap;71.525;[mm]
Dýþ Çap;71.442;[mm]
Dýþ Çap;71.528;[mm]
Dýþ Çap;71.427;[mm]
Dýþ Çap;71.387;[mm]
Dýþ Çap;71.141;[mm]
Dýþ Çap;71.430;[mm]
Dýþ Çap;71.449;[mm]
Dýþ Çap;71.559;[mm]
Dýþ Çap;71.372;[mm]
Dýþ Çap;71.377;[mm]
Dýþ Çap;71.482;[mm]
Dýþ Çap;71.447;[mm]
Dýþ Çap;71.438;[mm]
Dýþ Çap;71.424;[mm]
Dýþ Çap;71.502;[mm]
Dýþ Çap;71.364;[mm]
Dýþ Çap;71.391;[mm]
Dýþ Çap;71.412;[mm]
Dýþ Çap;71.466;[mm]
Dýþ Çap;71.492;[mm]
Dýþ Çap;71.529;[mm]
Dýþ Çap;71.504;[mm]
Dýþ Çap;71.386;[mm]
Dýþ Çap;71.368;[mm]
Dýþ Çap;71.468;[mm]
Dýþ Çap;71.379;[mm]
Dýþ Çap;71.369;[mm]
Dýþ Çap;71.433;[mm]
Dýþ Çap;71.483;[mm]
Dýþ Çap;71.364;[mm]
Dýþ Çap;71.449;[mm]
Dýþ Çap;71.437;[mm]
Dýþ Çap;71.466;[mm]
Dýþ Çap;71.336;[mm]
Dýþ Çap;71.462;[mm]
Dýþ Çap;71.434;[mm]
Dýþ Çap;71.441;[mm]
Dýþ Çap;71.470;[mm]
Dýþ Çap;71.579;[mm]
Dýþ Çap;71.454;[mm]
Dýþ Çap;71.416;[mm]
Dýþ Çap;71.508;[mm]
Dýþ Çap;71.387;[mm]
Dýþ Çap; ; 
Dýþ Çap;71.434;[mm]
Dýþ Çap;71.510;[mm]
Dýþ Çap;71.496;[mm]
Dýþ Çap;71.523;[mm]
Dýþ Çap; ; 
Dýþ Çap;71.449;[mm]
Dýþ Çap;71.523;[mm]
Dýþ Çap;71.433;[mm]
Dýþ Çap;71.456;[mm]
Dýþ Çap;71.384;[mm]
Dýþ Çap;71.449;[mm]
Dýþ Çap;71.515;[mm]
Dýþ Çap;71.429;[mm]
Dýþ Çap;71.434;[mm]
Dýþ Çap;71.412;[mm]
Dýþ Çap;71.473;[mm]
Dýþ Çap;71.381;[mm]
Dýþ Çap;71.393;[mm]
Dýþ Çap;71.450;[mm]
Dýþ Çap;71.390;[mm]
Dýþ Çap;71.489;[mm]
Dýþ Çap;71.415;[mm]
Dýþ Çap;71.504;[mm]
Dýþ Çap;71.389;[mm]
Dýþ Çap;71.435;[mm]
Dýþ Çap;71.478;[mm]
Dýþ Çap;71.450;[mm]
Dýþ Çap;71.465;[mm]
Dýþ Çap;71.427;[mm]
Dýþ Çap;71.479;[mm]
Dýþ Çap;71.431;[mm]
Dýþ Çap;71.536;[mm]
Dýþ Çap;71.447;[mm]
Dýþ Çap;71.359;[mm]
Dýþ Çap;71.489;[mm]
Dýþ Çap;71.491;[mm]
Dýþ Çap;71.473;[mm]
Dýþ Çap;71.455;[mm]
Dýþ Çap;71.404;[mm]
Dýþ Çap;71.492;[mm]
Dýþ Çap;71.492;[mm]
Dýþ Çap;71.443;[mm]
Dýþ Çap;71.522;[mm]
Dýþ Çap;71.445;[mm]
Dýþ Çap;71.265;[mm]
Dýþ Çap;71.500;[mm]
Dýþ Çap;71.501;[mm]
Dýþ Çap;71.471;[mm]
Dýþ Çap;71.398;[mm]
Dýþ Çap;71.550;[mm]
Dýþ Çap;71.427;[mm]
Dýþ Çap;71.389;[mm]
Dýþ Çap;71.413;[mm]
Dýþ Çap;71.427;[mm]
Dýþ Çap;71.478;[mm]
Dýþ Çap;71.487;[mm]
Dýþ Çap;71.496;[mm]
Dýþ Çap;71.451;[mm]
Dýþ Çap;71.416;[mm]
Dýþ Çap;71.507;[mm]
Dýþ Çap;71.427;[mm]
Dýþ Çap;71.404;[mm]
Dýþ Çap;71.470;[mm]
Dýþ Çap;71.549;[mm]
Dýþ Çap;71.473;[mm]
Dýþ Çap;71.457;[mm]
Dýþ Çap;71.436;[mm]
Dýþ Çap;71.464;[mm]
Dýþ Çap;71.422;[mm]
Dýþ Çap;71.439;[mm]
Dýþ Çap;71.462;[mm]
Dýþ Çap;71.475;[mm]
Dýþ Çap;71.331;[mm]
Dýþ Çap;71.452;[mm]
Dýþ Çap;71.440;[mm]
Dýþ Çap;71.384;[mm]
Dýþ Çap;71.468;[mm]
Dýþ Çap;71.386;[mm]
Dýþ Çap;71.429;[mm]
Dýþ Çap;71.497;[mm]
Dýþ Çap;71.505;[mm]
Dýþ Çap;71.463;[mm]
Dýþ Çap;71.402;[mm]
Dýþ Çap;71.442;[mm]
Dýþ Çap;71.424;[mm]
Dýþ Çap;71.362;[mm]
Dýþ Çap;71.457;[mm]
Dýþ Çap;71.402;[mm]
Dýþ Çap;71.411;[mm]
Dýþ Çap;71.334;[mm]
Dýþ Çap;71.480;[mm]
Dýþ Çap;71.485;[mm]
Dýþ Çap;71.450;[mm]
Dýþ Çap;71.501;[mm]
Dýþ Çap;71.497;[mm]
Dýþ Çap;71.468;[mm]
Dýþ Çap;71.475;[mm]
Dýþ Çap;71.509;[mm]
Dýþ Çap;71.329;[mm]
Dýþ Çap;71.518;[mm]
Dýþ Çap;71.480;[mm]
Dýþ Çap;71.397;[mm]
Dýþ Çap;71.401;[mm]
Dýþ Çap;71.450;[mm]
Dýþ Çap;71.557;[mm]
Dýþ Çap;71.437;[mm]
Dýþ Çap;71.393;[mm]
Dýþ Çap;71.416;[mm]
Dýþ Çap;71.391;[mm]
Dýþ Çap;71.453;[mm]
Dýþ Çap;71.493;[mm]
Dýþ Çap;71.466;[mm]
Dýþ Çap;71.466;[mm]
Dýþ Çap;71.506;[mm]
Dýþ Çap;71.398;[mm]
Dýþ Çap;71.470;[mm]
Dýþ Çap;71.547;[mm]
Dýþ Çap;71.476;[mm]
Dýþ Çap;71.410;[mm]
Dýþ Çap;71.503;[mm]
Dýþ Çap;71.460;[mm]
Dýþ Çap;71.461;[mm]
Dýþ Çap;71.397;[mm]
Dýþ Çap;71.397;[mm]
Dýþ Çap;71.469;[mm]
Dýþ Çap;71.341;[mm]
Dýþ Çap;71.404;[mm]
Dýþ Çap;71.464;[mm]
Dýþ Çap;71.423;[mm]
Dýþ Çap;71.354;[mm]
Dýþ Çap;71.451;[mm]
Dýþ Çap;71.461;[mm]
Dýþ Çap;71.499;[mm]
Dýþ Çap;71.492;[mm]
Dýþ Çap;71.457;[mm]
Dýþ Çap;71.443;[mm]
Dýþ Çap;71.468;[mm]
Dýþ Çap;71.498;[mm]
Dýþ Çap;71.431;[mm]
Dýþ Çap;71.520;[mm]
Dýþ Çap;71.415;[mm]
Dýþ Çap;71.442;[mm]
Dýþ Çap;71.533;[mm]
Dýþ Çap;71.466;[mm]
Dýþ Çap;71.392;[mm]
Dýþ Çap;71.251;[mm]
Dýþ Çap;71.362;[mm]
Dýþ Çap;71.445;[mm]
Dýþ Çap;71.423;[mm]
Dýþ Çap;71.478;[mm]
Dýþ Çap;71.370;[mm]
Dýþ Çap;71.568;[mm]
Dýþ Çap;71.508;[mm]
Dýþ Çap;71.510;[mm]
Dýþ Çap;71.405;[mm]
Dýþ Çap;71.474;[mm]
Dýþ Çap;71.382;[mm]
Dýþ Çap;71.400;[mm]
Dýþ Çap;71.501;[mm]
Dýþ Çap;71.444;[mm]
Dýþ Çap;71.431;[mm]
Dýþ Çap;71.511;[mm]
Dýþ Çap;71.483;[mm]
Dýþ Çap;71.426;[mm]
Dýþ Çap;71.456;[mm]
Dýþ Çap;71.479;[mm]
Dýþ Çap;71.517;[mm]
Dýþ Çap;71.444;[mm]
Dýþ Çap;71.493;[mm]
Dýþ Çap;71.462;[mm]
Dýþ Çap;71.514;[mm]
Dýþ Çap;71.397;[mm]
Dýþ Çap;71.444;[mm]
Dýþ Çap;71.431;[mm]
Dýþ Çap;71.412;[mm]
Dýþ Çap;71.432;[mm]
Dýþ Çap;71.398;[mm]
Dýþ Çap;71.443;[mm]
Dýþ Çap;71.340;[mm]
Dýþ Çap;71.463;[mm]
Dýþ Çap;71.493;[mm]
Dýþ Çap;71.343;[mm]
Dýþ Çap;71.369;[mm]
Dýþ Çap;71.472;[mm]
Dýþ Çap;71.501;[mm]
Dýþ Çap;71.453;[mm]
Dýþ Çap;71.365;[mm]
Dýþ Çap;71.472;[mm]
Dýþ Çap;71.540;[mm]
Dýþ Çap;71.530;[mm]
Dýþ Çap;71.465;[mm]
Dýþ Çap;71.535;[mm]
Dýþ Çap;71.395;[mm]
Dýþ Çap;71.443;[mm]
Dýþ Çap;71.336;[mm]
Dýþ Çap;71.424;[mm]
Dýþ Çap;71.346;[mm]
Dýþ Çap;71.514;[mm]
Dýþ Çap;71.376;[mm]
Dýþ Çap;71.483;[mm]
Dýþ Çap;71.471;[mm]
Dýþ Çap;71.375;[mm]
Dýþ Çap;71.480;[mm]
Dýþ Çap;71.432;[mm]
Dýþ Çap;71.459;[mm]
Dýþ Çap;71.385;[mm]
Dýþ Çap;71.419;[mm]
Dýþ Çap;71.446;[mm]
Dýþ Çap;71.487;[mm]
Dýþ Çap;71.499;[mm]
Dýþ Çap;71.464;[mm]
Dýþ Çap;71.478;[mm]
Dýþ Çap;71.360;[mm]
Dýþ Çap;71.431;[mm]
Dýþ Çap;71.393;[mm]
Dýþ Çap;71.359;[mm]
Dýþ Çap;71.440;[mm]
Dýþ Çap;71.533;[mm]
Dýþ Çap;71.410;[mm]
Dýþ Çap;71.339;[mm]
Dýþ Çap;71.478;[mm]
Dýþ Çap;71.467;[mm]
Dýþ Çap;71.473;[mm]
Dýþ Çap;71.352;[mm]
Dýþ Çap;71.418;[mm]
Dýþ Çap;71.467;[mm]
Dýþ Çap;71.502;[mm]
Dýþ Çap;71.419;[mm]
Dýþ Çap;71.445;[mm]
Dýþ Çap;71.472;[mm]
Dýþ Çap;71.414;[mm]
Dýþ Çap;71.480;[mm]
Dýþ Çap;71.580;[mm]
Dýþ Çap;71.371;[mm]
Dýþ Çap;71.401;[mm]
Dýþ Çap;71.423;[mm]
Dýþ Çap;71.415;[mm]
Dýþ Çap;71.332;[mm]
Dýþ Çap;71.529;[mm]
Dýþ Çap;71.526;[mm]
Dýþ Çap;71.380;[mm]
Dýþ Çap;71.458;[mm]
Dýþ Çap;71.463;[mm]
Dýþ Çap;71.445;[mm]
Dýþ Çap;71.433;[mm]
Dýþ Çap;71.454;[mm]
Dýþ Çap;71.493;[mm]
Dýþ Çap;71.353;[mm]
Dýþ Çap;71.434;[mm]
Dýþ Çap;71.490;[mm]
Dýþ Çap;71.514;[mm]
Dýþ Çap;71.499;[mm]
Dýþ Çap;71.475;[mm]
Dýþ Çap;71.434;[mm]
Dýþ Çap;71.399;[mm]
Dýþ Çap;71.474;[mm]
Dýþ Çap;71.315;[mm]
Dýþ Çap;71.431;[mm]
Dýþ Çap;71.356;[mm]
Dýþ Çap;71.480;[mm]
Dýþ Çap;71.416;[mm]
Dýþ Çap;71.360;[mm]
Dýþ Çap;71.445;[mm]
Dýþ Çap;71.330;[mm]
Dýþ Çap;71.537;[mm]
Dýþ Çap;71.483;[mm]
Dýþ Çap;71.504;[mm]
Dýþ Çap;71.420;[mm]
Dýþ Çap;71.331;[mm]
Dýþ Çap;71.458;[mm]
Dýþ Çap;71.483;[mm]
Dýþ Çap;71.481;[mm]
Dýþ Çap;71.497;[mm]
Dýþ Çap;71.328;[mm]
Dýþ Çap;71.496;[mm]
Dýþ Çap;71.417;[mm]
Dýþ Çap;71.525;[mm]
Dýþ Çap;71.464;[mm]
Dýþ Çap;71.329;[mm]
Dýþ Çap;71.447;[mm]
Dýþ Çap;71.390;[mm]
Dýþ Çap;71.397;[mm]
Dýþ Çap;71.484;[mm]
Dýþ Çap;71.368;[mm]
Dýþ Çap;71.499;[mm]
Dýþ Çap;71.401;[mm]
Dýþ Çap;71.513;[mm]
Dýþ Çap;71.406;[mm]
Dýþ Çap;71.528;[mm]
Dýþ Çap;71.486;[mm]
Dýþ Çap;71.488;[mm]
Dýþ Çap;71.564;[mm]
Dýþ Çap;71.411;[mm]
Dýþ Çap;71.360;[mm]
Dýþ Çap;71.502;[mm]
Dýþ Çap;71.486;[mm]
Dýþ Çap;71.397;[mm]
Dýþ Çap;71.415;[mm]
Dýþ Çap;71.491;[mm]
Dýþ Çap;71.441;[mm]
Dýþ Çap;71.484;[mm]
Dýþ Çap;71.451;[mm]
Dýþ Çap;71.443;[mm]
Dýþ Çap;71.433;[mm]
Dýþ Çap;71.448;[mm]
Dýþ Çap;71.387;[mm]
Dýþ Çap;71.368;[mm]
Dýþ Çap;71.433;[mm]
Dýþ Çap;71.432;[mm]
Dýþ Çap;71.418;[mm]
Dýþ Çap;71.412;[mm]
Dýþ Çap;71.488;[mm]
Dýþ Çap;72.745;[mm]
Dýþ Çap;71.484;[mm]
Dýþ Çap;71.490;[mm]
Dýþ Çap;71.333;[mm]
Dýþ Çap;71.515;[mm]
Dýþ Çap;71.388;[mm]
Dýþ Çap;71.457;[mm]
Dýþ Çap;71.388;[mm]
Dýþ Çap;71.497;[mm]
Dýþ Çap;71.475;[mm]
Dýþ Çap;71.495;[mm]
Dýþ Çap;71.390;[mm]
Dýþ Çap;71.378;[mm]
Dýþ Çap;71.255;[mm]
Dýþ Çap;71.449;[mm]
Dýþ Çap;71.496;[mm]
Dýþ Çap;71.402;[mm]
Dýþ Çap;71.434;[mm]
Dýþ Çap;71.441;[mm]
Dýþ Çap;71.453;[mm]
Dýþ Çap;71.580;[mm]
Dýþ Çap;71.280;[mm]
Dýþ Çap;71.521;[mm]
Dýþ Çap;71.444;[mm]
Dýþ Çap;71.494;[mm]
Dýþ Çap;71.461;[mm]
Dýþ Çap;71.370;[mm]
Dýþ Çap;71.399;[mm]
Dýþ Çap;71.510;[mm]
Dýþ Çap;71.548;[mm]
Dýþ Çap;71.432;[mm]
Dýþ Çap;71.465;[mm]
Dýþ Çap;71.496;[mm]
Dýþ Çap;71.386;[mm]
Dýþ Çap;71.517;[mm]
Dýþ Çap;71.386;[mm]
Dýþ Çap;71.454;[mm]
Dýþ Çap;71.484;[mm]
Dýþ Çap;71.552;[mm]
Dýþ Çap;71.594;[mm]
Dýþ Çap;71.411;[mm]
Dýþ Çap;71.474;[mm]
Dýþ Çap;71.577;[mm]
Dýþ Çap;71.544;[mm]
Dýþ Çap;71.520;[mm]
Dýþ Çap;71.464;[mm]
Dýþ Çap;71.449;[mm]
Dýþ Çap;71.500;[mm]
Dýþ Çap;71.559;[mm]
Dýþ Çap;71.435;[mm]
Dýþ Çap;71.388;[mm]
Dýþ Çap;71.357;[mm]
Dýþ Çap;71.395;[mm]
Dýþ Çap;71.421;[mm]
Dýþ Çap;71.371;[mm]
Dýþ Çap;71.408;[mm]
Dýþ Çap;71.367;[mm]
Dýþ Çap;71.512;[mm]
Dýþ Çap; ; 
Dýþ Çap;71.517;[mm]
Dýþ Çap;71.419;[mm]
Dýþ Çap;71.471;[mm]
Dýþ Çap;71.487;[mm]
Dýþ Çap;71.363;[mm]
Dýþ Çap;71.466;[mm]
Dýþ Çap;71.501;[mm]
Dýþ Çap;71.388;[mm]
Dýþ Çap;71.421;[mm]
Dýþ Çap;71.518;[mm]
Dýþ Çap;71.428;[mm]
Dýþ Çap;71.579;[mm]
Dýþ Çap;71.468;[mm]
Dýþ Çap;71.339;[mm]
Dýþ Çap;71.415;[mm]
Dýþ Çap;71.431;[mm]
Dýþ Çap;71.462;[mm]
Dýþ Çap;71.529;[mm]
Dýþ Çap;71.448;[mm]
Dýþ Çap;71.420;[mm]
Dýþ Çap;71.353;[mm]
Dýþ Çap;71.411;[mm]
Dýþ Çap;71.378;[mm]
Dýþ Çap;71.432;[mm]
Dýþ Çap;71.442;[mm]
Dýþ Çap;71.423;[mm]
Dýþ Çap;71.379;[mm]
Dýþ Çap;71.501;[mm]
Dýþ Çap;71.435;[mm]
Dýþ Çap;71.456;[mm]
Dýþ Çap;71.433;[mm]
Dýþ Çap;71.374;[mm]
Dýþ Çap;71.377;[mm]
Dýþ Çap;71.517;[mm]
Dýþ Çap;71.388;[mm]
Dýþ Çap;71.435;[mm]
Dýþ Çap;71.337;[mm]
Dýþ Çap;71.357;[mm]
Dýþ Çap;71.437;[mm]
Dýþ Çap;71.456;[mm]
Dýþ Çap;71.545;[mm]
Dýþ Çap;71.451;[mm]
Dýþ Çap;71.405;[mm]
Dýþ Çap;71.374;[mm]
Dýþ Çap;71.493;[mm]
Dýþ Çap;71.382;[mm]
Dýþ Çap;71.393;[mm]
Dýþ Çap;71.376;[mm]
Dýþ Çap;71.472;[mm]
Dýþ Çap;71.356;[mm]
Dýþ Çap;71.443;[mm]
Dýþ Çap;71.533;[mm]
Dýþ Çap;71.358;[mm]
Dýþ Çap;71.381;[mm]
Dýþ Çap;71.425;[mm]
Dýþ Çap;71.468;[mm]
Dýþ Çap;71.440;[mm]
Dýþ Çap;71.480;[mm]
Dýþ Çap;71.326;[mm]
Dýþ Çap;71.427;[mm]
Dýþ Çap;71.394;[mm]
Dýþ Çap;71.497;[mm]
Dýþ Çap;71.389;[mm]
Dýþ Çap;71.546;[mm]
Dýþ Çap;71.473;[mm]
Dýþ Çap;71.517;[mm]
Dýþ Çap;71.487;[mm]
Dýþ Çap;71.340;[mm]
Dýþ Çap;71.335;[mm]
Dýþ Çap;71.412;[mm]
Dýþ Çap;71.437;[mm]
Dýþ Çap;71.503;[mm]
Dýþ Çap;71.420;[mm]
Dýþ Çap;71.366;[mm]
Dýþ Çap;71.466;[mm]
Dýþ Çap;71.382;[mm]
Dýþ Çap;71.475;[mm]
Dýþ Çap;71.381;[mm]
Dýþ Çap;71.471;[mm]
Dýþ Çap;71.488;[mm]
Dýþ Çap;71.474;[mm]
Dýþ Çap;71.457;[mm]
Dýþ Çap;71.440;[mm]
Dýþ Çap;71.348;[mm]
Dýþ Çap;71.392;[mm]
Dýþ Çap;71.464;[mm]
Dýþ Çap;71.460;[mm]
Dýþ Çap;71.369;[mm]
Dýþ Çap;71.449;[mm]
Dýþ Çap;71.401;[mm]
Dýþ Çap;71.303;[mm]
Dýþ Çap;71.431;[mm]
Dýþ Çap;71.365;[mm]
Dýþ Çap;71.484;[mm]
Dýþ Çap;71.516;[mm]
Dýþ Çap;71.432;[mm]
Dýþ Çap;71.474;[mm]
Dýþ Çap;71.448;[mm]
Dýþ Çap;71.432;[mm]
Dýþ Çap;71.402;[mm]
Dýþ Çap;71.446;[mm]
Dýþ Çap;71.463;[mm]
Dýþ Çap;71.451;[mm]
Dýþ Çap;71.349;[mm]
Dýþ Çap;71.507;[mm]
Dýþ Çap;71.424;[mm]
Dýþ Çap;71.415;[mm]
Dýþ Çap;71.484;[mm]
Dýþ Çap;71.444;[mm]
Dýþ Çap;71.494;[mm]
Dýþ Çap;71.528;[mm]
Dýþ Çap;71.460;[mm]
Dýþ Çap;71.375;[mm]
Dýþ Çap;71.486;[mm]
Dýþ Çap;71.461;[mm]
Dýþ Çap;71.548;[mm]
Dýþ Çap;71.501;[mm]
Dýþ Çap;71.373;[mm]
Dýþ Çap;71.461;[mm]
Dýþ Çap;71.347;[mm]
Dýþ Çap;71.488;[mm]
Dýþ Çap;71.501;[mm]
Dýþ Çap;71.372;[mm]
Dýþ Çap;71.378;[mm]
Dýþ Çap;71.501;[mm]
Dýþ Çap;71.429;[mm]
Dýþ Çap;71.375;[mm]
Dýþ Çap;71.460;[mm]
Dýþ Çap;71.390;[mm]
Dýþ Çap;71.384;[mm]
Dýþ Çap;71.137;[mm]
Dýþ Çap;71.411;[mm]
Dýþ Çap;71.419;[mm]
Dýþ Çap;71.436;[mm]
Dýþ Çap;71.509;[mm]
Dýþ Çap;71.470;[mm]
Dýþ Çap;71.521;[mm]
Dýþ Çap;71.423;[mm]
Dýþ Çap;71.538;[mm]
Dýþ Çap;71.485;[mm]
Dýþ Çap;71.352;[mm]
Dýþ Çap;71.464;[mm]
Dýþ Çap;71.484;[mm]
Dýþ Çap;71.436;[mm]
Dýþ Çap;71.472;[mm]
Dýþ Çap;71.489;[mm]
Dýþ Çap;71.499;[mm]
Dýþ Çap;71.439;[mm]
Dýþ Çap;71.515;[mm]
Dýþ Çap;71.481;[mm]
Dýþ Çap;71.469;[mm]
Dýþ Çap;71.509;[mm]
Dýþ Çap;71.404;[mm]
Dýþ Çap;71.483;[mm]
Dýþ Çap;71.420;[mm]
Dýþ Çap;71.402;[mm]
Dýþ Çap;71.440;[mm]
Dýþ Çap;71.509;[mm]
Dýþ Çap;71.449;[mm]
Dýþ Çap;71.449;[mm]
Dýþ Çap;71.482;[mm]
Dýþ Çap;71.367;[mm]
Dýþ Çap;71.614;[mm]
Dýþ Çap; ; 
Dýþ Çap;71.401;[mm]
Dýþ Çap;71.442;[mm]
Dýþ Çap;71.407;[mm]
Dýþ Çap;71.469;[mm]
Dýþ Çap;71.424;[mm]
Dýþ Çap;71.421;[mm]
Dýþ Çap;71.391;[mm]
Dýþ Çap;71.384;[mm]
Dýþ Çap;71.427;[mm]
Dýþ Çap;71.465;[mm]
Dýþ Çap;71.478;[mm]
Dýþ Çap;71.402;[mm]
Dýþ Çap;71.515;[mm]
Dýþ Çap;71.417;[mm]
Dýþ Çap;71.454;[mm]
Dýþ Çap;71.437;[mm]
Dýþ Çap;71.394;[mm]
Dýþ Çap;71.546;[mm]
Dýþ Çap;71.483;[mm]
Dýþ Çap;71.475;[mm]
Dýþ Çap;71.443;[mm]
Dýþ Çap;71.255;[mm]
Dýþ Çap;71.507;[mm]
Dýþ Çap;71.333;[mm]
Dýþ Çap;71.457;[mm]
Dýþ Çap;71.438;[mm]
Dýþ Çap;71.320;[mm]
Dýþ Çap;71.393;[mm]
Dýþ Çap;71.453;[mm]
Dýþ Çap;71.301;[mm]
Dýþ Çap;71.428;[mm]
Dýþ Çap;71.456;[mm]
Dýþ Çap;71.369;[mm]
Dýþ Çap;71.504;[mm]
Dýþ Çap;71.501;[mm]
Dýþ Çap;71.424;[mm]
Dýþ Çap;71.497;[mm]
Dýþ Çap; ; 
Dýþ Çap;71.486;[mm]
Dýþ Çap;71.486;[mm]
Dýþ Çap;71.437;[mm]
Dýþ Çap;71.500;[mm]
Dýþ Çap;71.444;[mm]
Dýþ Çap;71.510;[mm]
Dýþ Çap;71.483;[mm]
Dýþ Çap;71.448;[mm]
Dýþ Çap;71.513;[mm]
Dýþ Çap;71.377;[mm]
Dýþ Çap;71.469;[mm]
Dýþ Çap;71.462;[mm]
Dýþ Çap;71.473;[mm]
Dýþ Çap;71.463;[mm]
Dýþ Çap;71.407;[mm]
Dýþ Çap;71.433;[mm]
Dýþ Çap;71.407;[mm]
Dýþ Çap;71.470;[mm]
Dýþ Çap;71.437;[mm]
Dýþ Çap;71.512;[mm]
Dýþ Çap;71.525;[mm]
Dýþ Çap;71.432;[mm]
Dýþ Çap;71.556;[mm]
Dýþ Çap;71.415;[mm]
Dýþ Çap;71.431;[mm]
Dýþ Çap;71.503;[mm]
Dýþ Çap;71.481;[mm]
Dýþ Çap;71.456;[mm]
Dýþ Çap;71.510;[mm]
Dýþ Çap;71.452;[mm]
Dýþ Çap;71.355;[mm]
Dýþ Çap;71.434;[mm]
Dýþ Çap;71.503;[mm]
Dýþ Çap;71.429;[mm]
Dýþ Çap;71.375;[mm]
Dýþ Çap;71.492;[mm]
Dýþ Çap;71.429;[mm]
Dýþ Çap;71.490;[mm]
Dýþ Çap;71.410;[mm]
Dýþ Çap;71.500;[mm]
Dýþ Çap;71.598;[mm]
Dýþ Çap;71.439;[mm]
Dýþ Çap;71.407;[mm]
Dýþ Çap;71.419;[mm]
Dýþ Çap;71.456;[mm]
Dýþ Çap;71.420;[mm]
Dýþ Çap;71.402;[mm]
Dýþ Çap;71.528;[mm]
Dýþ Çap;71.437;[mm]
Dýþ Çap;71.416;[mm]
Dýþ Çap;71.486;[mm]
Dýþ Çap;71.373;[mm]
Dýþ Çap;71.461;[mm]
Dýþ Çap;71.497;[mm]
Dýþ Çap;71.389;[mm]
Dýþ Çap;71.430;[mm]
Dýþ Çap;71.550;[mm]
Dýþ Çap;71.411;[mm]
Dýþ Çap;71.482;[mm]
Dýþ Çap;71.372;[mm]
Dýþ Çap;71.461;[mm]
Dýþ Çap;71.492;[mm]
Dýþ Çap;71.493;[mm]
Dýþ Çap;71.420;[mm]
Dýþ Çap;71.478;[mm]
Dýþ Çap;71.417;[mm]
Dýþ Çap;71.450;[mm]
Dýþ Çap;71.442;[mm]
Dýþ Çap;71.397;[mm]
Dýþ Çap;71.452;[mm]
Dýþ Çap;71.291;[mm]
Dýþ Çap;71.316;[mm]
Dýþ Çap;71.384;[mm]
Dýþ Çap;71.550;[mm]
Dýþ Çap;71.447;[mm]
Dýþ Çap;71.456;[mm]
Dýþ Çap;71.435;[mm]
Dýþ Çap;71.459;[mm]
Dýþ Çap;71.476;[mm]
Dýþ Çap;71.413;[mm]
Dýþ Çap;71.473;[mm]
Dýþ Çap;71.438;[mm]
Dýþ Çap;71.416;[mm]
Dýþ Çap;71.372;[mm]
Dýþ Çap;71.429;[mm]
Dýþ Çap;71.424;[mm]
Dýþ Çap;71.470;[mm]
Dýþ Çap;71.389;[mm]
Dýþ Çap;71.462;[mm]
Dýþ Çap;71.538;[mm]
Dýþ Çap;71.462;[mm]
Dýþ Çap;71.444;[mm]
Dýþ Çap;71.333;[mm]
Dýþ Çap;71.401;[mm]
Dýþ Çap;71.313;[mm]
Dýþ Çap;71.469;[mm]
Dýþ Çap;71.439;[mm]
Dýþ Çap;71.417;[mm]
Dýþ Çap;71.403;[mm]
Dýþ Çap;71.447;[mm]
Dýþ Çap;71.474;[mm]
Dýþ Çap;71.378;[mm]
Dýþ Çap;71.410;[mm]
Dýþ Çap;71.542;[mm]
Dýþ Çap;71.394;[mm]
Dýþ Çap;71.477;[mm]
Dýþ Çap;71.526;[mm]
Dýþ Çap;71.503;[mm]
Dýþ Çap;71.343;[mm]
Dýþ Çap;71.465;[mm]
Dýþ Çap;71.427;[mm]
Dýþ Çap;71.360;[mm]
Dýþ Çap;71.522;[mm]
Dýþ Çap;71.380;[mm]
Dýþ Çap;71.466;[mm]
Dýþ Çap;71.371;[mm]
Dýþ Çap;71.456;[mm]
Dýþ Çap;71.513;[mm]
Dýþ Çap;71.466;[mm]
Dýþ Çap;71.481;[mm]
Dýþ Çap;71.379;[mm]
Dýþ Çap;71.367;[mm]
Dýþ Çap;71.383;[mm]
Dýþ Çap;71.393;[mm]
Dýþ Çap;71.501;[mm]
Dýþ Çap;71.379;[mm]
Dýþ Çap;71.472;[mm]
Dýþ Çap;71.443;[mm]
Dýþ Çap;71.527;[mm]
Dýþ Çap;71.529;[mm]
Dýþ Çap;71.439;[mm]
Dýþ Çap;71.453;[mm]
Dýþ Çap;71.495;[mm]
Dýþ Çap;71.454;[mm]
Dýþ Çap;71.395;[mm]
Dýþ Çap;71.481;[mm]
Dýþ Çap;71.506;[mm]
Dýþ Çap;71.477;[mm]
Dýþ Çap;71.402;[mm]
Dýþ Çap;71.516;[mm]
Dýþ Çap;71.507;[mm]
Dýþ Çap;71.483;[mm]
Dýþ Çap;71.373;[mm]
Dýþ Çap;71.483;[mm]
Dýþ Çap;71.397;[mm]
Dýþ Çap;71.453;[mm]
Dýþ Çap;71.523;[mm]
Dýþ Çap;71.435;[mm]
Dýþ Çap;71.473;[mm]
Dýþ Çap;71.536;[mm]
Dýþ Çap;71.466;[mm]
Dýþ Çap;71.454;[mm]
Dýþ Çap;71.429;[mm]
Dýþ Çap;71.453;[mm]
Dýþ Çap;71.409;[mm]
Dýþ Çap;71.406;[mm]
Dýþ Çap;71.519;[mm]
Dýþ Çap;71.374;[mm]
Dýþ Çap;71.536;[mm]
Dýþ Çap;71.493;[mm]
Dýþ Çap;71.414;[mm]
Dýþ Çap;71.463;[mm]
Dýþ Çap;71.432;[mm]
Dýþ Çap;71.448;[mm]
Dýþ Çap;71.404;[mm]
Dýþ Çap;71.394;[mm]
Dýþ Çap;71.482;[mm]
Dýþ Çap;71.364;[mm]
Dýþ Çap;71.354;[mm]
Dýþ Çap;71.440;[mm]
Dýþ Çap;71.496;[mm]
Dýþ Çap;71.478;[mm]
Dýþ Çap;71.452;[mm]
Dýþ Çap;71.488;[mm]
Dýþ Çap;71.468;[mm]
Dýþ Çap;71.510;[mm]
Dýþ Çap;71.522;[mm]
Dýþ Çap;71.441;[mm]
Dýþ Çap;71.272;[mm]
Dýþ Çap;71.389;[mm]
Dýþ Çap;71.380;[mm]
Dýþ Çap;71.455;[mm]
Dýþ Çap;71.475;[mm]
Dýþ Çap;71.382;[mm]
Dýþ Çap;71.444;[mm]
Dýþ Çap;71.423;[mm]
Dýþ Çap;71.352;[mm]
Dýþ Çap;71.393;[mm]
Dýþ Çap;71.463;[mm]
Dýþ Çap;71.468;[mm]
Dýþ Çap;71.498;[mm]
Dýþ Çap;71.535;[mm]
Dýþ Çap;71.417;[mm]
Dýþ Çap;71.474;[mm]
Dýþ Çap;71.455;[mm]
Dýþ Çap;71.467;[mm]
Dýþ Çap;71.471;[mm]
Dýþ Çap;71.489;[mm]
Dýþ Çap;71.460;[mm]
Dýþ Çap;71.537;[mm]
Dýþ Çap;71.548;[mm]
Dýþ Çap;71.447;[mm]
Dýþ Çap;71.313;[mm]
Dýþ Çap;71.393;[mm]
Dýþ Çap;71.448;[mm]
Dýþ Çap;71.499;[mm]
Dýþ Çap;71.383;[mm]
Dýþ Çap;71.403;[mm]
Dýþ Çap;71.385;[mm]
Dýþ Çap;71.509;[mm]
Dýþ Çap;71.491;[mm]
Dýþ Çap;71.434;[mm]
Dýþ Çap;71.521;[mm]
Dýþ Çap;71.441;[mm]
Dýþ Çap;71.433;[mm]
Dýþ Çap;71.406;[mm]
Dýþ Çap;71.507;[mm]
Dýþ Çap;71.463;[mm]
Dýþ Çap;71.453;[mm]
Dýþ Çap;71.431;[mm]
Dýþ Çap;71.279;[mm]
Dýþ Çap;71.491;[mm]
Dýþ Çap;71.484;[mm]
Dýþ Çap;71.536;[mm]
Dýþ Çap;71.499;[mm]
Dýþ Çap;71.542;[mm]
Dýþ Çap;71.403;[mm]
Dýþ Çap;71.469;[mm]
Dýþ Çap;71.524;[mm]
Dýþ Çap;71.450;[mm]
Dýþ Çap;71.321;[mm]
Dýþ Çap;71.532;[mm]
Dýþ Çap;71.450;[mm]
Dýþ Çap;71.402;[mm]
Dýþ Çap;71.455;[mm]
Dýþ Çap;71.436;[mm]
Dýþ Çap;71.570;[mm]
Dýþ Çap;71.480;[mm]
Dýþ Çap;71.515;[mm]
Dýþ Çap;71.367;[mm]
Dýþ Çap;71.377;[mm]
Dýþ Çap;71.491;[mm]
Dýþ Çap; ; 
Dýþ Çap;71.501;[mm]
Dýþ Çap;71.479;[mm]
Dýþ Çap;71.391;[mm]
Dýþ Çap;71.390;[mm]
Dýþ Çap;71.496;[mm]
Dýþ Çap;71.494;[mm]
Dýþ Çap;71.473;[mm]
Dýþ Çap;71.499;[mm]
Dýþ Çap;71.517;[mm]
Dýþ Çap;71.474;[mm]
Dýþ Çap;71.439;[mm]
Dýþ Çap;71.391;[mm]
Dýþ Çap;71.458;[mm]
Dýþ Çap;71.471;[mm]
Dýþ Çap;71.456;[mm]
Dýþ Çap;71.434;[mm]
Dýþ Çap;71.372;[mm]
Dýþ Çap;71.470;[mm]
Dýþ Çap;71.439;[mm]
Dýþ Çap;71.462;[mm]
Dýþ Çap;71.407;[mm]
Dýþ Çap;71.508;[mm]
Dýþ Çap;71.375;[mm]
Dýþ Çap;71.380;[mm]
Dýþ Çap;71.423;[mm]
Dýþ Çap;71.448;[mm]
Dýþ Çap;71.460;[mm]
Dýþ Çap;71.425;[mm]
Dýþ Çap;71.477;[mm]
Dýþ Çap;71.495;[mm]
Dýþ Çap;71.369;[mm]
Dýþ Çap;71.458;[mm]
Dýþ Çap;71.341;[mm]
Dýþ Çap;71.514;[mm]
Dýþ Çap;71.426;[mm]
Dýþ Çap;71.439;[mm]
Dýþ Çap;71.445;[mm]
Dýþ Çap;71.464;[mm]
Dýþ Çap;71.466;[mm]
Dýþ Çap;71.497;[mm]
Dýþ Çap;71.452;[mm]
Dýþ Çap;71.481;[mm]
Dýþ Çap;71.400;[mm]
Dýþ Çap;71.400;[mm]
Dýþ Çap;71.347;[mm]
Dýþ Çap;71.404;[mm]
Dýþ Çap;71.495;[mm]
Dýþ Çap;71.489;[mm]
Dýþ Çap;71.416;[mm]
Dýþ Çap;71.405;[mm]
Dýþ Çap;71.382;[mm]
Dýþ Çap;71.404;[mm]
Dýþ Çap;71.393;[mm]
Dýþ Çap;71.519;[mm]
Dýþ Çap;71.366;[mm]
Dýþ Çap;71.437;[mm]
Dýþ Çap;71.451;[mm]
Dýþ Çap;71.461;[mm]
Dýþ Çap;71.427;[mm]
Dýþ Çap;71.361;[mm]
Dýþ Çap;71.407;[mm]
Dýþ Çap;71.472;[mm]
Dýþ Çap;71.502;[mm]
Dýþ Çap;71.460;[mm]
Dýþ Çap;71.448;[mm]
Dýþ Çap;71.512;[mm]
Dýþ Çap;71.389;[mm]
Dýþ Çap;71.500;[mm]
Dýþ Çap;71.464;[mm]
Dýþ Çap;71.593;[mm]
Dýþ Çap;71.203;[mm]
Dýþ Çap;71.498;[mm]
Dýþ Çap;71.427;[mm]
Dýþ Çap;71.483;[mm]
Dýþ Çap;71.513;[mm]
Dýþ Çap;71.492;[mm]
Dýþ Çap;71.418;[mm]
Dýþ Çap;71.500;[mm]
Dýþ Çap;71.520;[mm]
Dýþ Çap;71.389;[mm]
Dýþ Çap;71.412;[mm]
Dýþ Çap;71.392;[mm]
Dýþ Çap;71.374;[mm]
Dýþ Çap;71.464;[mm]
Dýþ Çap;71.495;[mm]
Dýþ Çap;71.307;[mm]
Dýþ Çap;71.366;[mm]
Dýþ Çap;71.508;[mm]
Dýþ Çap;71.376;[mm]
Dýþ Çap;71.399;[mm]
Dýþ Çap;71.399;[mm]
Dýþ Çap;71.415;[mm]
Dýþ Çap;71.438;[mm]
Dýþ Çap;71.498;[mm]
Dýþ Çap;71.386;[mm]
Dýþ Çap;71.375;[mm]
Dýþ Çap;71.514;[mm]
Dýþ Çap;71.404;[mm]
Dýþ Çap;71.509;[mm]
Dýþ Çap;71.509;[mm]
Dýþ Çap;71.443;[mm]
Dýþ Çap;71.466;[mm]
Dýþ Çap;71.470;[mm]
Dýþ Çap;71.468;[mm]
Dýþ Çap;71.535;[mm]
Dýþ Çap;71.464;[mm]
Dýþ Çap;71.446;[mm]
Dýþ Çap;71.464;[mm]
Dýþ Çap;71.440;[mm]
Dýþ Çap;71.457;[mm]
Dýþ Çap;71.532;[mm]
Dýþ Çap;71.541;[mm]
Dýþ Çap;71.502;[mm]
Dýþ Çap;71.548;[mm]
Dýþ Çap;71.482;[mm]
Dýþ Çap;71.434;[mm]
Dýþ Çap;71.508;[mm]
Dýþ Çap;71.456;[mm]
Dýþ Çap;71.391;[mm]
Dýþ Çap;71.439;[mm]
Dýþ Çap;71.368;[mm]
Dýþ Çap;71.420;[mm]
Dýþ Çap;71.426;[mm]
Dýþ Çap;71.454;[mm]
Dýþ Çap;71.465;[mm]
Dýþ Çap;71.454;[mm]
Dýþ Çap;71.432;[mm]
Dýþ Çap;71.498;[mm]
Dýþ Çap;71.428;[mm]
Dýþ Çap;71.464;[mm]
Dýþ Çap;71.463;[mm]
Dýþ Çap;71.487;[mm]
Dýþ Çap;71.397;[mm]
Dýþ Çap;71.513;[mm]
Dýþ Çap;71.445;[mm]
Dýþ Çap;71.389;[mm]
Dýþ Çap;71.488;[mm]
Dýþ Çap;71.479;[mm]
Dýþ Çap;71.432;[mm]
Dýþ Çap;71.403;[mm]
Dýþ Çap; ; 
Dýþ Çap;71.485;[mm]
Dýþ Çap;71.361;[mm]
Dýþ Çap;71.483;[mm]
Dýþ Çap;71.474;[mm]
Dýþ Çap;71.375;[mm]
Dýþ Çap;71.415;[mm]
Dýþ Çap;71.429;[mm]
Dýþ Çap;71.395;[mm]
Dýþ Çap;71.489;[mm]
Dýþ Çap;71.414;[mm]
Dýþ Çap;71.366;[mm]
Dýþ Çap;71.492;[mm]
Dýþ Çap;71.530;[mm]
Dýþ Çap;71.472;[mm]
Dýþ Çap;71.456;[mm]
Dýþ Çap;71.350;[mm]
Dýþ Çap;71.440;[mm]
Dýþ Çap;71.358;[mm]
Dýþ Çap;71.329;[mm]
Dýþ Çap;71.422;[mm]
Dýþ Çap;71.448;[mm]
Dýþ Çap;71.400;[mm]
Dýþ Çap;71.316;[mm]
Dýþ Çap;71.463;[mm]
Dýþ Çap;71.416;[mm]
Dýþ Çap;71.381;[mm]
Dýþ Çap;71.452;[mm]
Dýþ Çap;71.486;[mm]
Dýþ Çap;71.392;[mm]
Dýþ Çap;71.383;[mm]
Dýþ Çap;71.290;[mm]
Dýþ Çap;71.499;[mm]
Dýþ Çap;71.498;[mm]
Dýþ Çap;71.556;[mm]
Dýþ Çap;71.475;[mm]
Dýþ Çap;71.368;[mm]
Dýþ Çap;71.468;[mm]
Dýþ Çap;71.406;[mm]
Dýþ Çap;71.444;[mm]
Dýþ Çap;71.351;[mm]
Dýþ Çap;71.490;[mm]
Dýþ Çap;71.412;[mm]
Dýþ Çap;71.382;[mm]
Dýþ Çap;71.455;[mm]
Dýþ Çap;71.410;[mm]
Dýþ Çap;71.450;[mm]
Dýþ Çap;71.450;[mm]
Dýþ Çap;71.524;[mm]
Dýþ Çap;71.446;[mm]
Dýþ Çap;71.521;[mm]
Dýþ Çap;71.387;[mm]
Dýþ Çap;71.479;[mm]
Dýþ Çap;71.415;[mm]
Dýþ Çap;71.371;[mm]
Dýþ Çap;71.508;[mm]
Dýþ Çap;71.432;[mm]
Dýþ Çap;71.542;[mm]
Dýþ Çap;71.343;[mm]
Dýþ Çap;71.424;[mm]
Dýþ Çap;71.417;[mm]
Dýþ Çap;71.455;[mm]
Dýþ Çap;71.382;[mm]
Dýþ Çap;71.497;[mm]
Dýþ Çap;71.412;[mm]
Dýþ Çap;71.446;[mm]
Dýþ Çap;71.462;[mm]
Dýþ Çap;71.488;[mm]
Dýþ Çap;71.427;[mm]
Dýþ Çap;71.486;[mm]
Dýþ Çap;71.456;[mm]
Dýþ Çap;71.389;[mm]
Dýþ Çap;71.437;[mm]
Dýþ Çap;71.475;[mm]
Dýþ Çap;71.435;[mm]
Dýþ Çap;71.474;[mm]
Dýþ Çap;71.503;[mm]
Dýþ Çap;71.475;[mm]
Dýþ Çap;71.436;[mm]
Dýþ Çap;71.472;[mm]
Dýþ Çap;71.476;[mm]
Dýþ Çap;71.516;[mm]
Dýþ Çap;71.458;[mm]
Dýþ Çap;71.503;[mm]
Dýþ Çap;71.482;[mm]
Dýþ Çap;71.448;[mm]
Dýþ Çap;71.355;[mm]
Dýþ Çap;71.360;[mm]
Dýþ Çap;71.359;[mm]
Dýþ Çap;71.480;[mm]
Dýþ Çap;71.545;[mm]
Dýþ Çap;71.414;[mm]
Dýþ Çap;71.489;[mm]
Dýþ Çap;71.429;[mm]
Dýþ Çap;71.436;[mm]
Dýþ Çap;71.350;[mm]
Dýþ Çap;71.461;[mm]
Dýþ Çap;72.631;[mm]
Dýþ Çap;71.471;[mm]
Dýþ Çap;71.412;[mm]
Dýþ Çap;71.400;[mm]
Dýþ Çap;71.439;[mm]
Dýþ Çap;71.439;[mm]
Dýþ Çap;71.517;[mm]
Dýþ Çap;71.520;[mm]
Dýþ Çap;71.353;[mm]
Dýþ Çap;71.504;[mm]
Dýþ Çap;71.346;[mm]
Dýþ Çap;71.431;[mm]
Dýþ Çap;71.403;[mm]
Dýþ Çap;71.499;[mm]
Dýþ Çap;71.477;[mm]
Dýþ Çap;71.393;[mm]
Dýþ Çap;71.450;[mm]
Dýþ Çap;71.379;[mm]
Dýþ Çap;71.477;[mm]
Dýþ Çap;71.424;[mm]
Dýþ Çap;71.420;[mm]
Dýþ Çap;71.401;[mm]
Dýþ Çap;71.483;[mm]
Dýþ Çap;71.399;[mm]
Dýþ Çap;71.486;[mm]
Dýþ Çap;71.445;[mm]
Dýþ Çap;71.453;[mm]
Dýþ Çap;71.453;[mm]
Dýþ Çap;71.553;[mm]
Dýþ Çap;71.453;[mm]
Dýþ Çap;71.463;[mm]
Dýþ Çap;71.491;[mm]
Dýþ Çap;71.490;[mm]
Dýþ Çap;71.400;[mm]
Dýþ Çap;71.442;[mm]
Dýþ Çap;71.535;[mm]
Dýþ Çap;71.488;[mm]
Dýþ Çap;71.410;[mm]
Dýþ Çap;71.410;[mm]
Dýþ Çap;71.436;[mm]
Dýþ Çap;71.495;[mm]
Dýþ Çap;71.424;[mm]
Dýþ Çap;71.460;[mm]
Dýþ Çap;71.503;[mm]
Dýþ Çap;71.423;[mm]
Dýþ Çap;71.409;[mm]
Dýþ Çap;71.378;[mm]
Dýþ Çap;71.486;[mm]
Dýþ Çap;71.486;[mm]
Dýþ Çap;71.376;[mm]
Dýþ Çap;71.530;[mm]
Dýþ Çap;71.430;[mm]
Dýþ Çap;71.377;[mm]
Dýþ Çap;71.384;[mm]
Dýþ Çap;71.435;[mm]
Dýþ Çap;71.470;[mm]
Dýþ Çap;71.362;[mm]
Dýþ Çap;71.376;[mm]
Dýþ Çap;71.434;[mm]
Dýþ Çap;71.369;[mm]
Dýþ Çap;71.364;[mm]
Dýþ Çap;71.475;[mm]
Dýþ Çap;71.493;[mm]
Dýþ Çap;71.493;[mm]
Dýþ Çap;71.402;[mm]
Dýþ Çap;71.555;[mm]
Dýþ Çap;71.474;[mm]
Dýþ Çap;71.467;[mm]
Dýþ Çap;71.450;[mm]
Dýþ Çap;71.524;[mm]
Dýþ Çap;71.426;[mm]
Dýþ Çap;71.539;[mm]
Dýþ Çap;71.465;[mm]
Dýþ Çap;71.441;[mm]
Dýþ Çap;71.509;[mm]
Dýþ Çap;71.435;[mm]
Dýþ Çap;71.440;[mm]
Dýþ Çap;71.460;[mm]
Dýþ Çap;71.378;[mm]
Dýþ Çap;71.376;[mm]
Dýþ Çap;71.430;[mm]
Dýþ Çap;71.407;[mm]
Dýþ Çap;71.418;[mm]
Dýþ Çap;71.450;[mm]
Dýþ Çap;71.517;[mm]
Dýþ Çap;71.460;[mm]
Dýþ Çap;71.499;[mm]
Dýþ Çap;71.445;[mm]
Dýþ Çap;71.445;[mm]
Dýþ Çap;71.373;[mm]
Dýþ Çap;71.457;[mm]
Dýþ Çap;71.448;[mm]
Dýþ Çap;71.390;[mm]
Dýþ Çap;71.548;[mm]
Dýþ Çap;71.568;[mm]
Dýþ Çap;71.406;[mm]
Dýþ Çap;71.490;[mm]
Dýþ Çap;71.364;[mm]
Dýþ Çap;71.475;[mm]
Dýþ Çap;71.432;[mm]
Dýþ Çap;71.502;[mm]
Dýþ Çap;71.417;[mm]
Dýþ Çap;71.524;[mm]
Dýþ Çap;71.594;[mm]
Dýþ Çap;71.473;[mm]
Dýþ Çap;71.439;[mm]
Dýþ Çap;71.473;[mm]
Dýþ Çap;71.474;[mm]
Dýþ Çap;71.468;[mm]
Dýþ Çap;71.481;[mm]
Dýþ Çap;71.508;[mm]
Dýþ Çap;71.442;[mm]
Dýþ Çap;71.497;[mm]
Dýþ Çap;71.418;[mm]
Dýþ Çap;71.410;[mm]
Dýþ Çap;71.505;[mm]
Dýþ Çap;71.471;[mm]
Dýþ Çap;71.389;[mm]
Dýþ Çap;71.503;[mm]
Dýþ Çap;71.497;[mm]
Dýþ Çap;71.456;[mm]
Dýþ Çap;71.499;[mm]
Dýþ Çap;71.397;[mm]
Dýþ Çap;71.375;[mm]
Dýþ Çap;71.545;[mm]
Dýþ Çap;71.464;[mm]
Dýþ Çap;71.495;[mm]
Dýþ Çap;71.564;[mm]
Dýþ Çap;71.460;[mm]
Dýþ Çap;71.432;[mm]
Dýþ Çap;71.532;[mm]
Dýþ Çap;71.449;[mm]
Dýþ Çap;71.588;[mm]
Dýþ Çap;71.514;[mm]
Dýþ Çap;71.451;[mm]
Dýþ Çap;71.465;[mm]
Dýþ Çap;71.474;[mm]
Dýþ Çap;71.490;[mm]
Dýþ Çap; ; 
Dýþ Çap;71.448;[mm]
Dýþ Çap;71.533;[mm]
Dýþ Çap;71.523;[mm]
Dýþ Çap;71.441;[mm]
Dýþ Çap;71.514;[mm]
Dýþ Çap;71.379;[mm]
Dýþ Çap;71.465;[mm]
Dýþ Çap;71.459;[mm]
Dýþ Çap;71.457;[mm]
Dýþ Çap;71.550;[mm]
Dýþ Çap;71.454;[mm]
Dýþ Çap;71.418;[mm]
Dýþ Çap;71.547;[mm]
Dýþ Çap;71.474;[mm]
Dýþ Çap;71.378;[mm]
Dýþ Çap;71.298;[mm]
Dýþ Çap;71.569;[mm]
Dýþ Çap; ; 
Dýþ Çap;71.492;[mm]
Dýþ Çap;71.446;[mm]
Dýþ Çap;71.378;[mm]
Dýþ Çap;71.539;[mm]
Dýþ Çap;71.450;[mm]
Dýþ Çap;71.483;[mm]
Dýþ Çap;71.409;[mm]
Dýþ Çap;71.447;[mm]
Dýþ Çap;71.488;[mm]
Dýþ Çap;71.438;[mm]
Dýþ Çap;71.393;[mm]
Dýþ Çap;71.462;[mm]
Dýþ Çap;71.495;[mm]
Dýþ Çap;71.490;[mm]
Dýþ Çap;71.373;[mm]
Dýþ Çap;71.474;[mm]
Dýþ Çap;71.491;[mm]
Dýþ Çap;71.407;[mm]
Dýþ Çap;71.502;[mm]
Dýþ Çap;71.431;[mm]
Dýþ Çap;71.422;[mm]
Dýþ Çap;71.443;[mm]
Dýþ Çap;71.473;[mm]
Dýþ Çap;71.423;[mm]
Dýþ Çap;71.493;[mm]
Dýþ Çap;71.414;[mm]
Dýþ Çap;71.362;[mm]
Dýþ Çap;71.414;[mm]
Dýþ Çap;71.367;[mm]
Dýþ Çap;71.480;[mm]
Dýþ Çap;71.461;[mm]
Dýþ Çap;71.475;[mm]
Dýþ Çap;71.478;[mm]
Dýþ Çap;71.402;[mm]
Dýþ Çap;71.459;[mm]
Dýþ Çap;71.507;[mm]
Dýþ Çap;71.400;[mm]
Dýþ Çap;71.460;[mm]
Dýþ Çap;71.407;[mm]
Dýþ Çap;71.529;[mm]
Dýþ Çap;71.553;[mm]
Dýþ Çap;71.523;[mm]
Dýþ Çap;71.422;[mm]
Dýþ Çap;71.370;[mm]
Dýþ Çap;71.375;[mm]
Dýþ Çap;71.367;[mm]
Dýþ Çap;71.471;[mm]
Dýþ Çap;71.405;[mm]
Dýþ Çap;71.423;[mm]
Dýþ Çap;71.470;[mm]
Dýþ Çap;71.450;[mm]
Dýþ Çap;71.464;[mm]
Dýþ Çap;71.475;[mm]
Dýþ Çap;71.412;[mm]
Dýþ Çap;71.419;[mm]
Dýþ Çap;71.495;[mm]
Dýþ Çap;71.406;[mm]
Dýþ Çap;71.505;[mm]
Dýþ Çap;71.554;[mm]
Dýþ Çap;71.485;[mm]
Dýþ Çap;71.420;[mm]
Dýþ Çap;71.391;[mm]
Dýþ Çap;71.475;[mm]
Dýþ Çap;71.478;[mm]
Dýþ Çap;71.468;[mm]
Dýþ Çap;71.459;[mm]
Dýþ Çap;71.485;[mm]
Dýþ Çap;71.476;[mm]
Dýþ Çap;71.471;[mm]
Dýþ Çap;71.501;[mm]
Dýþ Çap;71.473;[mm]
Dýþ Çap;71.472;[mm]
Dýþ Çap;71.459;[mm]
Dýþ Çap;71.486;[mm]
Dýþ Çap;71.509;[mm]
Dýþ Çap;71.373;[mm]
Dýþ Çap;71.486;[mm]
Dýþ Çap;71.542;[mm]
Dýþ Çap;71.505;[mm]
Dýþ Çap;71.475;[mm]
Dýþ Çap;71.430;[mm]
Dýþ Çap;71.430;[mm]
Dýþ Çap;71.519;[mm]
Dýþ Çap;71.506;[mm]
Dýþ Çap;71.481;[mm]
Dýþ Çap;71.390;[mm]
Dýþ Çap;71.328;[mm]
Dýþ Çap;71.487;[mm]
Dýþ Çap;71.385;[mm]
Dýþ Çap;71.472;[mm]
Dýþ Çap;71.454;[mm]
Dýþ Çap;71.417;[mm]
Dýþ Çap;71.479;[mm]
Dýþ Çap;71.511;[mm]
Dýþ Çap;71.450;[mm]
Dýþ Çap;71.493;[mm]
Dýþ Çap;71.427;[mm]
Dýþ Çap;71.495;[mm]
Dýþ Çap;71.412;[mm]
Dýþ Çap;71.449;[mm]
Dýþ Çap;71.367;[mm]
Dýþ Çap;71.421;[mm]
Dýþ Çap;71.522;[mm]
Dýþ Çap;71.438;[mm]
Dýþ Çap;71.531;[mm]
Dýþ Çap;71.508;[mm]
Dýþ Çap;71.351;[mm]
Dýþ Çap;71.475;[mm]
Dýþ Çap;71.337;[mm]
Dýþ Çap;71.394;[mm]
Dýþ Çap;71.419;[mm]
Dýþ Çap;71.414;[mm]
Dýþ Çap;71.355;[mm]
Dýþ Çap;71.363;[mm]
Dýþ Çap;71.428;[mm]
Dýþ Çap;71.480;[mm]
Dýþ Çap;71.453;[mm]
Dýþ Çap;71.479;[mm]
Dýþ Çap;71.340;[mm]
Dýþ Çap;71.478;[mm]
Dýþ Çap;71.459;[mm]
Dýþ Çap;71.571;[mm]
Dýþ Çap;71.456;[mm]
Dýþ Çap;71.482;[mm]
Dýþ Çap;71.424;[mm]
Dýþ Çap;71.405;[mm]
Dýþ Çap;71.361;[mm]
Dýþ Çap;71.393;[mm]
Dýþ Çap;71.376;[mm]
Dýþ Çap;71.464;[mm]
Dýþ Çap;71.463;[mm]
Dýþ Çap;71.391;[mm]
Dýþ Çap;71.405;[mm]
Dýþ Çap;71.461;[mm]
Dýþ Çap;71.466;[mm]
Dýþ Çap;71.493;[mm]
Dýþ Çap;71.466;[mm]
Dýþ Çap;71.487;[mm]
Dýþ Çap;71.457;[mm]
Dýþ Çap;71.427;[mm]
Dýþ Çap;71.412;[mm]
Dýþ Çap;71.422;[mm]
Dýþ Çap;71.471;[mm]
Dýþ Çap;71.364;[mm]
Dýþ Çap;71.530;[mm]
Dýþ Çap;71.433;[mm]
Dýþ Çap;71.553;[mm]
Dýþ Çap;71.385;[mm]
Dýþ Çap;71.468;[mm]
Dýþ Çap;71.433;[mm]
Dýþ Çap;71.486;[mm]
Dýþ Çap;71.451;[mm]
Dýþ Çap;71.581;[mm]
Dýþ Çap;71.446;[mm]
Dýþ Çap;71.525;[mm]
Dýþ Çap;71.418;[mm]
Dýþ Çap;71.454;[mm]
Dýþ Çap;71.509;[mm]
Dýþ Çap;71.785;[mm]
Dýþ Çap;71.438;[mm]
Dýþ Çap;71.454;[mm]
Dýþ Çap;71.528;[mm]
Dýþ Çap;71.555;[mm]
Dýþ Çap;71.478;[mm]
Dýþ Çap;71.497;[mm]
Dýþ Çap;71.500;[mm]
Dýþ Çap;71.410;[mm]
Dýþ Çap;71.544;[mm]
Dýþ Çap;71.335;[mm]
Dýþ Çap;71.451;[mm]
Dýþ Çap;71.390;[mm]
Dýþ Çap;71.400;[mm]
Dýþ Çap;71.483;[mm]
Dýþ Çap;71.375;[mm]
Dýþ Çap;71.396;[mm]
Dýþ Çap;71.572;[mm]
Dýþ Çap;71.435;[mm]
Dýþ Çap;71.519;[mm]
Dýþ Çap;71.443;[mm]
Dýþ Çap;71.389;[mm]
Dýþ Çap;71.377;[mm]
Dýþ Çap;71.389;[mm]
Dýþ Çap;71.471;[mm]
Dýþ Çap;71.380;[mm]
Dýþ Çap;71.476;[mm]
Dýþ Çap;71.484;[mm]
Dýþ Çap;71.428;[mm]
Dýþ Çap;71.512;[mm]
Dýþ Çap;71.362;[mm]
Dýþ Çap;71.430;[mm]
Dýþ Çap;71.467;[mm]
Dýþ Çap;71.516;[mm]
Dýþ Çap;71.393;[mm]
Dýþ Çap;71.388;[mm]
Dýþ Çap;71.437;[mm]
Dýþ Çap;71.626;[mm]
Dýþ Çap;71.364;[mm]
Dýþ Çap;71.366;[mm]
Dýþ Çap;71.383;[mm]
Dýþ Çap;71.489;[mm]
Dýþ Çap;71.503;[mm]
Dýþ Çap; ; 
Dýþ Çap;71.292;[mm]
Dýþ Çap;71.338;[mm]
Dýþ Çap;71.456;[mm]
Dýþ Çap;71.444;[mm]
Dýþ Çap;71.462;[mm]
Dýþ Çap;71.424;[mm]
Dýþ Çap;71.394;[mm]
Dýþ Çap;71.427;[mm]
Dýþ Çap;71.529;[mm]
Dýþ Çap;71.499;[mm]
Dýþ Çap;71.422;[mm]
Dýþ Çap;71.500;[mm]
Dýþ Çap;71.448;[mm]
Dýþ Çap;71.434;[mm]
Dýþ Çap;71.504;[mm]
Dýþ Çap;71.524;[mm]
Dýþ Çap;71.522;[mm]
Dýþ Çap;71.450;[mm]
Dýþ Çap;71.457;[mm]
Dýþ Çap;71.474;[mm]
Dýþ Çap;71.384;[mm]
Dýþ Çap;71.419;[mm]
Dýþ Çap;71.436;[mm]
Dýþ Çap;71.416;[mm]
Dýþ Çap;71.706;[mm]
Dýþ Çap;71.397;[mm]
Dýþ Çap;71.467;[mm]
Dýþ Çap;71.414;[mm]
Dýþ Çap;71.489;[mm]
Dýþ Çap;71.406;[mm]
Dýþ Çap;71.413;[mm]
Dýþ Çap;71.545;[mm]
Dýþ Çap;71.458;[mm]
Dýþ Çap;71.540;[mm]
Dýþ Çap;71.588;[mm]
Dýþ Çap;71.417;[mm]
Dýþ Çap;71.462;[mm]
Dýþ Çap;71.532;[mm]
Dýþ Çap;71.541;[mm]
Dýþ Çap;71.394;[mm]
Dýþ Çap;71.396;[mm]
Dýþ Çap;71.448;[mm]
Dýþ Çap;71.432;[mm]
Dýþ Çap;71.463;[mm]
Dýþ Çap;71.610;[mm]
Dýþ Çap;71.442;[mm]
Dýþ Çap;71.395;[mm]
Dýþ Çap;71.409;[mm]
Dýþ Çap;71.540;[mm]
Dýþ Çap;71.458;[mm]
Dýþ Çap;71.404;[mm]
Dýþ Çap;71.374;[mm]
Dýþ Çap;71.445;[mm]
Dýþ Çap;71.468;[mm]
Dýþ Çap;71.506;[mm]
Dýþ Çap;71.387;[mm]
Dýþ Çap;71.459;[mm]
Dýþ Çap;71.421;[mm]
Dýþ Çap;71.470;[mm]
Dýþ Çap;71.485;[mm]
Dýþ Çap;71.496;[mm]
Dýþ Çap;71.524;[mm]
Dýþ Çap;71.546;[mm]
Dýþ Çap;71.409;[mm]
Dýþ Çap;71.509;[mm]
Dýþ Çap;71.510;[mm]
Dýþ Çap;71.442;[mm]
Dýþ Çap;71.295;[mm]
Dýþ Çap;71.440;[mm]
Dýþ Çap;71.295;[mm]
Dýþ Çap;73.071;[mm]
Dýþ Çap;71.405;[mm]
Dýþ Çap;71.471;[mm]
Dýþ Çap;71.480;[mm]
Dýþ Çap;71.456;[mm]
Dýþ Çap;71.439;[mm]
Dýþ Çap;71.404;[mm]
Dýþ Çap;71.403;[mm]
Dýþ Çap;71.479;[mm]
Dýþ Çap;71.433;[mm]
Dýþ Çap;71.459;[mm]
Dýþ Çap;71.484;[mm]
Dýþ Çap;71.428;[mm]
Dýþ Çap;71.453;[mm]
Dýþ Çap;71.410;[mm]
Dýþ Çap;71.417;[mm]
Dýþ Çap;71.373;[mm]
Dýþ Çap;71.372;[mm]
Dýþ Çap;71.467;[mm]
Dýþ Çap;71.414;[mm]
Dýþ Çap;71.443;[mm]
Dýþ Çap;71.468;[mm]
Dýþ Çap;71.400;[mm]
Dýþ Çap;71.456;[mm]
Dýþ Çap;71.502;[mm]
Dýþ Çap;71.478;[mm]
Dýþ Çap;71.418;[mm]
Dýþ Çap;71.439;[mm]
Dýþ Çap;71.381;[mm]
Dýþ Çap;71.444;[mm]
Dýþ Çap;71.459;[mm]
Dýþ Çap;71.397;[mm]
Dýþ Çap;71.421;[mm]
Dýþ Çap;71.497;[mm]
Dýþ Çap;71.496;[mm]
Dýþ Çap;71.385;[mm]
Dýþ Çap;71.490;[mm]
Dýþ Çap;71.453;[mm]
Dýþ Çap;71.466;[mm]
Dýþ Çap;71.450;[mm]
Dýþ Çap;71.421;[mm]
Dýþ Çap;71.452;[mm]
Dýþ Çap;71.471;[mm]
Dýþ Çap;71.498;[mm]
Dýþ Çap;71.377;[mm]
Dýþ Çap;71.456;[mm]
Dýþ Çap;71.458;[mm]
Dýþ Çap;71.396;[mm]
Dýþ Çap;71.367;[mm]
Dýþ Çap;71.527;[mm]
Dýþ Çap;71.405;[mm]
Dýþ Çap;71.455;[mm]
Dýþ Çap;71.485;[mm]
Dýþ Çap;71.557;[mm]
Dýþ Çap;71.459;[mm]
Dýþ Çap;71.443;[mm]
Dýþ Çap;71.299;[mm]
Dýþ Çap;71.412;[mm]
Dýþ Çap;71.437;[mm]
Dýþ Çap;71.447;[mm]
Dýþ Çap;71.446;[mm]
Dýþ Çap;71.371;[mm]
Dýþ Çap;71.475;[mm]
Dýþ Çap;71.461;[mm]
Dýþ Çap;71.347;[mm]
Dýþ Çap;71.487;[mm]
Dýþ Çap;71.411;[mm]
Dýþ Çap;71.487;[mm]
Dýþ Çap;71.496;[mm]
Dýþ Çap;71.437;[mm]
Dýþ Çap;71.458;[mm]
Dýþ Çap;71.459;[mm]
Dýþ Çap;71.280;[mm]
Dýþ Çap;71.366;[mm]
Dýþ Çap;71.445;[mm]
Dýþ Çap;71.450;[mm]
Dýþ Çap;71.411;[mm]
Dýþ Çap;71.512;[mm]
Dýþ Çap;71.407;[mm]
Dýþ Çap;71.461;[mm]
Dýþ Çap;71.496;[mm]
Dýþ Çap;71.429;[mm]
Dýþ Çap;71.388;[mm]
Dýþ Çap;71.506;[mm]
Dýþ Çap;71.379;[mm]
Dýþ Çap;71.424;[mm]
Dýþ Çap;71.384;[mm]
Dýþ Çap;71.379;[mm]
Dýþ Çap;71.402;[mm]
Dýþ Çap;71.392;[mm]
Dýþ Çap;71.435;[mm]
Dýþ Çap;71.417;[mm]
Dýþ Çap;71.492;[mm]
Dýþ Çap;71.407;[mm]
Dýþ Çap;71.555;[mm]
Dýþ Çap;71.395;[mm]
Dýþ Çap;71.445;[mm]
Dýþ Çap;71.391;[mm]
Dýþ Çap;71.472;[mm]
Dýþ Çap;71.393;[mm]
Dýþ Çap;71.281;[mm]
Dýþ Çap;71.403;[mm]
Dýþ Çap;71.409;[mm]
Dýþ Çap;71.513;[mm]
Dýþ Çap;71.403;[mm]
Dýþ Çap;71.493;[mm]
Dýþ Çap;71.524;[mm]
Dýþ Çap;71.535;[mm]
Dýþ Çap;71.492;[mm]
Dýþ Çap;71.451;[mm]
Dýþ Çap;71.418;[mm]
Dýþ Çap;71.509;[mm]
Dýþ Çap;71.508;[mm]
Dýþ Çap;71.391;[mm]
Dýþ Çap;71.365;[mm]
Dýþ Çap;71.480;[mm]
Dýþ Çap;71.492;[mm]
Dýþ Çap;71.418;[mm]
Dýþ Çap;71.421;[mm]
Dýþ Çap;71.377;[mm]
Dýþ Çap;71.381;[mm]
Dýþ Çap;71.403;[mm]
Dýþ Çap;71.334;[mm]
Dýþ Çap;71.432;[mm]
Dýþ Çap;71.411;[mm]
Dýþ Çap;71.487;[mm]
Dýþ Çap;71.451;[mm]
Dýþ Çap;71.496;[mm]
Dýþ Çap;71.363;[mm]
Dýþ Çap;71.453;[mm]
Dýþ Çap;71.432;[mm]
Dýþ Çap;71.395;[mm]
Dýþ Çap;71.493;[mm]
Dýþ Çap;71.461;[mm]
Dýþ Çap;71.486;[mm]
Dýþ Çap;71.456;[mm]
Dýþ Çap;71.474;[mm]
Dýþ Çap;71.410;[mm]
Dýþ Çap;71.488;[mm]
Dýþ Çap;71.427;[mm]
Dýþ Çap;71.403;[mm]
Dýþ Çap;71.459;[mm]
Dýþ Çap;71.456;[mm]
Dýþ Çap;71.358;[mm]
Dýþ Çap;71.531;[mm]
Dýþ Çap;71.460;[mm]
Dýþ Çap;71.451;[mm]
Dýþ Çap;71.370;[mm]
Dýþ Çap;71.381;[mm]
Dýþ Çap;71.380;[mm]
Dýþ Çap;71.449;[mm]
Dýþ Çap;71.510;[mm]
Dýþ Çap;71.370;[mm]
Dýþ Çap;71.387;[mm]
Dýþ Çap;71.370;[mm]
Dýþ Çap;71.381;[mm]
Dýþ Çap;71.502;[mm]
Dýþ Çap;71.522;[mm]
Dýþ Çap;71.377;[mm]
Dýþ Çap;71.442;[mm]
Dýþ Çap;71.521;[mm]
Dýþ Çap;71.442;[mm]
Dýþ Çap;71.466;[mm]
Dýþ Çap;71.440;[mm]
Dýþ Çap;71.465;[mm]
Dýþ Çap;71.461;[mm]
Dýþ Çap;71.398;[mm]
Dýþ Çap;71.441;[mm]
Dýþ Çap;71.409;[mm]
Dýþ Çap;71.465;[mm]
Dýþ Çap;71.491;[mm]
Dýþ Çap;71.442;[mm]
Dýþ Çap;71.477;[mm]
Dýþ Çap;71.432;[mm]
Dýþ Çap;71.385;[mm]
Dýþ Çap;71.410;[mm]
Dýþ Çap;71.438;[mm]
Dýþ Çap;71.484;[mm]
Dýþ Çap;71.479;[mm]
Dýþ Çap;71.359;[mm]
Dýþ Çap;71.522;[mm]
Dýþ Çap;71.461;[mm]
Dýþ Çap;73.123;[mm]
Dýþ Çap;71.486;[mm]
Dýþ Çap;71.356;[mm]
Dýþ Çap;71.439;[mm]
Dýþ Çap;71.446;[mm]
Dýþ Çap;71.461;[mm]
Dýþ Çap;71.483;[mm]
Dýþ Çap;71.393;[mm]
Dýþ Çap;71.393;[mm]
Dýþ Çap;71.507;[mm]
Dýþ Çap;71.384;[mm]
Dýþ Çap;71.471;[mm]
Dýþ Çap;71.299;[mm]
Dýþ Çap;71.355;[mm]
Dýþ Çap;71.435;[mm]
Dýþ Çap;71.465;[mm]
Dýþ Çap;71.385;[mm]
Dýþ Çap;71.452;[mm]
Dýþ Çap;71.418;[mm]
Dýþ Çap;71.516;[mm]
Dýþ Çap;71.393;[mm]
Dýþ Çap;71.447;[mm]
Dýþ Çap;71.462;[mm]
Dýþ Çap;71.447;[mm]
Dýþ Çap;71.420;[mm]
Dýþ Çap;71.553;[mm]
Dýþ Çap;71.362;[mm]
Dýþ Çap;71.590;[mm]
Dýþ Çap;71.421;[mm]
Dýþ Çap;71.490;[mm]
Dýþ Çap;71.382;[mm]
Dýþ Çap;71.427;[mm]
Dýþ Çap;71.384;[mm]
Dýþ Çap;71.463;[mm]
Dýþ Çap;71.391;[mm]
Dýþ Çap;71.506;[mm]
Dýþ Çap;71.436;[mm]
Dýþ Çap;71.490;[mm]
Dýþ Çap;71.410;[mm]
Dýþ Çap;71.427;[mm]
Dýþ Çap;71.374;[mm]
Dýþ Çap;71.532;[mm]
Dýþ Çap;71.425;[mm]
Dýþ Çap;71.408;[mm]
Dýþ Çap;71.449;[mm]
Dýþ Çap;71.492;[mm]
Dýþ Çap;71.440;[mm]
Dýþ Çap;71.472;[mm]
Dýþ Çap;71.439;[mm]
Dýþ Çap;71.494;[mm]
Dýþ Çap;71.481;[mm]
Dýþ Çap;71.423;[mm]
Dýþ Çap;71.486;[mm]
Dýþ Çap;71.436;[mm]
Dýþ Çap;71.509;[mm]
Dýþ Çap;71.491;[mm]
Dýþ Çap;71.448;[mm]
Dýþ Çap;71.462;[mm]
Dýþ Çap;71.476;[mm]
Dýþ Çap;71.382;[mm]
Dýþ Çap;71.398;[mm]
Dýþ Çap;71.322;[mm]
Dýþ Çap;71.406;[mm]
Dýþ Çap;71.403;[mm]
Dýþ Çap;71.477;[mm]
Dýþ Çap;71.500;[mm]
Dýþ Çap;71.475;[mm]
Dýþ Çap;71.425;[mm]
Dýþ Çap;71.447;[mm]
Dýþ Çap;71.455;[mm]
Dýþ Çap;71.442;[mm]
Dýþ Çap;71.435;[mm]
Dýþ Çap;71.242;[mm]
Dýþ Çap;71.421;[mm]
Dýþ Çap;71.405;[mm]
Dýþ Çap;71.472;[mm]
Dýþ Çap;71.455;[mm]
Dýþ Çap;71.418;[mm]
Dýþ Çap;71.453;[mm]
Dýþ Çap;71.521;[mm]
Dýþ Çap;71.344;[mm]
Dýþ Çap;71.518;[mm]
Dýþ Çap;71.395;[mm]
Dýþ Çap;71.464;[mm]
Dýþ Çap;71.532;[mm]
Dýþ Çap;71.560;[mm]
Dýþ Çap;71.415;[mm]
Dýþ Çap;71.452;[mm]
Dýþ Çap;71.451;[mm]
Dýþ Çap;71.488;[mm]
Dýþ Çap;71.266;[mm]
Dýþ Çap;71.434;[mm]
Dýþ Çap;71.437;[mm]
Dýþ Çap;71.290;[mm]
Dýþ Çap;71.441;[mm]
Dýþ Çap;71.501;[mm]
Dýþ Çap;71.449;[mm]
Dýþ Çap;71.472;[mm]
Dýþ Çap;71.427;[mm]
Dýþ Çap;71.364;[mm]
Dýþ Çap;71.383;[mm]
Dýþ Çap;71.473;[mm]
Dýþ Çap;71.406;[mm]
Dýþ Çap;71.334;[mm]
Dýþ Çap;71.483;[mm]
Dýþ Çap;71.462;[mm]
Dýþ Çap;71.472;[mm]
Dýþ Çap;71.531;[mm]
Dýþ Çap;71.593;[mm]
Dýþ Çap;71.398;[mm]
Dýþ Çap; ; 
Dýþ Çap;71.362;[mm]
Dýþ Çap;71.418;[mm]
Dýþ Çap;71.365;[mm]
Dýþ Çap;71.414;[mm]
Dýþ Çap;71.428;[mm]
Dýþ Çap;71.446;[mm]
Dýþ Çap;71.421;[mm]
Dýþ Çap;71.488;[mm]
Dýþ Çap;71.502;[mm]
Dýþ Çap;71.421;[mm]
Dýþ Çap;71.272;[mm]
Dýþ Çap;71.455;[mm]
Dýþ Çap;71.449;[mm]
Dýþ Çap;71.424;[mm]
Dýþ Çap;71.372;[mm]
Dýþ Çap;71.516;[mm]
Dýþ Çap;71.472;[mm]
Dýþ Çap;71.588;[mm]
Dýþ Çap;71.540;[mm]
Dýþ Çap;71.386;[mm]
Dýþ Çap;71.461;[mm]
Dýþ Çap;71.477;[mm]
Dýþ Çap;71.446;[mm]
Dýþ Çap;71.470;[mm]
Dýþ Çap;71.489;[mm]
Dýþ Çap;71.422;[mm]
Dýþ Çap;71.455;[mm]
Dýþ Çap;71.317;[mm]
Dýþ Çap;71.409;[mm]
Dýþ Çap;71.517;[mm]
Dýþ Çap;71.471;[mm]
Dýþ Çap;71.477;[mm]
Dýþ Çap;71.330;[mm]
Dýþ Çap;71.359;[mm]
Dýþ Çap;71.456;[mm]
Dýþ Çap;71.390;[mm]
Dýþ Çap;71.471;[mm]
Dýþ Çap;71.350;[mm]
Dýþ Çap;71.525;[mm]
Dýþ Çap;71.418;[mm]
Dýþ Çap;71.458;[mm]
Dýþ Çap;71.444;[mm]
Dýþ Çap;71.533;[mm]
Dýþ Çap;71.432;[mm]
Dýþ Çap;71.332;[mm]
Dýþ Çap;71.382;[mm]
Dýþ Çap;71.526;[mm]
Dýþ Çap;71.425;[mm]
Dýþ Çap;71.443;[mm]
Dýþ Çap;71.193;[mm]
Dýþ Çap;71.454;[mm]
Dýþ Çap;71.431;[mm]
Dýþ Çap;71.472;[mm]
Dýþ Çap;71.406;[mm]
Dýþ Çap;71.545;[mm]
Dýþ Çap;71.379;[mm]
Dýþ Çap;71.506;[mm]
Dýþ Çap;71.495;[mm]
Dýþ Çap;71.480;[mm]
Dýþ Çap;71.491;[mm]
Dýþ Çap;71.512;[mm]
Dýþ Çap;71.430;[mm]
Dýþ Çap;71.341;[mm]
Dýþ Çap;71.362;[mm]
Dýþ Çap;71.292;[mm]
Dýþ Çap;71.399;[mm]
Dýþ Çap;71.364;[mm]
Dýþ Çap;71.398;[mm]
Dýþ Çap;71.489;[mm]
Dýþ Çap;71.448;[mm]
Dýþ Çap;71.492;[mm]
Dýþ Çap;71.405;[mm]
Dýþ Çap;71.380;[mm]
Dýþ Çap;71.399;[mm]
Dýþ Çap;71.516;[mm]
Dýþ Çap;71.414;[mm]
Dýþ Çap;71.454;[mm]
Dýþ Çap;71.369;[mm]
Dýþ Çap;71.438;[mm]
Dýþ Çap;71.541;[mm]
Dýþ Çap;71.407;[mm]
Dýþ Çap;71.409;[mm]
Dýþ Çap;71.468;[mm]
Dýþ Çap;71.460;[mm]
Dýþ Çap;71.524;[mm]
Dýþ Çap;71.453;[mm]
Dýþ Çap;71.445;[mm]
Dýþ Çap;71.466;[mm]
Dýþ Çap;71.451;[mm]
Dýþ Çap;71.566;[mm]
Dýþ Çap;71.439;[mm]
Dýþ Çap;71.454;[mm]
Dýþ Çap;71.505;[mm]
Dýþ Çap;71.426;[mm]
Dýþ Çap;71.493;[mm]
Dýþ Çap;71.549;[mm]
Dýþ Çap;71.355;[mm]
Dýþ Çap;71.479;[mm]
Dýþ Çap;71.422;[mm]
Dýþ Çap;71.480;[mm]
Dýþ Çap;71.384;[mm]
Dýþ Çap;71.479;[mm]
Dýþ Çap;71.510;[mm]
Dýþ Çap;71.452;[mm]
Dýþ Çap;71.522;[mm]
Dýþ Çap;71.489;[mm]
Dýþ Çap;71.463;[mm]
Dýþ Çap;71.414;[mm]
Dýþ Çap;71.505;[mm]
Dýþ Çap;71.417;[mm]
Dýþ Çap;71.470;[mm]
Dýþ Çap;71.471;[mm]
Dýþ Çap;71.435;[mm]
Dýþ Çap;71.454;[mm]
Dýþ Çap;71.494;[mm]
Dýþ Çap;71.443;[mm]
Dýþ Çap;71.524;[mm]
Dýþ Çap;71.434;[mm]
Dýþ Çap;71.477;[mm]
Dýþ Çap;71.445;[mm]
Dýþ Çap;71.440;[mm]
Dýþ Çap;71.517;[mm]
Dýþ Çap;71.381;[mm]
Dýþ Çap;71.528;[mm]
Dýþ Çap;71.455;[mm]
Dýþ Çap;71.483;[mm]
Dýþ Çap;71.488;[mm]
Dýþ Çap;71.444;[mm]
Dýþ Çap;71.401;[mm]
Dýþ Çap;71.496;[mm]
Dýþ Çap;71.393;[mm]
Dýþ Çap;71.512;[mm]
Dýþ Çap;71.489;[mm]
Dýþ Çap;71.355;[mm]
Dýþ Çap;71.454;[mm]
Dýþ Çap;71.361;[mm]
Dýþ Çap;71.416;[mm]
Dýþ Çap;71.447;[mm]
Dýþ Çap;71.409;[mm]
Dýþ Çap;71.525;[mm]
Dýþ Çap;71.466;[mm]
Dýþ Çap;71.418;[mm]
Dýþ Çap;71.508;[mm]
Dýþ Çap;71.443;[mm]
Dýþ Çap;71.444;[mm]
Dýþ Çap;71.435;[mm]
Dýþ Çap;71.398;[mm]
Dýþ Çap;71.410;[mm]
Dýþ Çap;71.387;[mm]
Dýþ Çap;71.463;[mm]
Dýþ Çap;71.490;[mm]
Dýþ Çap;71.424;[mm]
Dýþ Çap;71.462;[mm]
Dýþ Çap;71.336;[mm]
Dýþ Çap;71.383;[mm]
Dýþ Çap;71.442;[mm]
Dýþ Çap;71.344;[mm]
Dýþ Çap;71.492;[mm]
Dýþ Çap;71.439;[mm]
Dýþ Çap;71.441;[mm]
Dýþ Çap;71.413;[mm]
Dýþ Çap;71.481;[mm]
Dýþ Çap;71.406;[mm]
Dýþ Çap;71.539;[mm]
Dýþ Çap;71.481;[mm]
Dýþ Çap;71.500;[mm]
Dýþ Çap;71.397;[mm]
Dýþ Çap;71.444;[mm]
Dýþ Çap;71.365;[mm]
Dýþ Çap;71.440;[mm]
Dýþ Çap;71.459;[mm]
Dýþ Çap;71.361;[mm]
Dýþ Çap;71.380;[mm]
Dýþ Çap;71.375;[mm]
Dýþ Çap;71.385;[mm]
Dýþ Çap;71.365;[mm]
Dýþ Çap;71.495;[mm]
Dýþ Çap;71.472;[mm]
Dýþ Çap;71.350;[mm]
Dýþ Çap;71.466;[mm]
Dýþ Çap;71.475;[mm]
Dýþ Çap;71.416;[mm]
Dýþ Çap;71.424;[mm]
Dýþ Çap;71.437;[mm]
Dýþ Çap;71.497;[mm]
Dýþ Çap;71.526;[mm]
Dýþ Çap;71.435;[mm]
Dýþ Çap;71.471;[mm]
Dýþ Çap;71.443;[mm]
Dýþ Çap;71.511;[mm]
Dýþ Çap;71.447;[mm]
Dýþ Çap;71.411;[mm]
Dýþ Çap;71.494;[mm]
Dýþ Çap;71.431;[mm]
Dýþ Çap;71.474;[mm]
Dýþ Çap;71.440;[mm]
Dýþ Çap;71.362;[mm]
Dýþ Çap;71.498;[mm]
Dýþ Çap;71.484;[mm]
Dýþ Çap;71.420;[mm]
Dýþ Çap;71.465;[mm]
Dýþ Çap;71.477;[mm]
Dýþ Çap;71.490;[mm]
Dýþ Çap;71.412;[mm]
Dýþ Çap;71.448;[mm]
Dýþ Çap;71.380;[mm]
Dýþ Çap;71.391;[mm]
Dýþ Çap;71.512;[mm]
Dýþ Çap;71.491;[mm]
Dýþ Çap;71.529;[mm]
Dýþ Çap;71.408;[mm]
Dýþ Çap;71.371;[mm]
Dýþ Çap;71.432;[mm]
Dýþ Çap;71.406;[mm]
Dýþ Çap;71.439;[mm]
Dýþ Çap;71.354;[mm]
Dýþ Çap;71.462;[mm]
Dýþ Çap;71.437;[mm]
Dýþ Çap;71.416;[mm]
Dýþ Çap;71.396;[mm]
Dýþ Çap;71.432;[mm]
Dýþ Çap;71.345;[mm]
Dýþ Çap;71.475;[mm]
Dýþ Çap;71.506;[mm]
Dýþ Çap;71.502;[mm]
Dýþ Çap;71.506;[mm]
Dýþ Çap;71.416;[mm]
Dýþ Çap;71.410;[mm]
Dýþ Çap;71.453;[mm]
Dýþ Çap;71.437;[mm]
Dýþ Çap;71.441;[mm]
Dýþ Çap;71.498;[mm]
Dýþ Çap;71.516;[mm]
Dýþ Çap;71.375;[mm]
Dýþ Çap;71.464;[mm]
Dýþ Çap;71.491;[mm]
Dýþ Çap;71.438;[mm]
Dýþ Çap;71.477;[mm]
Dýþ Çap;71.413;[mm]
Dýþ Çap;71.455;[mm]
Dýþ Çap;71.544;[mm]
Dýþ Çap;71.393;[mm]
Dýþ Çap;71.347;[mm]
Dýþ Çap;71.492;[mm]
Dýþ Çap;71.404;[mm]
Dýþ Çap;71.385;[mm]
Dýþ Çap;71.363;[mm]
Dýþ Çap;71.411;[mm]
Dýþ Çap;71.464;[mm]
Dýþ Çap;71.397;[mm]
Dýþ Çap;71.416;[mm]
Dýþ Çap;71.428;[mm]
Dýþ Çap;71.455;[mm]
Dýþ Çap;71.389;[mm]
Dýþ Çap;71.380;[mm]
Dýþ Çap;71.423;[mm]
Dýþ Çap;71.327;[mm]
Dýþ Çap;71.403;[mm]
Dýþ Çap;71.424;[mm]
Dýþ Çap;71.407;[mm]
Dýþ Çap;71.402;[mm]
Dýþ Çap;71.331;[mm]
Dýþ Çap;71.506;[mm]
Dýþ Çap;71.385;[mm]
Dýþ Çap;71.473;[mm]
Dýþ Çap;71.466;[mm]
Dýþ Çap;71.406;[mm]
Dýþ Çap;71.421;[mm]
Dýþ Çap;71.528;[mm]
Dýþ Çap;71.474;[mm]
Dýþ Çap;71.440;[mm]
Dýþ Çap;71.433;[mm]
Dýþ Çap;71.505;[mm]
Dýþ Çap;71.483;[mm]
Dýþ Çap;71.527;[mm]
Dýþ Çap;71.451;[mm]
Dýþ Çap;71.447;[mm]
Dýþ Çap;71.345;[mm]
Dýþ Çap;71.411;[mm]
Dýþ Çap;71.456;[mm]
Dýþ Çap;71.485;[mm]
Dýþ Çap;71.522;[mm]
Dýþ Çap;71.451;[mm]
Dýþ Çap;71.476;[mm]
Dýþ Çap;71.453;[mm]
Dýþ Çap;71.449;[mm]
Dýþ Çap;71.427;[mm]
Dýþ Çap;71.528;[mm]
Dýþ Çap;71.412;[mm]
Dýþ Çap;71.428;[mm]
Dýþ Çap;71.389;[mm]
Dýþ Çap;71.407;[mm]
Dýþ Çap;71.436;[mm]
Dýþ Çap;71.499;[mm]
Dýþ Çap;71.461;[mm]
Dýþ Çap;71.477;[mm]
Dýþ Çap;71.529;[mm]
Dýþ Çap;71.495;[mm]
Dýþ Çap;71.402;[mm]
Dýþ Çap;71.409;[mm]
Dýþ Çap;71.470;[mm]
Dýþ Çap;71.428;[mm]
Dýþ Çap;71.386;[mm]
Dýþ Çap;71.240;[mm]
Dýþ Çap;71.578;[mm]
Dýþ Çap;71.389;[mm]
Dýþ Çap;71.433;[mm]
Dýþ Çap;71.391;[mm]
Dýþ Çap;71.529;[mm]
Dýþ Çap;71.470;[mm]
Dýþ Çap;71.408;[mm]
Dýþ Çap;71.478;[mm]
Dýþ Çap;71.300;[mm]
Dýþ Çap;71.706;[mm]
Dýþ Çap;71.391;[mm]
Dýþ Çap;71.460;[mm]
Dýþ Çap;71.391;[mm]
Dýþ Çap;71.508;[mm]
Dýþ Çap;71.499;[mm]
Dýþ Çap;71.490;[mm]
Dýþ Çap;71.467;[mm]
Dýþ Çap;71.483;[mm]
Dýþ Çap;71.434;[mm]
Dýþ Çap;71.429;[mm]
Dýþ Çap;71.480;[mm]
Dýþ Çap;71.573;[mm]
Dýþ Çap;71.217;[mm]
Dýþ Çap;71.410;[mm]
Dýþ Çap;71.436;[mm]
Dýþ Çap;71.452;[mm]
Dýþ Çap;71.505;[mm]
Dýþ Çap;71.480;[mm]
Dýþ Çap;71.489;[mm]
Dýþ Çap;71.489;[mm]
Dýþ Çap;71.462;[mm]
Dýþ Çap;71.448;[mm]
Dýþ Çap;71.359;[mm]
Dýþ Çap;71.366;[mm]
Dýþ Çap;71.452;[mm]
Dýþ Çap;71.502;[mm]
Dýþ Çap;71.577;[mm]
Dýþ Çap;71.503;[mm]
Dýþ Çap;71.443;[mm]
Dýþ Çap;71.492;[mm]
Dýþ Çap;71.436;[mm]
Dýþ Çap;71.388;[mm]
Dýþ Çap;71.407;[mm]
Dýþ Çap;71.436;[mm]
Dýþ Çap;71.458;[mm]
Dýþ Çap;71.478;[mm]
Dýþ Çap;71.524;[mm]
Dýþ Çap;71.557;[mm]
Dýþ Çap;71.427;[mm]
Dýþ Çap;71.511;[mm]
Dýþ Çap;71.329;[mm]
Dýþ Çap;71.490;[mm]
Dýþ Çap;71.382;[mm]
Dýþ Çap;71.482;[mm]
Dýþ Çap;71.451;[mm]
Dýþ Çap;71.427;[mm]
Dýþ Çap;71.468;[mm]
Dýþ Çap;71.473;[mm]
Dýþ Çap;71.406;[mm]
Dýþ Çap;71.503;[mm]
Dýþ Çap;71.356;[mm]
Dýþ Çap;71.496;[mm]
Dýþ Çap;71.452;[mm]
Dýþ Çap;71.375;[mm]
Dýþ Çap;71.441;[mm]
Dýþ Çap;71.475;[mm]
Dýþ Çap;71.422;[mm]
Dýþ Çap;71.419;[mm]
Dýþ Çap;71.528;[mm]
Dýþ Çap;71.480;[mm]
Dýþ Çap;71.404;[mm]
Dýþ Çap;71.522;[mm]
Dýþ Çap;71.478;[mm]
Dýþ Çap;71.385;[mm]
Dýþ Çap;71.433;[mm]
Dýþ Çap;71.425;[mm]
Dýþ Çap;71.486;[mm]
Dýþ Çap;71.381;[mm]
Dýþ Çap;71.442;[mm]
Dýþ Çap;71.434;[mm]
Dýþ Çap;71.450;[mm]
Dýþ Çap;71.392;[mm]
Dýþ Çap;71.403;[mm]
Dýþ Çap;71.335;[mm]
Dýþ Çap;71.462;[mm]
Dýþ Çap;71.487;[mm]
Dýþ Çap;71.497;[mm]
Dýþ Çap;71.378;[mm]
Dýþ Çap;71.471;[mm]
Dýþ Çap;71.496;[mm]
Dýþ Çap;71.456;[mm]
Dýþ Çap;71.463;[mm]
Dýþ Çap;71.298;[mm]
Dýþ Çap;71.410;[mm]
Dýþ Çap;71.359;[mm]
Dýþ Çap;71.463;[mm]
Dýþ Çap;71.392;[mm]
Dýþ Çap;71.349;[mm]
Dýþ Çap;71.000;[mm]
Dýþ Çap;71.484;[mm]
Dýþ Çap;71.451;[mm]
Dýþ Çap;71.524;[mm]
Dýþ Çap;71.418;[mm]
Dýþ Çap;71.483;[mm]
Dýþ Çap;71.510;[mm]
Dýþ Çap;71.366;[mm]
Dýþ Çap;71.383;[mm]
Dýþ Çap;71.461;[mm]
Dýþ Çap;71.551;[mm]
Dýþ Çap;71.472;[mm]
Dýþ Çap;71.391;[mm]
Dýþ Çap;71.413;[mm]
Dýþ Çap;71.521;[mm]
Dýþ Çap;71.350;[mm]
Dýþ Çap;71.351;[mm]
Dýþ Çap;71.482;[mm]
Dýþ Çap;71.424;[mm]
Dýþ Çap;71.490;[mm]
Dýþ Çap;71.523;[mm]
Dýþ Çap;71.421;[mm]
Dýþ Çap;71.498;[mm]
Dýþ Çap;71.459;[mm]
Dýþ Çap;71.408;[mm]
Dýþ Çap;71.423;[mm]
Dýþ Çap;71.481;[mm]
Dýþ Çap;71.436;[mm]
Dýþ Çap;71.410;[mm]
Dýþ Çap;71.483;[mm]
Dýþ Çap;71.468;[mm]
Dýþ Çap;71.503;[mm]
Dýþ Çap;71.499;[mm]
Dýþ Çap;71.453;[mm]
Dýþ Çap;71.458;[mm]
Dýþ Çap;71.454;[mm]
Dýþ Çap;71.446;[mm]
Dýþ Çap;71.476;[mm]
Dýþ Çap;71.505;[mm]
Dýþ Çap;71.428;[mm]
Dýþ Çap;71.463;[mm]
Dýþ Çap;71.426;[mm]
Dýþ Çap;71.478;[mm]
Dýþ Çap;71.437;[mm]
Dýþ Çap;71.358;[mm]
Dýþ Çap;71.549;[mm]
Dýþ Çap;71.357;[mm]
Dýþ Çap;71.432;[mm]
Dýþ Çap;71.393;[mm]
Dýþ Çap;71.403;[mm]
Dýþ Çap;71.471;[mm]
Dýþ Çap;71.434;[mm]
Dýþ Çap;71.412;[mm]
Dýþ Çap;71.408;[mm]
Dýþ Çap;71.426;[mm]
Dýþ Çap;71.417;[mm]
Dýþ Çap;71.415;[mm]
Dýþ Çap;71.484;[mm]
Dýþ Çap;71.422;[mm]
Dýþ Çap;71.500;[mm]
Dýþ Çap;71.391;[mm]
Dýþ Çap;71.442;[mm]
Dýþ Çap;71.510;[mm]
Dýþ Çap;71.373;[mm]
Dýþ Çap;71.426;[mm]
Dýþ Çap;71.408;[mm]
Dýþ Çap;71.487;[mm]
Dýþ Çap;71.411;[mm]
Dýþ Çap;71.448;[mm]
Dýþ Çap;71.481;[mm]
Dýþ Çap;71.381;[mm]
Dýþ Çap;71.332;[mm]
Dýþ Çap;71.417;[mm]
Dýþ Çap;71.301;[mm]
Dýþ Çap;71.414;[mm]
Dýþ Çap;71.392;[mm]
Dýþ Çap;71.380;[mm]
Dýþ Çap;71.405;[mm]
Dýþ Çap;71.430;[mm]
Dýþ Çap;71.534;[mm]
Dýþ Çap;71.394;[mm]
Dýþ Çap;71.468;[mm]
Dýþ Çap;71.475;[mm]
Dýþ Çap;71.368;[mm]
Dýþ Çap;71.388;[mm]
Dýþ Çap;71.448;[mm]
Dýþ Çap;71.427;[mm]
Dýþ Çap;71.462;[mm]
Dýþ Çap;71.471;[mm]
Dýþ Çap;71.486;[mm]
Dýþ Çap;71.358;[mm]
Dýþ Çap;71.402;[mm]
Dýþ Çap;71.466;[mm]
Dýþ Çap;71.398;[mm]
Dýþ Çap;71.318;[mm]
Dýþ Çap;71.493;[mm]
Dýþ Çap;71.456;[mm]
Dýþ Çap;71.396;[mm]
Dýþ Çap;71.301;[mm]
Dýþ Çap;71.473;[mm]
Dýþ Çap;71.490;[mm]
Dýþ Çap;71.357;[mm]
Dýþ Çap;71.439;[mm]
Dýþ Çap;71.379;[mm]
Dýþ Çap;71.479;[mm]
Dýþ Çap;71.392;[mm]
Dýþ Çap;71.415;[mm]
Dýþ Çap;71.418;[mm]
Dýþ Çap;71.394;[mm]
Dýþ Çap;71.448;[mm]
Dýþ Çap;71.439;[mm]
Dýþ Çap;71.382;[mm]
Dýþ Çap;71.507;[mm]
Dýþ Çap;71.458;[mm]
Dýþ Çap;71.402;[mm]
Dýþ Çap;71.426;[mm]
Dýþ Çap;71.394;[mm]
Dýþ Çap;71.292;[mm]
Dýþ Çap;71.504;[mm]
Dýþ Çap;71.405;[mm]
Dýþ Çap;71.466;[mm]
Dýþ Çap;71.499;[mm]
Dýþ Çap;71.391;[mm]
Dýþ Çap;71.369;[mm]
Dýþ Çap;71.454;[mm]
Dýþ Çap;71.356;[mm]
Dýþ Çap;71.434;[mm]
Dýþ Çap;71.404;[mm]
Dýþ Çap;71.352;[mm]
Dýþ Çap;71.365;[mm]
Dýþ Çap;71.479;[mm]
Dýþ Çap;71.491;[mm]
Dýþ Çap;71.457;[mm]
Dýþ Çap;71.474;[mm]
Dýþ Çap;71.392;[mm]
Dýþ Çap;71.414;[mm]
Dýþ Çap;71.465;[mm]
Dýþ Çap;71.471;[mm]
Dýþ Çap;71.388;[mm]
Dýþ Çap;71.459;[mm]
Dýþ Çap;71.490;[mm]
Dýþ Çap;71.425;[mm]
Dýþ Çap;71.396;[mm]
Dýþ Çap;71.502;[mm]
Dýþ Çap;71.510;[mm]
Dýþ Çap;71.419;[mm]
Dýþ Çap;71.454;[mm]
Dýþ Çap;71.393;[mm]
Dýþ Çap;71.459;[mm]
Dýþ Çap;71.494;[mm]
Dýþ Çap;71.416;[mm]
Dýþ Çap;71.414;[mm]
Dýþ Çap;71.431;[mm]
Dýþ Çap;71.364;[mm]
Dýþ Çap;71.503;[mm]
Dýþ Çap;71.444;[mm]
Dýþ Çap;71.448;[mm]
Dýþ Çap;71.354;[mm]
Dýþ Çap; ; 
Dýþ Çap;71.430;[mm]
Dýþ Çap;71.412;[mm]
Dýþ Çap;71.508;[mm]
Dýþ Çap;71.514;[mm]
Dýþ Çap;71.369;[mm]
Dýþ Çap;71.470;[mm]
Dýþ Çap;71.487;[mm]
Dýþ Çap;71.490;[mm]
Dýþ Çap;71.441;[mm]
Dýþ Çap;71.443;[mm]
Dýþ Çap;71.539;[mm]
Dýþ Çap;71.330;[mm]
Dýþ Çap;71.459;[mm]
Dýþ Çap;71.413;[mm]
Dýþ Çap;71.482;[mm]
Dýþ Çap;71.451;[mm]
Dýþ Çap;71.435;[mm]
Dýþ Çap;71.417;[mm]
Dýþ Çap;71.522;[mm]
Dýþ Çap;71.518;[mm]
Dýþ Çap;71.422;[mm]
Dýþ Çap;71.284;[mm]
Dýþ Çap;71.509;[mm]
Dýþ Çap;71.470;[mm]
Dýþ Çap;71.426;[mm]
Dýþ Çap;71.454;[mm]
Dýþ Çap;71.460;[mm]
Dýþ Çap;71.433;[mm]
Dýþ Çap;71.376;[mm]
Dýþ Çap;71.385;[mm]
Dýþ Çap;71.508;[mm]
Dýþ Çap;71.498;[mm]
Dýþ Çap;71.430;[mm]
Dýþ Çap;71.454;[mm]
Dýþ Çap;71.371;[mm]
Dýþ Çap;71.434;[mm]
Dýþ Çap;71.449;[mm]
Dýþ Çap;71.485;[mm]
Dýþ Çap;71.391;[mm]
Dýþ Çap;71.396;[mm]
Dýþ Çap;71.470;[mm]
Dýþ Çap;71.382;[mm]
Dýþ Çap;71.332;[mm]
Dýþ Çap;71.438;[mm]
Dýþ Çap;71.389;[mm]
Dýþ Çap;71.419;[mm]
Dýþ Çap;71.402;[mm]
Dýþ Çap;71.483;[mm]
Dýþ Çap;71.448;[mm]
Dýþ Çap;71.400;[mm]
Dýþ Çap;71.478;[mm]
Dýþ Çap;71.439;[mm]
Dýþ Çap;71.367;[mm]
Dýþ Çap;71.381;[mm]
Dýþ Çap;71.424;[mm]
Dýþ Çap;71.465;[mm]
Dýþ Çap;71.478;[mm]
Dýþ Çap;71.493;[mm]
Dýþ Çap;71.405;[mm]
Dýþ Çap;71.478;[mm]
Dýþ Çap;71.524;[mm]
Dýþ Çap;71.411;[mm]
Dýþ Çap;71.513;[mm]
Dýþ Çap;71.452;[mm]
Dýþ Çap;71.488;[mm]
Dýþ Çap;71.524;[mm]
Dýþ Çap;71.210;[mm]
Dýþ Çap;71.493;[mm]
Dýþ Çap;71.330;[mm]
Dýþ Çap;71.449;[mm]
Dýþ Çap;71.525;[mm]
Dýþ Çap;71.435;[mm]
Dýþ Çap;71.410;[mm]
Dýþ Çap;71.420;[mm]
Dýþ Çap;71.400;[mm]
Dýþ Çap;71.496;[mm]
Dýþ Çap;71.499;[mm]
Dýþ Çap;71.497;[mm]
Dýþ Çap;71.444;[mm]
Dýþ Çap;71.504;[mm]
Dýþ Çap;71.382;[mm]
Dýþ Çap;71.316;[mm]
Dýþ Çap;71.370;[mm]
Dýþ Çap;71.411;[mm]
Dýþ Çap;71.419;[mm]
Dýþ Çap;71.426;[mm]
Dýþ Çap;71.396;[mm]
Dýþ Çap;71.495;[mm]
Dýþ Çap;71.432;[mm]
Dýþ Çap;71.406;[mm]
Dýþ Çap;71.519;[mm]
Dýþ Çap;71.461;[mm]
Dýþ Çap;71.326;[mm]
Dýþ Çap;71.451;[mm]
Dýþ Çap;71.449;[mm]
Dýþ Çap;71.404;[mm]
Dýþ Çap;71.398;[mm]
Dýþ Çap;71.375;[mm]
Dýþ Çap;71.502;[mm]
Dýþ Çap;71.413;[mm]
Dýþ Çap;71.407;[mm]
Dýþ Çap;71.385;[mm]
Dýþ Çap;71.355;[mm]
Dýþ Çap;71.354;[mm]
Dýþ Çap;71.518;[mm]
Dýþ Çap;71.508;[mm]
Dýþ Çap;71.361;[mm]
Dýþ Çap;71.430;[mm]
Dýþ Çap;71.515;[mm]
Dýþ Çap;71.416;[mm]
Dýþ Çap;71.417;[mm]
Dýþ Çap;71.480;[mm]
Dýþ Çap;71.342;[mm]
Dýþ Çap;71.423;[mm]
Dýþ Çap;71.346;[mm]
Dýþ Çap;71.480;[mm]
Dýþ Çap;71.442;[mm]
Dýþ Çap;71.348;[mm]
Dýþ Çap;71.446;[mm]
Dýþ Çap;71.492;[mm]
Dýþ Çap;71.484;[mm]
Dýþ Çap;71.319;[mm]
Dýþ Çap;71.476;[mm]
Dýþ Çap;71.438;[mm]
Dýþ Çap;71.401;[mm]
Dýþ Çap;71.491;[mm]
Dýþ Çap;71.265;[mm]
Dýþ Çap;71.398;[mm]
Dýþ Çap;71.505;[mm]
Dýþ Çap;71.499;[mm]
Dýþ Çap;71.439;[mm]
Dýþ Çap;71.435;[mm]
Dýþ Çap;71.418;[mm]
Dýþ Çap;71.530;[mm]
Dýþ Çap;71.491;[mm]
Dýþ Çap;71.465;[mm]
Dýþ Çap;71.444;[mm]
Dýþ Çap;71.501;[mm]
Dýþ Çap;71.443;[mm]
Dýþ Çap;71.376;[mm]
Dýþ Çap;71.430;[mm]
Dýþ Çap;71.407;[mm]
Dýþ Çap;71.511;[mm]
Dýþ Çap;71.414;[mm]
Dýþ Çap;71.441;[mm]
Dýþ Çap;71.341;[mm]
Dýþ Çap;71.526;[mm]
Dýþ Çap;71.527;[mm]
Dýþ Çap;71.454;[mm]
Dýþ Çap;71.385;[mm]
Dýþ Çap;71.411;[mm]
Dýþ Çap;71.433;[mm]
Dýþ Çap;71.479;[mm]
Dýþ Çap;71.426;[mm]
Dýþ Çap;71.470;[mm]
Dýþ Çap;71.486;[mm]
Dýþ Çap;71.404;[mm]
Dýþ Çap;71.547;[mm]
Dýþ Çap;71.509;[mm]
Dýþ Çap;71.339;[mm]
Dýþ Çap;71.417;[mm]
Dýþ Çap;71.482;[mm]
Dýþ Çap;71.401;[mm]
Dýþ Çap;71.346;[mm]
Dýþ Çap;71.411;[mm]
Dýþ Çap;71.407;[mm]
Dýþ Çap;71.425;[mm]
Dýþ Çap;71.431;[mm]
Dýþ Çap;71.379;[mm]
Dýþ Çap;71.395;[mm]
Dýþ Çap;71.382;[mm]
Dýþ Çap;71.415;[mm]
Dýþ Çap;71.299;[mm]
Dýþ Çap;71.394;[mm]
Dýþ Çap;71.426;[mm]
Dýþ Çap;71.473;[mm]
Dýþ Çap;71.471;[mm]
Dýþ Çap;71.453;[mm]
Dýþ Çap;71.467;[mm]
Dýþ Çap;71.373;[mm]
Dýþ Çap;71.495;[mm]
Dýþ Çap;71.452;[mm]
Dýþ Çap;71.489;[mm]
Dýþ Çap;71.329;[mm]
Dýþ Çap;71.541;[mm]
Dýþ Çap;71.401;[mm]
Dýþ Çap;71.447;[mm]
Dýþ Çap;71.460;[mm]
Dýþ Çap;71.357;[mm]
Dýþ Çap;71.405;[mm]
Dýþ Çap;71.486;[mm]
Dýþ Çap;71.551;[mm]
Dýþ Çap;71.425;[mm]
Dýþ Çap;71.512;[mm]
Dýþ Çap;71.403;[mm]
Dýþ Çap;71.512;[mm]
Dýþ Çap;71.388;[mm]
Dýþ Çap;71.470;[mm]
Dýþ Çap;71.405;[mm]
Dýþ Çap;71.355;[mm]
Dýþ Çap;71.445;[mm]
Dýþ Çap;71.349;[mm]
Dýþ Çap;71.502;[mm]
Dýþ Çap;71.442;[mm]
Dýþ Çap;71.387;[mm]
Dýþ Çap;71.442;[mm]
Dýþ Çap;71.442;[mm]
Dýþ Çap;71.476;[mm]
Dýþ Çap;71.528;[mm]
Dýþ Çap;71.433;[mm]
Dýþ Çap;71.470;[mm]
Dýþ Çap;72.377;[mm]
Dýþ Çap;71.402;[mm]
Dýþ Çap;71.413;[mm]
Dýþ Çap;71.461;[mm]
Dýþ Çap;71.491;[mm]
Dýþ Çap;71.530;[mm]
Dýþ Çap;71.572;[mm]
Dýþ Çap;71.467;[mm]
Dýþ Çap;71.450;[mm]
Dýþ Çap;71.437;[mm]
Dýþ Çap;71.420;[mm]
Dýþ Çap;71.392;[mm]
Dýþ Çap;71.477;[mm]
Dýþ Çap;71.346;[mm]
Dýþ Çap;71.445;[mm]
Dýþ Çap;71.413;[mm]
Dýþ Çap;71.368;[mm]
Dýþ Çap;71.289;[mm]
Dýþ Çap;71.423;[mm]
Dýþ Çap;71.464;[mm]
Dýþ Çap;71.451;[mm]
Dýþ Çap;71.493;[mm]
Dýþ Çap;71.358;[mm]
Dýþ Çap; ; 
Dýþ Çap;71.403;[mm]
Dýþ Çap;71.511;[mm]
Dýþ Çap;71.321;[mm]
Dýþ Çap;71.496;[mm]
Dýþ Çap;71.407;[mm]
Dýþ Çap;71.401;[mm]
Dýþ Çap; ; 
Dýþ Çap;71.434;[mm]
Dýþ Çap;71.409;[mm]
Dýþ Çap;71.513;[mm]
Dýþ Çap;71.478;[mm]
Dýþ Çap;71.390;[mm]
Dýþ Çap;71.470;[mm]
Dýþ Çap;71.447;[mm]
Dýþ Çap;71.458;[mm]
Dýþ Çap;71.493;[mm]
Dýþ Çap;71.495;[mm]
Dýþ Çap;71.467;[mm]
Dýþ Çap;71.406;[mm]
Dýþ Çap;71.378;[mm]
Dýþ Çap;71.407;[mm]
Dýþ Çap;71.472;[mm]
Dýþ Çap;71.437;[mm]
Dýþ Çap;71.342;[mm]
Dýþ Çap;71.438;[mm]
Dýþ Çap;71.485;[mm]
Dýþ Çap;71.372;[mm]
Dýþ Çap;71.480;[mm]
Dýþ Çap;71.409;[mm]
Dýþ Çap;71.453;[mm]
Dýþ Çap;71.484;[mm]
Dýþ Çap;71.342;[mm]
Dýþ Çap;71.389;[mm]
Dýþ Çap;71.466;[mm]
Dýþ Çap;71.444;[mm]
Dýþ Çap;71.384;[mm]
Dýþ Çap;71.271;[mm]
Dýþ Çap;71.517;[mm]
Dýþ Çap;71.513;[mm]
Dýþ Çap;71.500;[mm]
Dýþ Çap;71.486;[mm]
Dýþ Çap;71.338;[mm]
Dýþ Çap;71.413;[mm]
Dýþ Çap;71.460;[mm]
Dýþ Çap;71.489;[mm]
Dýþ Çap;71.500;[mm]
Dýþ Çap;71.438;[mm]
Dýþ Çap;71.376;[mm]
Dýþ Çap;71.391;[mm]
Dýþ Çap;71.386;[mm]
Dýþ Çap;71.422;[mm]
Dýþ Çap;71.436;[mm]
Dýþ Çap;71.374;[mm]
Dýþ Çap;71.466;[mm]
Dýþ Çap;71.436;[mm]
Dýþ Çap;71.409;[mm]
Dýþ Çap;71.400;[mm]
Dýþ Çap;71.382;[mm]
Dýþ Çap;71.383;[mm]
Dýþ Çap;71.340;[mm]
Dýþ Çap;71.454;[mm]
Dýþ Çap;71.379;[mm]
Dýþ Çap;71.375;[mm]
Dýþ Çap;71.426;[mm]
Dýþ Çap;71.443;[mm]
Dýþ Çap;71.379;[mm]
Dýþ Çap;71.396;[mm]
Dýþ Çap;71.404;[mm]
Dýþ Çap;71.393;[mm]
Dýþ Çap;71.233;[mm]
Dýþ Çap;71.479;[mm]
Dýþ Çap;71.465;[mm]
Dýþ Çap;71.499;[mm]
Dýþ Çap;71.495;[mm]
Dýþ Çap;71.489;[mm]
Dýþ Çap;71.552;[mm]
Dýþ Çap;71.447;[mm]
Dýþ Çap;71.409;[mm]
Dýþ Çap;71.426;[mm]
Dýþ Çap;71.479;[mm]
Dýþ Çap;71.406;[mm]
Dýþ Çap;71.473;[mm]
Dýþ Çap;71.432;[mm]
Dýþ Çap;71.368;[mm]
Dýþ Çap;71.475;[mm]
Dýþ Çap;71.384;[mm]
Dýþ Çap;71.375;[mm]
Dýþ Çap;71.379;[mm]
Dýþ Çap;71.383;[mm]
Dýþ Çap;71.475;[mm]
Dýþ Çap;71.482;[mm]
Dýþ Çap;72.052;[mm]
Dýþ Çap;71.351;[mm]
Dýþ Çap;71.469;[mm]
Dýþ Çap;71.448;[mm]
Dýþ Çap;71.502;[mm]
Dýþ Çap;71.438;[mm]
Dýþ Çap;71.422;[mm]
Dýþ Çap;71.413;[mm]
Dýþ Çap;71.517;[mm]
Dýþ Çap;71.420;[mm]
Dýþ Çap;71.480;[mm]
Dýþ Çap;71.488;[mm]
Dýþ Çap;71.495;[mm]
Dýþ Çap;71.516;[mm]
Dýþ Çap;71.496;[mm]
Dýþ Çap;71.407;[mm]
Dýþ Çap;71.420;[mm]
Dýþ Çap;71.490;[mm]
Dýþ Çap;71.432;[mm]
Dýþ Çap;71.456;[mm]
Dýþ Çap;71.413;[mm]
Dýþ Çap;71.486;[mm]
Dýþ Çap;71.338;[mm]
Dýþ Çap;71.362;[mm]
Dýþ Çap;71.411;[mm]
Dýþ Çap;71.424;[mm]
Dýþ Çap;71.484;[mm]
Dýþ Çap;71.471;[mm]
Dýþ Çap;71.496;[mm]
Dýþ Çap;71.471;[mm]
Dýþ Çap;71.439;[mm]
Dýþ Çap;71.400;[mm]
Dýþ Çap;71.381;[mm]
Dýþ Çap;71.387;[mm]
Dýþ Çap;71.512;[mm]
Dýþ Çap;71.449;[mm]
Dýþ Çap;71.438;[mm]
Dýþ Çap;71.458;[mm]
Dýþ Çap;71.345;[mm]
Dýþ Çap;71.374;[mm]
Dýþ Çap;71.480;[mm]
Dýþ Çap;71.469;[mm]
Dýþ Çap;71.483;[mm]
Dýþ Çap;71.345;[mm]
Dýþ Çap;71.535;[mm]
Dýþ Çap;71.356;[mm]
Dýþ Çap;71.407;[mm]
Dýþ Çap;71.445;[mm]
Dýþ Çap;71.365;[mm]
Dýþ Çap;71.497;[mm]
Dýþ Çap;71.423;[mm]
Dýþ Çap;71.376;[mm]
Dýþ Çap;71.499;[mm]
Dýþ Çap;71.457;[mm]
Dýþ Çap;71.535;[mm]
Dýþ Çap;71.413;[mm]
Dýþ Çap;71.358;[mm]
Dýþ Çap;71.447;[mm]
Dýþ Çap;71.345;[mm]
Dýþ Çap;71.446;[mm]
Dýþ Çap;71.482;[mm]
Dýþ Çap;71.368;[mm]
Dýþ Çap;71.449;[mm]
Dýþ Çap;71.400;[mm]
Dýþ Çap;71.343;[mm]
Dýþ Çap;71.436;[mm]
Dýþ Çap;71.403;[mm]
Dýþ Çap;71.430;[mm]
Dýþ Çap;71.490;[mm]
Dýþ Çap;71.370;[mm]
Dýþ Çap;71.373;[mm]
Dýþ Çap;71.344;[mm]
Dýþ Çap;71.457;[mm]
Dýþ Çap;71.377;[mm]
Dýþ Çap;71.393;[mm]
Dýþ Çap;71.398;[mm]
Dýþ Çap;71.445;[mm]
Dýþ Çap;71.389;[mm]
Dýþ Çap;71.393;[mm]
Dýþ Çap;71.474;[mm]
Dýþ Çap;71.479;[mm]
Dýþ Çap;71.457;[mm]
Dýþ Çap;71.457;[mm]
Dýþ Çap;71.554;[mm]
Dýþ Çap;71.452;[mm]
Dýþ Çap;71.462;[mm]
Dýþ Çap;71.398;[mm]
Dýþ Çap;71.353;[mm]
Dýþ Çap;71.357;[mm]
Dýþ Çap;71.370;[mm]
Dýþ Çap;71.400;[mm]
Dýþ Çap;71.431;[mm]
Dýþ Çap;71.397;[mm]
Dýþ Çap;71.461;[mm]
Dýþ Çap;71.372;[mm]
Dýþ Çap;71.525;[mm]
Dýþ Çap;71.371;[mm]
Dýþ Çap;71.355;[mm]
Dýþ Çap;71.426;[mm]
Dýþ Çap;71.475;[mm]
Dýþ Çap;71.450;[mm]
Dýþ Çap;71.552;[mm]
Dýþ Çap;71.484;[mm]
Dýþ Çap;71.452;[mm]
Dýþ Çap;71.448;[mm]
Dýþ Çap;71.535;[mm]
Dýþ Çap;71.324;[mm]
Dýþ Çap; ; 
Dýþ Çap;71.419;[mm]
Dýþ Çap;71.388;[mm]
Dýþ Çap;71.398;[mm]
Dýþ Çap;71.567;[mm]
Dýþ Çap;71.440;[mm]
Dýþ Çap;71.453;[mm]
Dýþ Çap;71.441;[mm]
Dýþ Çap;71.373;[mm]
Dýþ Çap;71.436;[mm]
Dýþ Çap;71.424;[mm]
Dýþ Çap;71.385;[mm]
Dýþ Çap;71.481;[mm]
Dýþ Çap;71.411;[mm]
Dýþ Çap;71.497;[mm]
Dýþ Çap;71.471;[mm]
Dýþ Çap;71.347;[mm]
Dýþ Çap;71.506;[mm]
Dýþ Çap;71.406;[mm]
Dýþ Çap;71.467;[mm]
Dýþ Çap;71.393;[mm]
Dýþ Çap;71.334;[mm]
Dýþ Çap;71.457;[mm]
Dýþ Çap;71.437;[mm]
Dýþ Çap;71.384;[mm]
Dýþ Çap;71.444;[mm]
Dýþ Çap;71.420;[mm]
Dýþ Çap;71.548;[mm]
Dýþ Çap;71.533;[mm]
Dýþ Çap;71.415;[mm]
Dýþ Çap;71.424;[mm]
Dýþ Çap;71.421;[mm]
Dýþ Çap;71.371;[mm]
Dýþ Çap;71.520;[mm]
Dýþ Çap;71.367;[mm]
Dýþ Çap;71.446;[mm]
Dýþ Çap;71.514;[mm]
Dýþ Çap;71.455;[mm]
Dýþ Çap;71.453;[mm]
Dýþ Çap;71.288;[mm]
Dýþ Çap;71.344;[mm]
Dýþ Çap;71.525;[mm]
Dýþ Çap;71.347;[mm]
Dýþ Çap;71.368;[mm]
Dýþ Çap;71.381;[mm]
Dýþ Çap;71.499;[mm]
Dýþ Çap;71.396;[mm]
Dýþ Çap;71.444;[mm]
Dýþ Çap;71.470;[mm]
Dýþ Çap; ; 
Dýþ Çap;71.415;[mm]
Dýþ Çap;71.385;[mm]
Dýþ Çap;71.372;[mm]
Dýþ Çap;71.418;[mm]
Dýþ Çap;71.441;[mm]
Dýþ Çap;71.377;[mm]
Dýþ Çap;71.406;[mm]
Dýþ Çap;71.504;[mm]
Dýþ Çap;71.562;[mm]
Dýþ Çap;71.525;[mm]
Dýþ Çap;71.491;[mm]
Dýþ Çap;71.481;[mm]
Dýþ Çap;71.392;[mm]
Dýþ Çap;71.399;[mm]
Dýþ Çap;71.416;[mm]
Dýþ Çap;71.407;[mm]
Dýþ Çap;71.456;[mm]
Dýþ Çap;71.427;[mm]
Dýþ Çap;71.403;[mm]
Dýþ Çap;71.352;[mm]
Dýþ Çap;71.466;[mm]
Dýþ Çap;71.497;[mm]
Dýþ Çap;71.443;[mm]
Dýþ Çap;71.401;[mm]
Dýþ Çap;71.451;[mm]
Dýþ Çap;71.430;[mm]
Dýþ Çap;71.443;[mm]
Dýþ Çap;71.529;[mm]
Dýþ Çap;71.349;[mm]
Dýþ Çap;71.472;[mm]
Dýþ Çap;71.457;[mm]
Dýþ Çap;71.425;[mm]
Dýþ Çap;71.511;[mm]
Dýþ Çap;71.473;[mm]
Dýþ Çap;71.443;[mm]
Dýþ Çap;71.469;[mm]
Dýþ Çap;71.451;[mm]
Dýþ Çap;71.417;[mm]
Dýþ Çap;71.312;[mm]
Dýþ Çap;71.461;[mm]
Dýþ Çap;71.425;[mm]
Dýþ Çap;71.391;[mm]
Dýþ Çap;71.441;[mm]
Dýþ Çap;71.439;[mm]
Dýþ Çap;71.525;[mm]
Dýþ Çap;71.469;[mm]
Dýþ Çap;71.462;[mm]
Dýþ Çap;71.472;[mm]
Dýþ Çap;71.479;[mm]
Dýþ Çap;71.383;[mm]
Dýþ Çap;71.479;[mm]
Dýþ Çap;71.453;[mm]
Dýþ Çap;71.417;[mm]
Dýþ Çap;71.464;[mm]
Dýþ Çap;71.478;[mm]
Dýþ Çap;71.469;[mm]
Dýþ Çap;71.482;[mm]
Dýþ Çap;71.414;[mm]
Dýþ Çap;71.526;[mm]
Dýþ Çap;71.392;[mm]
Dýþ Çap;71.500;[mm]
Dýþ Çap;71.369;[mm]
Dýþ Çap;71.465;[mm]
Dýþ Çap;71.435;[mm]
Dýþ Çap;71.532;[mm]
Dýþ Çap;71.476;[mm]
Dýþ Çap;71.457;[mm]
Dýþ Çap;71.391;[mm]
Dýþ Çap;71.353;[mm]
Dýþ Çap;71.342;[mm]
Dýþ Çap;71.461;[mm]
Dýþ Çap;71.404;[mm]
Dýþ Çap;71.383;[mm]
Dýþ Çap;71.470;[mm]
Dýþ Çap;71.444;[mm]
Dýþ Çap;71.439;[mm]
Dýþ Çap;71.533;[mm]
Dýþ Çap;71.448;[mm]
Dýþ Çap;71.473;[mm]
Dýþ Çap;71.452;[mm]
Dýþ Çap;71.419;[mm]
Dýþ Çap;71.543;[mm]
Dýþ Çap;71.434;[mm]
Dýþ Çap;71.440;[mm]
Dýþ Çap;71.445;[mm]
Dýþ Çap;71.495;[mm]
Dýþ Çap;71.432;[mm]
Dýþ Çap;71.531;[mm]
Dýþ Çap;71.298;[mm]
Dýþ Çap;71.394;[mm]
Dýþ Çap;71.457;[mm]
Dýþ Çap;71.504;[mm]
Dýþ Çap;71.442;[mm]
Dýþ Çap;71.437;[mm]
Dýþ Çap;71.430;[mm]
Dýþ Çap;71.426;[mm]
Dýþ Çap;71.452;[mm]
Dýþ Çap;71.428;[mm]
Dýþ Çap;71.414;[mm]
Dýþ Çap;71.405;[mm]
Dýþ Çap;71.532;[mm]
Dýþ Çap;71.392;[mm]
Dýþ Çap;71.515;[mm]
Dýþ Çap;71.465;[mm]
Dýþ Çap;71.499;[mm]
Dýþ Çap;71.481;[mm]
Dýþ Çap;71.453;[mm]
Dýþ Çap;71.486;[mm]
Dýþ Çap;71.427;[mm]
Dýþ Çap;71.471;[mm]
Dýþ Çap;71.393;[mm]
Dýþ Çap;71.426;[mm]
Dýþ Çap;71.525;[mm]
Dýþ Çap;71.386;[mm]
Dýþ Çap;71.463;[mm]
Dýþ Çap;71.472;[mm]
Dýþ Çap;71.315;[mm]
Dýþ Çap;71.420;[mm]
Dýþ Çap;71.445;[mm]
Dýþ Çap;71.381;[mm]
Dýþ Çap;71.355;[mm]
Dýþ Çap;71.382;[mm]
Dýþ Çap;71.434;[mm]
Dýþ Çap;71.499;[mm]
Dýþ Çap;71.355;[mm]
Dýþ Çap;71.529;[mm]
Dýþ Çap;71.380;[mm]
Dýþ Çap;71.326;[mm]
Dýþ Çap;71.370;[mm]
Dýþ Çap;71.511;[mm]
Dýþ Çap;71.470;[mm]
Dýþ Çap;71.413;[mm]
Dýþ Çap;71.347;[mm]
Dýþ Çap;71.392;[mm]
Dýþ Çap;71.477;[mm]
Dýþ Çap;71.459;[mm]
Dýþ Çap;71.559;[mm]
Dýþ Çap;71.424;[mm]
Dýþ Çap;71.479;[mm]
Dýþ Çap;71.221;[mm]
Dýþ Çap;71.403;[mm]
Dýþ Çap;71.360;[mm]
Dýþ Çap;71.410;[mm]
Dýþ Çap;71.423;[mm]
Dýþ Çap;71.412;[mm]
Dýþ Çap;71.464;[mm]
Dýþ Çap;71.359;[mm]
Dýþ Çap;71.434;[mm]
Dýþ Çap;71.362;[mm]
Dýþ Çap;71.418;[mm]
Dýþ Çap;71.448;[mm]
Dýþ Çap;71.434;[mm]
Dýþ Çap;71.482;[mm]
Dýþ Çap;71.412;[mm]
Dýþ Çap;71.362;[mm]
Dýþ Çap;71.323;[mm]
Dýþ Çap;71.353;[mm]
Dýþ Çap;71.454;[mm]
Dýþ Çap;71.531;[mm]
Dýþ Çap;71.380;[mm]
Dýþ Çap;71.442;[mm]
Dýþ Çap;71.432;[mm]
Dýþ Çap;71.453;[mm]
Dýþ Çap;71.416;[mm]
Dýþ Çap;71.451;[mm]
Dýþ Çap;71.384;[mm]
Dýþ Çap;71.445;[mm]
Dýþ Çap;71.398;[mm]
Dýþ Çap;71.410;[mm]
Dýþ Çap;71.344;[mm]
Dýþ Çap;71.399;[mm]
Dýþ Çap;71.493;[mm]
Dýþ Çap;71.437;[mm]
Dýþ Çap;71.496;[mm]
Dýþ Çap;71.541;[mm]
Dýþ Çap;71.559;[mm]
Dýþ Çap;71.361;[mm]
Dýþ Çap;71.486;[mm]
Dýþ Çap;71.464;[mm]
Dýþ Çap;71.466;[mm]
Dýþ Çap;71.510;[mm]
Dýþ Çap;71.445;[mm]
Dýþ Çap;71.503;[mm]
Dýþ Çap;71.436;[mm]
Dýþ Çap;71.472;[mm]
Dýþ Çap;71.395;[mm]
Dýþ Çap;71.430;[mm]
Dýþ Çap;71.466;[mm]
Dýþ Çap;71.476;[mm]
Dýþ Çap;71.526;[mm]
Dýþ Çap;71.451;[mm]
Dýþ Çap;71.433;[mm]
Dýþ Çap;71.251;[mm]
Dýþ Çap;71.615;[mm]
Dýþ Çap;71.507;[mm]
Dýþ Çap;71.530;[mm]
Dýþ Çap;71.451;[mm]
Dýþ Çap;71.559;[mm]
Dýþ Çap;71.428;[mm]
Dýþ Çap;71.451;[mm]
Dýþ Çap;71.563;[mm]
Dýþ Çap;71.457;[mm]
Dýþ Çap;71.528;[mm]
Dýþ Çap;71.413;[mm]
Dýþ Çap;71.468;[mm]
Dýþ Çap;71.457;[mm]
Dýþ Çap;71.273;[mm]
Dýþ Çap;71.392;[mm]
Dýþ Çap;71.476;[mm]
Dýþ Çap;71.519;[mm]
Dýþ Çap;71.452;[mm]
Dýþ Çap;71.431;[mm]
Dýþ Çap;71.530;[mm]
Dýþ Çap;71.422;[mm]
Dýþ Çap;71.365;[mm]
Dýþ Çap;71.404;[mm]
Dýþ Çap;71.407;[mm]
Dýþ Çap;71.446;[mm]
Dýþ Çap;71.423;[mm]
Dýþ Çap;71.514;[mm]
Dýþ Çap;71.503;[mm]
Dýþ Çap;71.477;[mm]
Dýþ Çap;71.563;[mm]
Dýþ Çap;71.439;[mm]
Dýþ Çap;71.467;[mm]
Dýþ Çap;71.411;[mm]
Dýþ Çap;71.537;[mm]
Dýþ Çap;71.451;[mm]
Dýþ Çap;71.481;[mm]
Dýþ Çap;71.559;[mm]
Dýþ Çap;71.438;[mm]
Dýþ Çap;71.423;[mm]
Dýþ Çap;71.486;[mm]
Dýþ Çap;71.664;[mm]
Dýþ Çap;71.487;[mm]
Dýþ Çap;71.406;[mm]
Dýþ Çap;71.391;[mm]
Dýþ Çap;71.469;[mm]
Dýþ Çap;71.385;[mm]
Dýþ Çap;71.370;[mm]
Dýþ Çap;71.514;[mm]
Dýþ Çap;71.477;[mm]
Dýþ Çap;71.484;[mm]
Dýþ Çap;71.402;[mm]
Dýþ Çap;71.487;[mm]
Dýþ Çap;71.436;[mm]
Dýþ Çap;71.474;[mm]
Dýþ Çap;71.475;[mm]
Dýþ Çap;71.449;[mm]
Dýþ Çap;71.364;[mm]
Dýþ Çap;71.459;[mm]
Dýþ Çap;71.504;[mm]
Dýþ Çap;71.382;[mm]
Dýþ Çap;71.453;[mm]
Dýþ Çap;71.424;[mm]
Dýþ Çap;71.471;[mm]
Dýþ Çap;71.394;[mm]
Dýþ Çap;71.429;[mm]
Dýþ Çap;71.477;[mm]
Dýþ Çap;71.335;[mm]
Dýþ Çap;71.470;[mm]
Dýþ Çap;71.510;[mm]
Dýþ Çap;71.356;[mm]
Dýþ Çap;71.402;[mm]
Dýþ Çap;72.045;[mm]
Dýþ Çap;71.519;[mm]
Dýþ Çap;71.342;[mm]
Dýþ Çap;71.371;[mm]
Dýþ Çap;71.417;[mm]
Dýþ Çap;71.516;[mm]
Dýþ Çap;71.425;[mm]
Dýþ Çap;71.496;[mm]
Dýþ Çap;71.477;[mm]
Dýþ Çap;71.451;[mm]
Dýþ Çap;71.339;[mm]
Dýþ Çap;71.393;[mm]
Dýþ Çap;71.578;[mm]
Dýþ Çap;71.401;[mm]
Dýþ Çap;71.346;[mm]
Dýþ Çap;71.461;[mm]
Dýþ Çap;71.369;[mm]
Dýþ Çap;71.399;[mm]
Dýþ Çap;71.271;[mm]
Dýþ Çap;71.413;[mm]
Dýþ Çap;71.374;[mm]
Dýþ Çap;71.386;[mm]
Dýþ Çap;71.312;[mm]
Dýþ Çap;71.442;[mm]
Dýþ Çap;71.369;[mm]
Dýþ Çap;71.330;[mm]
Dýþ Çap;71.497;[mm]
Dýþ Çap;71.381;[mm]
Dýþ Çap;71.496;[mm]
Dýþ Çap;71.419;[mm]
Dýþ Çap;71.536;[mm]
Dýþ Çap;71.427;[mm]
Dýþ Çap;71.422;[mm]
Dýþ Çap;71.477;[mm]
Dýþ Çap;71.423;[mm]
Dýþ Çap;71.437;[mm]
Dýþ Çap;71.443;[mm]
Dýþ Çap;71.439;[mm]
Dýþ Çap;71.457;[mm]
Dýþ Çap;71.456;[mm]
Dýþ Çap;71.355;[mm]
Dýþ Çap;71.383;[mm]
Dýþ Çap;71.356;[mm]
Dýþ Çap;71.347;[mm]
Dýþ Çap;71.372;[mm]
Dýþ Çap;71.522;[mm]
Dýþ Çap;71.370;[mm]
Dýþ Çap;71.489;[mm]
Dýþ Çap;71.409;[mm]
Dýþ Çap;71.229;[mm]
Dýþ Çap;71.424;[mm]
Dýþ Çap;71.514;[mm]
Dýþ Çap;71.428;[mm]
Dýþ Çap;71.435;[mm]
Dýþ Çap;71.355;[mm]
Dýþ Çap;71.455;[mm]
Dýþ Çap;71.392;[mm]
Dýþ Çap;71.379;[mm]
Dýþ Çap;71.375;[mm]
Dýþ Çap;71.477;[mm]
Dýþ Çap;71.467;[mm]
Dýþ Çap;71.470;[mm]
Dýþ Çap;71.381;[mm]
Dýþ Çap;71.377;[mm]
Dýþ Çap;71.527;[mm]
Dýþ Çap;71.309;[mm]
Dýþ Çap;71.415;[mm]
Dýþ Çap;71.464;[mm]
Dýþ Çap;71.407;[mm]
Dýþ Çap;71.422;[mm]
Dýþ Çap;71.410;[mm]
Dýþ Çap;71.331;[mm]
Dýþ Çap;71.430;[mm]
Dýþ Çap;71.447;[mm]
Dýþ Çap;71.487;[mm]
Dýþ Çap;71.456;[mm]
Dýþ Çap;71.552;[mm]
Dýþ Çap;71.576;[mm]
Dýþ Çap;71.378;[mm]
Dýþ Çap;71.461;[mm]
Dýþ Çap;71.382;[mm]
Dýþ Çap;71.480;[mm]
Dýþ Çap;71.380;[mm]
Dýþ Çap;71.390;[mm]
Dýþ Çap;71.429;[mm]
Dýþ Çap;71.506;[mm]
Dýþ Çap;71.468;[mm]
Dýþ Çap;71.397;[mm]
Dýþ Çap;71.478;[mm]
Dýþ Çap;71.376;[mm]
Dýþ Çap;71.412;[mm]
Dýþ Çap;71.541;[mm]
Dýþ Çap;71.386;[mm]
Dýþ Çap;71.504;[mm]
Dýþ Çap;71.382;[mm]
Dýþ Çap;71.418;[mm]
Dýþ Çap;71.444;[mm]
Dýþ Çap;71.485;[mm]
Dýþ Çap;71.522;[mm]
Dýþ Çap;71.492;[mm]
Dýþ Çap;71.449;[mm]
Dýþ Çap;71.373;[mm]
Dýþ Çap;71.383;[mm]
Dýþ Çap;71.462;[mm]
Dýþ Çap;71.467;[mm]
Dýþ Çap;71.430;[mm]
Dýþ Çap;71.466;[mm]
Dýþ Çap;71.416;[mm]
Dýþ Çap;71.453;[mm]
Dýþ Çap;71.438;[mm]
Dýþ Çap;71.406;[mm]
Dýþ Çap;71.446;[mm]
Dýþ Çap;71.487;[mm]
Dýþ Çap;70.856;[mm]
Dýþ Çap;71.385;[mm]
Dýþ Çap;71.451;[mm]
Dýþ Çap;71.369;[mm]
Dýþ Çap;71.390;[mm]
Dýþ Çap;71.500;[mm]
Dýþ Çap;71.462;[mm]
Dýþ Çap;71.406;[mm]
Dýþ Çap;71.346;[mm]
Dýþ Çap;71.531;[mm]
Dýþ Çap;71.411;[mm]
Dýþ Çap;71.365;[mm]
Dýþ Çap;71.469;[mm]
Dýþ Çap;71.513;[mm]
Dýþ Çap;71.396;[mm]
Dýþ Çap;71.358;[mm]
Dýþ Çap;71.487;[mm]
Dýþ Çap;71.351;[mm]
Dýþ Çap;71.407;[mm]
Dýþ Çap;71.438;[mm]
Dýþ Çap;71.395;[mm]
Dýþ Çap;71.517;[mm]
Dýþ Çap;71.510;[mm]
Dýþ Çap;71.392;[mm]
Dýþ Çap;71.416;[mm]
Dýþ Çap;71.414;[mm]
Dýþ Çap;71.373;[mm]
Dýþ Çap;71.488;[mm]
Dýþ Çap;71.456;[mm]
Dýþ Çap;71.396;[mm]
Dýþ Çap;71.495;[mm]
Dýþ Çap;71.395;[mm]
Dýþ Çap;71.390;[mm]
Dýþ Çap;71.385;[mm]
Dýþ Çap;71.362;[mm]
Dýþ Çap;71.363;[mm]
Dýþ Çap;71.471;[mm]
Dýþ Çap;71.445;[mm]
Dýþ Çap;71.373;[mm]
Dýþ Çap;71.500;[mm]
Dýþ Çap;71.378;[mm]
Dýþ Çap;71.409;[mm]
Dýþ Çap;71.378;[mm]
Dýþ Çap;71.438;[mm]
Dýþ Çap;71.496;[mm]
Dýþ Çap;71.472;[mm]
Dýþ Çap;71.355;[mm]
Dýþ Çap;71.356;[mm]
Dýþ Çap;71.449;[mm]
Dýþ Çap;71.392;[mm]
Dýþ Çap;71.497;[mm]
Dýþ Çap;71.369;[mm]
Dýþ Çap;71.428;[mm]
Dýþ Çap;71.366;[mm]
Dýþ Çap;71.455;[mm]
Dýþ Çap;71.476;[mm]
Dýþ Çap;71.454;[mm]
Dýþ Çap;71.343;[mm]
Dýþ Çap;71.438;[mm]
Dýþ Çap;71.558;[mm]
Dýþ Çap;71.437;[mm]
Dýþ Çap;71.496;[mm]
Dýþ Çap;71.478;[mm]
Dýþ Çap;71.449;[mm]
Dýþ Çap;71.492;[mm]
Dýþ Çap;71.359;[mm]
Dýþ Çap;71.426;[mm]
Dýþ Çap;71.362;[mm]
Dýþ Çap;71.479;[mm]
Dýþ Çap;71.517;[mm]
Dýþ Çap;71.434;[mm]
Dýþ Çap;71.390;[mm]
Dýþ Çap;71.470;[mm]
Dýþ Çap;71.496;[mm]
Dýþ Çap;71.343;[mm]
Dýþ Çap;71.436;[mm]
Dýþ Çap;71.350;[mm]
Dýþ Çap;71.409;[mm]
Dýþ Çap;71.436;[mm]
Dýþ Çap;71.492;[mm]
Dýþ Çap;71.483;[mm]
Dýþ Çap;71.496;[mm]
Dýþ Çap;71.572;[mm]
Dýþ Çap;71.424;[mm]
Dýþ Çap;71.409;[mm]
Dýþ Çap;71.475;[mm]
Dýþ Çap;71.383;[mm]
Dýþ Çap;71.493;[mm]
Dýþ Çap;71.312;[mm]
Dýþ Çap;71.409;[mm]
Dýþ Çap;71.549;[mm]
Dýþ Çap; ; 
Dýþ Çap;71.381;[mm]
Dýþ Çap;71.436;[mm]
Dýþ Çap;71.185;[mm]
Dýþ Çap;71.450;[mm]
Dýþ Çap;71.310;[mm]
Dýþ Çap;71.481;[mm]
Dýþ Çap;71.365;[mm]
Dýþ Çap;71.394;[mm]
Dýþ Çap;71.475;[mm]
Dýþ Çap;71.459;[mm]
Dýþ Çap;71.336;[mm]
Dýþ Çap;71.484;[mm]
Dýþ Çap;71.450;[mm]
Dýþ Çap;71.490;[mm]
Dýþ Çap;71.393;[mm]
Dýþ Çap;71.460;[mm]
Dýþ Çap;71.451;[mm]
Dýþ Çap;71.440;[mm]
Dýþ Çap;71.453;[mm]
Dýþ Çap;71.517;[mm]
Dýþ Çap;71.349;[mm]
Dýþ Çap;71.442;[mm]
Dýþ Çap;71.455;[mm]
Dýþ Çap;71.468;[mm]
Dýþ Çap;71.399;[mm]
Dýþ Çap;71.459;[mm]
Dýþ Çap;71.458;[mm]
Dýþ Çap;71.389;[mm]
Dýþ Çap;71.460;[mm]
Dýþ Çap;71.491;[mm]
Dýþ Çap;71.356;[mm]
Dýþ Çap;71.419;[mm]
Dýþ Çap;71.330;[mm]
Dýþ Çap;71.355;[mm]
Dýþ Çap;71.430;[mm]
Dýþ Çap;71.466;[mm]
Dýþ Çap;71.609;[mm]
Dýþ Çap;71.417;[mm]
Dýþ Çap;71.449;[mm]
Dýþ Çap;71.429;[mm]
Dýþ Çap;71.462;[mm]
Dýþ Çap;71.494;[mm]
Dýþ Çap;71.397;[mm]
Dýþ Çap;71.423;[mm]
Dýþ Çap;71.451;[mm]
Dýþ Çap;71.434;[mm]
Dýþ Çap;71.434;[mm]
Dýþ Çap;71.349;[mm]
Dýþ Çap;71.505;[mm]
Dýþ Çap;71.346;[mm]
Dýþ Çap;71.416;[mm]
Dýþ Çap;71.468;[mm]
Dýþ Çap;71.291;[mm]
Dýþ Çap;71.543;[mm]
Dýþ Çap;71.505;[mm]
Dýþ Çap;71.367;[mm]
Dýþ Çap;71.421;[mm]
Dýþ Çap;71.360;[mm]
Dýþ Çap;71.408;[mm]
Dýþ Çap;71.391;[mm]
Dýþ Çap;71.500;[mm]
Dýþ Çap;71.478;[mm]
Dýþ Çap;71.543;[mm]
Dýþ Çap;71.365;[mm]
Dýþ Çap;71.572;[mm]
Dýþ Çap;71.567;[mm]
Dýþ Çap;71.386;[mm]
Dýþ Çap;71.430;[mm]
Dýþ Çap;71.349;[mm]
Dýþ Çap;71.453;[mm]
Dýþ Çap;71.321;[mm]
Dýþ Çap;71.478;[mm]
Dýþ Çap;71.371;[mm]
Dýþ Çap;71.404;[mm]
Dýþ Çap;71.455;[mm]
Dýþ Çap;71.471;[mm]
Dýþ Çap;71.349;[mm]
Dýþ Çap;71.459;[mm]
Dýþ Çap;71.380;[mm]
Dýþ Çap;71.400;[mm]
Dýþ Çap;71.406;[mm]
Dýþ Çap;71.579;[mm]
Dýþ Çap;71.511;[mm]
Dýþ Çap;71.473;[mm]
Dýþ Çap;71.503;[mm]
Dýþ Çap;71.452;[mm]
Dýþ Çap;71.309;[mm]
Dýþ Çap;71.455;[mm]
Dýþ Çap;71.508;[mm]
Dýþ Çap;71.416;[mm]
Dýþ Çap;71.406;[mm]
Dýþ Çap;71.441;[mm]
Dýþ Çap;71.416;[mm]
Dýþ Çap;71.389;[mm]
Dýþ Çap;71.467;[mm]
Dýþ Çap;71.449;[mm]
Dýþ Çap;71.457;[mm]
Dýþ Çap;71.426;[mm]
Dýþ Çap;71.358;[mm]
Dýþ Çap;71.485;[mm]
Dýþ Çap;71.453;[mm]
Dýþ Çap;71.429;[mm]
Dýþ Çap;71.479;[mm]
Dýþ Çap;71.553;[mm]
Dýþ Çap;71.369;[mm]
Dýþ Çap;71.388;[mm]
Dýþ Çap;71.462;[mm]
Dýþ Çap; ; 
Dýþ Çap;71.348;[mm]
Dýþ Çap;71.373;[mm]
Dýþ Çap;71.474;[mm]
Dýþ Çap;71.394;[mm]
Dýþ Çap;71.562;[mm]
Dýþ Çap;71.488;[mm]
Dýþ Çap;71.520;[mm]
Dýþ Çap;71.537;[mm]
Dýþ Çap;71.462;[mm]
Dýþ Çap;71.364;[mm]
Dýþ Çap;71.333;[mm]
Dýþ Çap;71.397;[mm]
Dýþ Çap;71.528;[mm]
Dýþ Çap;71.419;[mm]
Dýþ Çap;71.380;[mm]
Dýþ Çap;71.368;[mm]
Dýþ Çap;71.434;[mm]
Dýþ Çap;71.454;[mm]
Dýþ Çap;71.449;[mm]
Dýþ Çap;71.476;[mm]
Dýþ Çap;71.403;[mm]
Dýþ Çap;71.395;[mm]
Dýþ Çap;71.551;[mm]
Dýþ Çap;71.484;[mm]
Dýþ Çap;71.411;[mm]
Dýþ Çap;71.501;[mm]
Dýþ Çap;71.553;[mm]
Dýþ Çap;71.365;[mm]
Dýþ Çap; ; 
Dýþ Çap;71.356;[mm]
Dýþ Çap;71.372;[mm]
Dýþ Çap;71.499;[mm]
Dýþ Çap;71.398;[mm]
Dýþ Çap;71.365;[mm]
Dýþ Çap;71.486;[mm]
Dýþ Çap;71.577;[mm]
Dýþ Çap;71.525;[mm]
Dýþ Çap;71.494;[mm]
Dýþ Çap;71.389;[mm]
Dýþ Çap;71.492;[mm]
Dýþ Çap;71.440;[mm]
Dýþ Çap;71.349;[mm]
Dýþ Çap;71.415;[mm]
Dýþ Çap;71.395;[mm]
Dýþ Çap;71.451;[mm]
Dýþ Çap;71.355;[mm]
Dýþ Çap;71.509;[mm]
Dýþ Çap;71.443;[mm]
Dýþ Çap;71.424;[mm]
Dýþ Çap;71.329;[mm]
Dýþ Çap;71.277;[mm]
Dýþ Çap;71.333;[mm]
Dýþ Çap;71.467;[mm]
Dýþ Çap;71.377;[mm]
Dýþ Çap;71.457;[mm]
Dýþ Çap;71.458;[mm]
Dýþ Çap;71.478;[mm]
Dýþ Çap;71.535;[mm]
Dýþ Çap;71.418;[mm]
Dýþ Çap;71.387;[mm]
Dýþ Çap;71.385;[mm]
Dýþ Çap;71.447;[mm]
Dýþ Çap;71.459;[mm]
Dýþ Çap;71.451;[mm]
Dýþ Çap;71.436;[mm]
Dýþ Çap;71.562;[mm]
Dýþ Çap;71.352;[mm]
Dýþ Çap;71.552;[mm]
Dýþ Çap;72.790;[mm]
Dýþ Çap;71.336;[mm]
Dýþ Çap;71.357;[mm]
Dýþ Çap;71.435;[mm]
Dýþ Çap;71.503;[mm]
Dýþ Çap;71.497;[mm]
Dýþ Çap;71.392;[mm]
Dýþ Çap;71.373;[mm]
Dýþ Çap;71.350;[mm]
Dýþ Çap;71.297;[mm]
Dýþ Çap;71.384;[mm]
Dýþ Çap;71.470;[mm]
Dýþ Çap;71.402;[mm]
Dýþ Çap;71.382;[mm]
Dýþ Çap;71.425;[mm]
Dýþ Çap;71.383;[mm]
Dýþ Çap;71.387;[mm]
Dýþ Çap;71.439;[mm]
Dýþ Çap;71.406;[mm]
Dýþ Çap;71.411;[mm]
Dýþ Çap;71.394;[mm]
Dýþ Çap;71.391;[mm]
Dýþ Çap;71.433;[mm]
Dýþ Çap;71.420;[mm]
Dýþ Çap;71.494;[mm]
Dýþ Çap;71.388;[mm]
Dýþ Çap;71.429;[mm]
Dýþ Çap;71.479;[mm]
Dýþ Çap;71.464;[mm]
Dýþ Çap;71.441;[mm]
Dýþ Çap;71.352;[mm]
Dýþ Çap;71.392;[mm]
Dýþ Çap;71.339;[mm]
Dýþ Çap;71.492;[mm]
Dýþ Çap;71.402;[mm]
Dýþ Çap;71.413;[mm]
Dýþ Çap;71.560;[mm]
Dýþ Çap;71.351;[mm]
Dýþ Çap;71.411;[mm]
Dýþ Çap;71.452;[mm]
Dýþ Çap;71.396;[mm]
Dýþ Çap;71.391;[mm]
Dýþ Çap;71.420;[mm]
Dýþ Çap;71.379;[mm]
Dýþ Çap;71.471;[mm]
Dýþ Çap;71.369;[mm]
Dýþ Çap;71.470;[mm]
Dýþ Çap;71.371;[mm]
Dýþ Çap;71.480;[mm]
Dýþ Çap;71.432;[mm]
Dýþ Çap;71.450;[mm]
Dýþ Çap;71.395;[mm]
Dýþ Çap;71.488;[mm]
Dýþ Çap;71.394;[mm]
Dýþ Çap;71.414;[mm]
Dýþ Çap;71.523;[mm]
Dýþ Çap;71.484;[mm]
Dýþ Çap;71.235;[mm]
Dýþ Çap;71.467;[mm]
Dýþ Çap;71.379;[mm]
Dýþ Çap;71.372;[mm]
Dýþ Çap;71.458;[mm]
Dýþ Çap;71.463;[mm]
Dýþ Çap;71.420;[mm]
Dýþ Çap;71.395;[mm]
Dýþ Çap;71.337;[mm]
Dýþ Çap;71.530;[mm]
Dýþ Çap;71.515;[mm]
Dýþ Çap;71.436;[mm]
Dýþ Çap;71.417;[mm]
Dýþ Çap;71.492;[mm]
Dýþ Çap;71.477;[mm]
Dýþ Çap;71.322;[mm]
Dýþ Çap;71.460;[mm]
Dýþ Çap;71.358;[mm]
Dýþ Çap;71.502;[mm]
Dýþ Çap;71.536;[mm]
Dýþ Çap; ; 
Dýþ Çap;71.474;[mm]
Dýþ Çap;71.388;[mm]
Dýþ Çap;71.418;[mm]
Dýþ Çap;71.446;[mm]
Dýþ Çap;71.489;[mm]
Dýþ Çap;71.463;[mm]
Dýþ Çap;71.402;[mm]
Dýþ Çap;71.320;[mm]
Dýþ Çap;71.430;[mm]
Dýþ Çap;71.410;[mm]
Dýþ Çap;71.487;[mm]
Dýþ Çap;71.468;[mm]
Dýþ Çap;71.497;[mm]
Dýþ Çap;71.498;[mm]
Dýþ Çap;71.244;[mm]
Dýþ Çap;71.424;[mm]
Dýþ Çap;71.470;[mm]
Dýþ Çap;71.537;[mm]
Dýþ Çap;71.472;[mm]
Dýþ Çap;71.318;[mm]
Dýþ Çap;71.435;[mm]
Dýþ Çap;71.510;[mm]
Dýþ Çap;71.357;[mm]
Dýþ Çap;71.457;[mm]
Dýþ Çap;71.415;[mm]
Dýþ Çap;71.469;[mm]
Dýþ Çap;71.404;[mm]
Dýþ Çap;71.507;[mm]
Dýþ Çap;71.383;[mm]
Dýþ Çap;71.461;[mm]
Dýþ Çap;71.385;[mm]
Dýþ Çap;71.455;[mm]
Dýþ Çap;71.446;[mm]
Dýþ Çap;71.405;[mm]
Dýþ Çap;71.409;[mm]
Dýþ Çap;71.493;[mm]
Dýþ Çap;71.364;[mm]
Dýþ Çap;71.461;[mm]
Dýþ Çap;71.426;[mm]
Dýþ Çap;71.437;[mm]
Dýþ Çap;71.509;[mm]
Dýþ Çap;71.376;[mm]
Dýþ Çap;71.482;[mm]
Dýþ Çap;71.488;[mm]
Dýþ Çap;71.424;[mm]
Dýþ Çap;71.498;[mm]
Dýþ Çap;71.444;[mm]
Dýþ Çap;71.375;[mm]
Dýþ Çap;71.394;[mm]
Dýþ Çap;71.417;[mm]
Dýþ Çap;71.429;[mm]
Dýþ Çap;71.455;[mm]
Dýþ Çap;71.355;[mm]
Dýþ Çap;71.433;[mm]
Dýþ Çap;71.208;[mm]
Dýþ Çap;71.504;[mm]
Dýþ Çap;71.437;[mm]
Dýþ Çap;71.382;[mm]
Dýþ Çap;71.483;[mm]
Dýþ Çap;71.410;[mm]
Dýþ Çap;71.452;[mm]
Dýþ Çap;71.358;[mm]
Dýþ Çap;71.420;[mm]
Dýþ Çap;71.383;[mm]
Dýþ Çap;71.484;[mm]
Dýþ Çap;71.450;[mm]
Dýþ Çap;71.498;[mm]
Dýþ Çap;71.442;[mm]
Dýþ Çap;71.445;[mm]
Dýþ Çap;71.489;[mm]
Dýþ Çap;71.361;[mm]
Dýþ Çap;71.482;[mm]
Dýþ Çap;71.474;[mm]
Dýþ Çap;71.463;[mm]
Dýþ Çap;71.465;[mm]
Dýþ Çap;71.496;[mm]
Dýþ Çap;71.438;[mm]
Dýþ Çap;71.529;[mm]
Dýþ Çap;71.349;[mm]
Dýþ Çap;71.498;[mm]
Dýþ Çap;71.436;[mm]
Dýþ Çap;71.419;[mm]
Dýþ Çap;71.370;[mm]
Dýþ Çap;71.455;[mm]
Dýþ Çap;71.463;[mm]
Dýþ Çap;71.344;[mm]
Dýþ Çap;71.376;[mm]
Dýþ Çap;71.030;[mm]
Dýþ Çap;71.508;[mm]
Dýþ Çap;71.453;[mm]
Dýþ Çap;71.360;[mm]
Dýþ Çap;71.445;[mm]
Dýþ Çap;71.513;[mm]
Dýþ Çap;71.479;[mm]
Dýþ Çap;71.504;[mm]
Dýþ Çap;71.484;[mm]
Dýþ Çap;71.448;[mm]
Dýþ Çap;71.387;[mm]
Dýþ Çap;71.444;[mm]
Dýþ Çap;71.482;[mm]
Dýþ Çap;71.501;[mm]
Dýþ Çap;71.400;[mm]
Dýþ Çap;71.375;[mm]
Dýþ Çap;71.482;[mm]
Dýþ Çap;71.434;[mm]
Dýþ Çap;71.338;[mm]
Dýþ Çap;71.432;[mm]
Dýþ Çap;71.458;[mm]
Dýþ Çap;71.245;[mm]
Dýþ Çap;71.439;[mm]
Dýþ Çap;71.392;[mm]
Dýþ Çap;71.490;[mm]
Dýþ Çap;71.433;[mm]
Dýþ Çap;71.468;[mm]
Dýþ Çap;71.390;[mm]
Dýþ Çap;71.493;[mm]
Dýþ Çap;71.498;[mm]
Dýþ Çap;71.562;[mm]
Dýþ Çap;71.383;[mm]
Dýþ Çap;71.440;[mm]
Dýþ Çap;71.470;[mm]
Dýþ Çap;71.466;[mm]
Dýþ Çap;71.494;[mm]
Dýþ Çap;71.435;[mm]
Dýþ Çap;71.446;[mm]
Dýþ Çap;71.439;[mm]
Dýþ Çap;71.432;[mm]
Dýþ Çap;71.494;[mm]
Dýþ Çap;71.500;[mm]
Dýþ Çap;71.336;[mm]
Dýþ Çap;71.432;[mm]
Dýþ Çap;71.503;[mm]
Dýþ Çap;71.495;[mm]
Dýþ Çap;71.368;[mm]
Dýþ Çap;71.399;[mm]
Dýþ Çap;71.490;[mm]
Dýþ Çap;71.389;[mm]
Dýþ Çap;71.413;[mm]
Dýþ Çap;71.504;[mm]
Dýþ Çap;71.463;[mm]
Dýþ Çap;71.428;[mm]
Dýþ Çap;71.460;[mm]
Dýþ Çap;71.528;[mm]
Dýþ Çap;71.477;[mm]
Dýþ Çap;71.482;[mm]
Dýþ Çap;71.384;[mm]
Dýþ Çap;71.390;[mm]
Dýþ Çap;71.452;[mm]
Dýþ Çap;71.489;[mm]
Dýþ Çap;71.476;[mm]
Dýþ Çap;71.301;[mm]
Dýþ Çap;71.423;[mm]
Dýþ Çap;71.344;[mm]
Dýþ Çap;71.528;[mm]
Dýþ Çap;71.371;[mm]
Dýþ Çap;71.514;[mm]
Dýþ Çap;71.487;[mm]
Dýþ Çap;71.486;[mm]
Dýþ Çap;71.492;[mm]
Dýþ Çap;71.380;[mm]
Dýþ Çap;71.436;[mm]
Dýþ Çap;71.491;[mm]
Dýþ Çap;71.350;[mm]
Dýþ Çap;71.408;[mm]
Dýþ Çap;71.367;[mm]
Dýþ Çap;71.449;[mm]
Dýþ Çap;71.457;[mm]
Dýþ Çap;71.480;[mm]
Dýþ Çap;71.477;[mm]
Dýþ Çap;71.395;[mm]
Dýþ Çap;71.499;[mm]
Dýþ Çap;71.424;[mm]
Dýþ Çap;71.292;[mm]
Dýþ Çap;71.484;[mm]
Dýþ Çap;71.474;[mm]
Dýþ Çap;71.449;[mm]
Dýþ Çap;71.406;[mm]
Dýþ Çap;71.446;[mm]
Dýþ Çap;71.387;[mm]
Dýþ Çap;71.420;[mm]
Dýþ Çap;71.329;[mm]
Dýþ Çap;71.433;[mm]
Dýþ Çap;71.409;[mm]
Dýþ Çap;71.401;[mm]
Dýþ Çap;71.426;[mm]
Dýþ Çap;71.451;[mm]
Dýþ Çap;71.486;[mm]
Dýþ Çap;71.451;[mm]
Dýþ Çap;71.462;[mm]
Dýþ Çap;71.468;[mm]
Dýþ Çap;71.537;[mm]
Dýþ Çap;71.431;[mm]
Dýþ Çap;71.388;[mm]
Dýþ Çap;71.470;[mm]
Dýþ Çap;71.434;[mm]
Dýþ Çap;71.404;[mm]
Dýþ Çap;71.410;[mm]
Dýþ Çap;71.403;[mm]
Dýþ Çap;71.427;[mm]
Dýþ Çap;71.371;[mm]
Dýþ Çap;71.497;[mm]
Dýþ Çap;71.502;[mm]
Dýþ Çap;71.486;[mm]
Dýþ Çap;71.437;[mm]
Dýþ Çap;71.370;[mm]
Dýþ Çap;71.464;[mm]
Dýþ Çap;71.468;[mm]
Dýþ Çap;71.516;[mm]
Dýþ Çap;71.456;[mm]
Dýþ Çap;71.471;[mm]
Dýþ Çap;71.427;[mm]
Dýþ Çap;71.408;[mm]
Dýþ Çap;71.545;[mm]
Dýþ Çap;71.470;[mm]
Dýþ Çap;71.496;[mm]
Dýþ Çap;71.446;[mm]
Dýþ Çap;71.504;[mm]
Dýþ Çap;71.408;[mm]
Dýþ Çap;71.238;[mm]
Dýþ Çap;71.414;[mm]
Dýþ Çap;71.458;[mm]
Dýþ Çap;71.468;[mm]
Dýþ Çap;71.499;[mm]
Dýþ Çap;71.508;[mm]
Dýþ Çap;71.394;[mm]
Dýþ Çap;71.374;[mm]
Dýþ Çap;71.433;[mm]
Dýþ Çap;71.453;[mm]
Dýþ Çap;71.500;[mm]
Dýþ Çap;71.427;[mm]
Dýþ Çap;71.458;[mm]
Dýþ Çap;71.491;[mm]
Dýþ Çap;71.507;[mm]
Dýþ Çap;71.404;[mm]
Dýþ Çap;71.475;[mm]
Dýþ Çap;71.474;[mm]
Dýþ Çap;71.463;[mm]
Dýþ Çap;71.519;[mm]
Dýþ Çap;71.510;[mm]
Dýþ Çap;71.456;[mm]
Dýþ Çap;71.400;[mm]
Dýþ Çap;71.352;[mm]
Dýþ Çap;71.453;[mm]
Dýþ Çap;71.454;[mm]
Dýþ Çap;71.434;[mm]
Dýþ Çap;71.453;[mm]
Dýþ Çap;71.486;[mm]
Dýþ Çap;71.521;[mm]
Dýþ Çap;71.508;[mm]
Dýþ Çap;71.439;[mm]
Dýþ Çap;71.386;[mm]
Dýþ Çap;71.430;[mm]
Dýþ Çap;71.508;[mm]
Dýþ Çap;71.482;[mm]
Dýþ Çap;71.431;[mm]
Dýþ Çap;71.402;[mm]
Dýþ Çap;71.452;[mm]
Dýþ Çap;71.505;[mm]
Dýþ Çap;71.419;[mm]
Dýþ Çap;71.383;[mm]
Dýþ Çap;71.460;[mm]
Dýþ Çap;71.439;[mm]
Dýþ Çap;71.486;[mm]
Dýþ Çap;71.559;[mm]
Dýþ Çap;71.512;[mm]
Dýþ Çap;71.387;[mm]
Dýþ Çap;71.487;[mm]
Dýþ Çap;71.448;[mm]
Dýþ Çap;71.444;[mm]
Dýþ Çap;71.437;[mm]
Dýþ Çap;71.478;[mm]
Dýþ Çap;71.350;[mm]
Dýþ Çap;71.432;[mm]
Dýþ Çap;71.469;[mm]
Dýþ Çap;71.473;[mm]
Dýþ Çap;71.583;[mm]
Dýþ Çap;71.416;[mm]
Dýþ Çap;71.476;[mm]
Dýþ Çap;71.421;[mm]
Dýþ Çap;71.416;[mm]
Dýþ Çap;71.345;[mm]
Dýþ Çap;71.358;[mm]
Dýþ Çap;71.502;[mm]
Dýþ Çap;71.534;[mm]
Dýþ Çap;71.510;[mm]
Dýþ Çap;71.491;[mm]
Dýþ Çap;71.480;[mm]
Dýþ Çap;71.444;[mm]
Dýþ Çap;71.538;[mm]
Dýþ Çap;71.390;[mm]
Dýþ Çap;71.484;[mm]
Dýþ Çap;71.556;[mm]
Dýþ Çap;71.457;[mm]
Dýþ Çap;71.355;[mm]
Dýþ Çap;71.480;[mm]
Dýþ Çap;71.327;[mm]
Dýþ Çap;71.390;[mm]
Dýþ Çap;71.409;[mm]
Dýþ Çap;71.474;[mm]
Dýþ Çap;71.495;[mm]
Dýþ Çap;71.365;[mm]
Dýþ Çap;71.510;[mm]
Dýþ Çap;71.386;[mm]
Dýþ Çap;71.411;[mm]
Dýþ Çap;71.481;[mm]
Dýþ Çap;71.476;[mm]
Dýþ Çap;71.420;[mm]
Dýþ Çap;71.345;[mm]
Dýþ Çap;71.360;[mm]
Dýþ Çap;71.388;[mm]
Dýþ Çap;71.492;[mm]
Dýþ Çap;71.444;[mm]
Dýþ Çap;71.356;[mm]
Dýþ Çap;71.378;[mm]
Dýþ Çap;71.555;[mm]
Dýþ Çap;71.473;[mm]
Dýþ Çap;71.366;[mm]
Dýþ Çap;71.446;[mm]
Dýþ Çap;71.465;[mm]
Dýþ Çap;71.417;[mm]
Dýþ Çap;71.366;[mm]
Dýþ Çap;71.383;[mm]
Dýþ Çap;71.458;[mm]
Dýþ Çap;71.412;[mm]
Dýþ Çap;71.499;[mm]
Dýþ Çap;71.353;[mm]
Dýþ Çap;71.466;[mm]
Dýþ Çap;71.414;[mm]
Dýþ Çap;71.505;[mm]
Dýþ Çap;71.473;[mm]
Dýþ Çap;71.421;[mm]
Dýþ Çap;71.425;[mm]
Dýþ Çap;71.459;[mm]
Dýþ Çap;71.507;[mm]
Dýþ Çap;71.474;[mm]
Dýþ Çap;71.446;[mm]
Dýþ Çap;71.421;[mm]
Dýþ Çap;71.452;[mm]
Dýþ Çap;71.458;[mm]
Dýþ Çap;71.358;[mm]
Dýþ Çap;71.487;[mm]
Dýþ Çap;71.497;[mm]
Dýþ Çap;71.491;[mm]
Dýþ Çap;71.524;[mm]
Dýþ Çap;71.361;[mm]
Dýþ Çap;71.459;[mm]
Dýþ Çap;71.452;[mm]
Dýþ Çap;71.394;[mm]
Dýþ Çap;71.457;[mm]
Dýþ Çap;71.365;[mm]
Dýþ Çap;71.488;[mm]
Dýþ Çap;71.466;[mm]
Dýþ Çap;71.451;[mm]
Dýþ Çap;71.516;[mm]
Dýþ Çap;71.448;[mm]
Dýþ Çap;71.452;[mm]
Dýþ Çap;71.445;[mm]
Dýþ Çap;71.536;[mm]
Dýþ Çap;71.493;[mm]
Dýþ Çap;71.439;[mm]
Dýþ Çap;71.419;[mm]
Dýþ Çap;71.469;[mm]
Dýþ Çap;71.469;[mm]
Dýþ Çap;71.508;[mm]
Dýþ Çap;71.444;[mm]
Dýþ Çap;71.450;[mm]
Dýþ Çap;71.446;[mm]
Dýþ Çap;71.521;[mm]
Dýþ Çap;71.417;[mm]
Dýþ Çap;71.461;[mm]
Dýþ Çap;71.401;[mm]
Dýþ Çap;71.457;[mm]
Dýþ Çap;71.518;[mm]
Dýþ Çap;71.500;[mm]
Dýþ Çap;71.425;[mm]
Dýþ Çap;71.498;[mm]
Dýþ Çap;71.444;[mm]
Dýþ Çap;71.372;[mm]
Dýþ Çap;71.429;[mm]
Dýþ Çap;71.485;[mm]
Dýþ Çap;71.450;[mm]
Dýþ Çap;71.388;[mm]
Dýþ Çap;71.479;[mm]
Dýþ Çap;71.472;[mm]
Dýþ Çap;71.512;[mm]
Dýþ Çap;71.494;[mm]
Dýþ Çap;71.396;[mm]
Dýþ Çap;71.411;[mm]
Dýþ Çap;71.382;[mm]
Dýþ Çap;71.448;[mm]
Dýþ Çap;71.583;[mm]
Dýþ Çap;71.448;[mm]
Dýþ Çap;71.482;[mm]
Dýþ Çap;71.443;[mm]
Dýþ Çap;71.497;[mm]
Dýþ Çap;71.371;[mm]
Dýþ Çap;71.508;[mm]
Dýþ Çap;71.454;[mm]
Dýþ Çap;71.450;[mm]
Dýþ Çap;71.386;[mm]
Dýþ Çap;71.429;[mm]
Dýþ Çap;71.511;[mm]
Dýþ Çap;71.480;[mm]
Dýþ Çap;71.489;[mm]
Dýþ Çap; ; 
Dýþ Çap;71.428;[mm]
Dýþ Çap;71.522;[mm]
Dýþ Çap;71.477;[mm]
Dýþ Çap;71.473;[mm]
Dýþ Çap;71.434;[mm]
Dýþ Çap;71.513;[mm]
Dýþ Çap;71.465;[mm]
Dýþ Çap;71.358;[mm]
Dýþ Çap;71.360;[mm]
Dýþ Çap;71.499;[mm]
Dýþ Çap;71.486;[mm]
Dýþ Çap;71.517;[mm]
Dýþ Çap;71.462;[mm]
Dýþ Çap;71.491;[mm]
Dýþ Çap;71.520;[mm]
Dýþ Çap;71.481;[mm]
Dýþ Çap;71.440;[mm]
Dýþ Çap;71.466;[mm]
Dýþ Çap;71.433;[mm]
Dýþ Çap;71.429;[mm]
Dýþ Çap;71.512;[mm]
Dýþ Çap;71.409;[mm]
Dýþ Çap;71.341;[mm]
Dýþ Çap;71.372;[mm]
Dýþ Çap;71.463;[mm]
Dýþ Çap;71.477;[mm]
Dýþ Çap;71.475;[mm]
Dýþ Çap;71.431;[mm]
Dýþ Çap;71.354;[mm]
Dýþ Çap;71.467;[mm]
Dýþ Çap;71.504;[mm]
Dýþ Çap;71.419;[mm]
Dýþ Çap;71.395;[mm]
Dýþ Çap;71.392;[mm]
Dýþ Çap;71.382;[mm]
Dýþ Çap;71.401;[mm]
Dýþ Çap;71.466;[mm]
Dýþ Çap;71.454;[mm]
Dýþ Çap;71.459;[mm]
Dýþ Çap;71.368;[mm]
Dýþ Çap;71.392;[mm]
Dýþ Çap;71.373;[mm]
Dýþ Çap;71.358;[mm]
Dýþ Çap;71.572;[mm]
Dýþ Çap;71.526;[mm]
Dýþ Çap;71.435;[mm]
Dýþ Çap;71.488;[mm]
Dýþ Çap;71.514;[mm]
Dýþ Çap;71.431;[mm]
Dýþ Çap;71.518;[mm]
Dýþ Çap;71.429;[mm]
Dýþ Çap;71.558;[mm]
Dýþ Çap;71.433;[mm]
Dýþ Çap;71.366;[mm]
Dýþ Çap;71.476;[mm]
Dýþ Çap;71.402;[mm]
Dýþ Çap;71.449;[mm]
Dýþ Çap;71.438;[mm]
Dýþ Çap;71.397;[mm]
Dýþ Çap;71.437;[mm]
Dýþ Çap;71.499;[mm]
Dýþ Çap;71.349;[mm]
Dýþ Çap;71.454;[mm]
Dýþ Çap;71.389;[mm]
Dýþ Çap;71.413;[mm]
Dýþ Çap;71.456;[mm]
Dýþ Çap;71.448;[mm]
Dýþ Çap;71.432;[mm]
Dýþ Çap;71.508;[mm]
Dýþ Çap;71.402;[mm]
Dýþ Çap;71.560;[mm]
Dýþ Çap;71.458;[mm]
Dýþ Çap;71.424;[mm]
Dýþ Çap;71.451;[mm]
Dýþ Çap;71.492;[mm]
Dýþ Çap;71.366;[mm]
Dýþ Çap;71.497;[mm]
Dýþ Çap;71.501;[mm]
Dýþ Çap;71.434;[mm]
Dýþ Çap;71.455;[mm]
Dýþ Çap;71.414;[mm]
Dýþ Çap;71.310;[mm]
Dýþ Çap;71.373;[mm]
Dýþ Çap;71.506;[mm]
Dýþ Çap;71.428;[mm]
Dýþ Çap;71.478;[mm]
Dýþ Çap;71.389;[mm]
Dýþ Çap;71.526;[mm]
Dýþ Çap;71.522;[mm]
Dýþ Çap;71.528;[mm]
Dýþ Çap;71.298;[mm]
Dýþ Çap;71.429;[mm]
Dýþ Çap;71.402;[mm]
Dýþ Çap;71.413;[mm]
Dýþ Çap;71.448;[mm]
Dýþ Çap;71.372;[mm]
Dýþ Çap;71.497;[mm]
Dýþ Çap;71.361;[mm]
Dýþ Çap;71.441;[mm]
Dýþ Çap;71.490;[mm]
Dýþ Çap;71.389;[mm]
Dýþ Çap;71.459;[mm]
Dýþ Çap;71.406;[mm]
Dýþ Çap;71.396;[mm]
Dýþ Çap;71.466;[mm]
Dýþ Çap;71.475;[mm]
Dýþ Çap;71.429;[mm]
Dýþ Çap;71.417;[mm]
Dýþ Çap;71.483;[mm]
Dýþ Çap;71.487;[mm]
Dýþ Çap;71.488;[mm]
Dýþ Çap;71.496;[mm]
Dýþ Çap;71.444;[mm]
Dýþ Çap;71.471;[mm]
Dýþ Çap;71.456;[mm]
Dýþ Çap;71.422;[mm]
Dýþ Çap;71.459;[mm]
Dýþ Çap;71.498;[mm]
Dýþ Çap;71.434;[mm]
Dýþ Çap;71.383;[mm]
Dýþ Çap;71.426;[mm]
Dýþ Çap;71.395;[mm]
Dýþ Çap;71.466;[mm]
Dýþ Çap;71.460;[mm]
Dýþ Çap;71.367;[mm]
Dýþ Çap;71.504;[mm]
Dýþ Çap;71.493;[mm]
Dýþ Çap;71.529;[mm]
Dýþ Çap;71.402;[mm]
Dýþ Çap;71.338;[mm]
Dýþ Çap;71.377;[mm]
Dýþ Çap;71.530;[mm]
Dýþ Çap;71.425;[mm]
Dýþ Çap;71.491;[mm]
Dýþ Çap;71.461;[mm]
Dýþ Çap;71.466;[mm]
Dýþ Çap;71.500;[mm]
Dýþ Çap;71.509;[mm]
Dýþ Çap;71.369;[mm]
Dýþ Çap;71.458;[mm]
Dýþ Çap;71.448;[mm]
Dýþ Çap;71.445;[mm]
Dýþ Çap;71.395;[mm]
Dýþ Çap;71.456;[mm]
Dýþ Çap;71.398;[mm]
Dýþ Çap;71.411;[mm]
Dýþ Çap;71.441;[mm]
Dýþ Çap;71.470;[mm]
Dýþ Çap;71.469;[mm]
Dýþ Çap;71.494;[mm]
Dýþ Çap;71.423;[mm]
Dýþ Çap;71.519;[mm]
Dýþ Çap;71.355;[mm]
Dýþ Çap;71.441;[mm]
Dýþ Çap;71.513;[mm]
Dýþ Çap;71.501;[mm]
Dýþ Çap;71.489;[mm]
Dýþ Çap;71.470;[mm]
Dýþ Çap;71.425;[mm]
Dýþ Çap;71.314;[mm]
Dýþ Çap;71.506;[mm]
Dýþ Çap;71.434;[mm]
Dýþ Çap;71.470;[mm]
Dýþ Çap;71.422;[mm]
Dýþ Çap;71.428;[mm]
Dýþ Çap;71.387;[mm]
Dýþ Çap;71.539;[mm]
Dýþ Çap;71.474;[mm]
Dýþ Çap;71.494;[mm]
Dýþ Çap;71.508;[mm]
Dýþ Çap;71.403;[mm]
Dýþ Çap;71.412;[mm]
Dýþ Çap;71.494;[mm]
Dýþ Çap;71.426;[mm]
Dýþ Çap;71.375;[mm]
Dýþ Çap;71.425;[mm]
Dýþ Çap;71.333;[mm]
Dýþ Çap;71.542;[mm]
Dýþ Çap;71.501;[mm]
Dýþ Çap;71.415;[mm]
Dýþ Çap;71.422;[mm]
Dýþ Çap;71.464;[mm]
Dýþ Çap;71.479;[mm]
Dýþ Çap;71.478;[mm]
Dýþ Çap;71.398;[mm]
Dýþ Çap;71.330;[mm]
Dýþ Çap;71.433;[mm]
Dýþ Çap;71.457;[mm]
Dýþ Çap;71.449;[mm]
Dýþ Çap;71.470;[mm]
Dýþ Çap;71.398;[mm]
Dýþ Çap;71.440;[mm]
Dýþ Çap;71.371;[mm]
Dýþ Çap;71.382;[mm]
Dýþ Çap;71.488;[mm]
Dýþ Çap;71.501;[mm]
Dýþ Çap;71.402;[mm]
Dýþ Çap;71.477;[mm]
Dýþ Çap;71.448;[mm]
Dýþ Çap;71.426;[mm]
Dýþ Çap;71.406;[mm]
Dýþ Çap;71.521;[mm]
Dýþ Çap;71.516;[mm]
Dýþ Çap;71.529;[mm]
Dýþ Çap;71.423;[mm]
Dýþ Çap;71.442;[mm]
Dýþ Çap;71.519;[mm]
Dýþ Çap;71.440;[mm]
Dýþ Çap;71.506;[mm]
Dýþ Çap;71.421;[mm]
Dýþ Çap;71.418;[mm]
Dýþ Çap;71.454;[mm]
Dýþ Çap;71.522;[mm]
Dýþ Çap;71.481;[mm]
Dýþ Çap;71.493;[mm]
Dýþ Çap;71.475;[mm]
Dýþ Çap;71.454;[mm]
Dýþ Çap;71.344;[mm]
Dýþ Çap;71.429;[mm]
Dýþ Çap;71.432;[mm]
Dýþ Çap;71.388;[mm]
Dýþ Çap;71.466;[mm]
Dýþ Çap;71.513;[mm]
Dýþ Çap;71.514;[mm]
Dýþ Çap;71.526;[mm]
Dýþ Çap;71.553;[mm]
Dýþ Çap;71.418;[mm]
Dýþ Çap;71.425;[mm]
Dýþ Çap;71.460;[mm]
Dýþ Çap;71.537;[mm]
Dýþ Çap;71.415;[mm]
Dýþ Çap;71.476;[mm]
Dýþ Çap;71.461;[mm]
Dýþ Çap;71.428;[mm]
Dýþ Çap;71.491;[mm]
Dýþ Çap;71.377;[mm]
Dýþ Çap;71.490;[mm]
Dýþ Çap;71.462;[mm]
Dýþ Çap;71.394;[mm]
Dýþ Çap;71.414;[mm]
Dýþ Çap;71.467;[mm]
Dýþ Çap;71.438;[mm]
Dýþ Çap;71.386;[mm]
Dýþ Çap;71.483;[mm]
Dýþ Çap;71.405;[mm]
Dýþ Çap;71.488;[mm]
Dýþ Çap;71.474;[mm]
Dýþ Çap;71.609;[mm]
Dýþ Çap;71.410;[mm]
Dýþ Çap;71.478;[mm]
Dýþ Çap;71.554;[mm]
Dýþ Çap;71.409;[mm]
Dýþ Çap;71.441;[mm]
Dýþ Çap;71.516;[mm]
Dýþ Çap;71.537;[mm]
Dýþ Çap;71.504;[mm]
Dýþ Çap;71.429;[mm]
Dýþ Çap;71.513;[mm]
Dýþ Çap;71.517;[mm]
Dýþ Çap;71.287;[mm]
Dýþ Çap;71.413;[mm]
Dýþ Çap;71.277;[mm]
Dýþ Çap;71.340;[mm]
Dýþ Çap;71.456;[mm]
Dýþ Çap;71.502;[mm]
Dýþ Çap;71.449;[mm]
Dýþ Çap;71.472;[mm]
Dýþ Çap;71.525;[mm]
Dýþ Çap;71.460;[mm]
Dýþ Çap;71.479;[mm]
Dýþ Çap;71.536;[mm]
Dýþ Çap;71.559;[mm]
Dýþ Çap;71.518;[mm]
Dýþ Çap;71.376;[mm]
Dýþ Çap;71.474;[mm]
Dýþ Çap;71.538;[mm]
Dýþ Çap;71.389;[mm]
Dýþ Çap;71.431;[mm]
Dýþ Çap;71.488;[mm]
Dýþ Çap;71.465;[mm]
Dýþ Çap;71.470;[mm]
Dýþ Çap;71.497;[mm]
Dýþ Çap;71.446;[mm]
Dýþ Çap;71.429;[mm]
Dýþ Çap;71.483;[mm]
Dýþ Çap;71.451;[mm]
Dýþ Çap;71.423;[mm]
Dýþ Çap;71.452;[mm]
Dýþ Çap;71.451;[mm]
Dýþ Çap;71.533;[mm]
Dýþ Çap;71.401;[mm]
Dýþ Çap;71.549;[mm]
Dýþ Çap;71.470;[mm]
Dýþ Çap;71.498;[mm]
Dýþ Çap;71.381;[mm]
Dýþ Çap;71.447;[mm]
Dýþ Çap;71.418;[mm]
Dýþ Çap;71.484;[mm]
Dýþ Çap;71.373;[mm]
Dýþ Çap;71.502;[mm]
Dýþ Çap;71.484;[mm]
Dýþ Çap;71.526;[mm]
Dýþ Çap;71.527;[mm]
Dýþ Çap;71.402;[mm]
Dýþ Çap;71.456;[mm]
Dýþ Çap;71.391;[mm]
Dýþ Çap;71.476;[mm]
Dýþ Çap;71.433;[mm]
Dýþ Çap;71.392;[mm]
Dýþ Çap;71.516;[mm]
Dýþ Çap;71.460;[mm]
Dýþ Çap;71.458;[mm]
Dýþ Çap;71.409;[mm]
Dýþ Çap;71.471;[mm]
Dýþ Çap;71.462;[mm]
Dýþ Çap;71.519;[mm]
Dýþ Çap;71.388;[mm]
Dýþ Çap;71.515;[mm]
Dýþ Çap;71.495;[mm]
Dýþ Çap;71.433;[mm]
Dýþ Çap;71.400;[mm]
Dýþ Çap;71.523;[mm]
Dýþ Çap;71.424;[mm]
Dýþ Çap;71.413;[mm]
Dýþ Çap;71.528;[mm]
Dýþ Çap;71.492;[mm]
Dýþ Çap;71.452;[mm]
Dýþ Çap;71.387;[mm]
Dýþ Çap;71.481;[mm]
Dýþ Çap;71.448;[mm]
Dýþ Çap;71.390;[mm]
Dýþ Çap;71.363;[mm]
Dýþ Çap;71.456;[mm]
Dýþ Çap;71.462;[mm]
Dýþ Çap;71.508;[mm]
Dýþ Çap;71.365;[mm]
Dýþ Çap;71.373;[mm]
Dýþ Çap;71.449;[mm]
Dýþ Çap;71.345;[mm]
Dýþ Çap;71.374;[mm]
Dýþ Çap;71.554;[mm]
Dýþ Çap;71.506;[mm]
Dýþ Çap;71.407;[mm]
Dýþ Çap;71.612;[mm]
Dýþ Çap;71.482;[mm]
Dýþ Çap;71.502;[mm]
Dýþ Çap;71.378;[mm]
Dýþ Çap;71.371;[mm]
Dýþ Çap;71.450;[mm]
Dýþ Çap;71.472;[mm]
Dýþ Çap;71.520;[mm]
Dýþ Çap;71.484;[mm]
Dýþ Çap;71.491;[mm]
Dýþ Çap;71.356;[mm]
Dýþ Çap;71.468;[mm]
Dýþ Çap;71.368;[mm]
Dýþ Çap;71.560;[mm]
Dýþ Çap;71.506;[mm]
Dýþ Çap;71.397;[mm]
Dýþ Çap;71.360;[mm]
Dýþ Çap;71.414;[mm]
Dýþ Çap;71.510;[mm]
Dýþ Çap;71.446;[mm]
Dýþ Çap;71.447;[mm]
Dýþ Çap;71.469;[mm]
Dýþ Çap;71.460;[mm]
Dýþ Çap;71.407;[mm]
Dýþ Çap;71.461;[mm]
Dýþ Çap;71.361;[mm]
Dýþ Çap;71.582;[mm]
Dýþ Çap;71.445;[mm]
Dýþ Çap;71.484;[mm]
Dýþ Çap;71.405;[mm]
Dýþ Çap;71.373;[mm]
Dýþ Çap;71.456;[mm]
Dýþ Çap;71.466;[mm]
Dýþ Çap;71.436;[mm]
Dýþ Çap;71.242;[mm]
Dýþ Çap;71.409;[mm]
Dýþ Çap;71.503;[mm]
Dýþ Çap;71.331;[mm]
Dýþ Çap;71.441;[mm]
Dýþ Çap;71.476;[mm]
Dýþ Çap;71.446;[mm]
Dýþ Çap;71.430;[mm]
Dýþ Çap;71.459;[mm]
Dýþ Çap;71.456;[mm]
Dýþ Çap;71.540;[mm]
Dýþ Çap;71.410;[mm]
Dýþ Çap;71.422;[mm]
Dýþ Çap;71.412;[mm]
Dýþ Çap;71.461;[mm]
Dýþ Çap;71.411;[mm]
Dýþ Çap;71.410;[mm]
Dýþ Çap;71.515;[mm]
Dýþ Çap;71.428;[mm]
Dýþ Çap;71.497;[mm]
Dýþ Çap;71.458;[mm]
Dýþ Çap;71.459;[mm]
Dýþ Çap;71.459;[mm]
Dýþ Çap;71.477;[mm]
Dýþ Çap;71.483;[mm]
Dýþ Çap;71.504;[mm]
Dýþ Çap;71.392;[mm]
Dýþ Çap;71.513;[mm]
Dýþ Çap;71.470;[mm]
Dýþ Çap;71.475;[mm]
Dýþ Çap;71.485;[mm]
Dýþ Çap;71.516;[mm]
Dýþ Çap;71.462;[mm]
Dýþ Çap;71.419;[mm]
Dýþ Çap;71.483;[mm]
Dýþ Çap;71.483;[mm]
Dýþ Çap;71.341;[mm]
Dýþ Çap;71.609;[mm]
Dýþ Çap;71.471;[mm]
Dýþ Çap;71.377;[mm]
Dýþ Çap;71.482;[mm]
Dýþ Çap;71.427;[mm]
Dýþ Çap;71.447;[mm]
Dýþ Çap;71.387;[mm]
Dýþ Çap;71.428;[mm]
Dýþ Çap;71.431;[mm]
Dýþ Çap;71.467;[mm]
Dýþ Çap;71.465;[mm]
Dýþ Çap;71.428;[mm]
Dýþ Çap;71.462;[mm]
Dýþ Çap;71.413;[mm]
Dýþ Çap;71.438;[mm]
Dýþ Çap;71.451;[mm]
Dýþ Çap;71.505;[mm]
Dýþ Çap;71.449;[mm]
Dýþ Çap;71.560;[mm]
Dýþ Çap;71.364;[mm]
Dýþ Çap;71.502;[mm]
Dýþ Çap;71.444;[mm]
Dýþ Çap;71.404;[mm]
Dýþ Çap;71.371;[mm]
Dýþ Çap;71.536;[mm]
Dýþ Çap;71.394;[mm]
Dýþ Çap;71.442;[mm]
Dýþ Çap;71.429;[mm]
Dýþ Çap;71.437;[mm]
Dýþ Çap;71.432;[mm]
Dýþ Çap;71.425;[mm]
Dýþ Çap;71.426;[mm]
Dýþ Çap;71.484;[mm]
Dýþ Çap;71.441;[mm]
Dýþ Çap;71.393;[mm]
Dýþ Çap;71.448;[mm]
Dýþ Çap;71.421;[mm]
Dýþ Çap;71.363;[mm]
Dýþ Çap;71.458;[mm]
Dýþ Çap;71.489;[mm]
Dýþ Çap;71.389;[mm]
Dýþ Çap;71.499;[mm]
Dýþ Çap;71.378;[mm]
Dýþ Çap;71.497;[mm]
Dýþ Çap;71.438;[mm]
Dýþ Çap;71.515;[mm]
Dýþ Çap;71.518;[mm]
Dýþ Çap;71.522;[mm]
Dýþ Çap;71.428;[mm]
Dýþ Çap;71.466;[mm]
Dýþ Çap;71.414;[mm]
Dýþ Çap;71.437;[mm]
Dýþ Çap;71.542;[mm]
Dýþ Çap;71.453;[mm]
Dýþ Çap;71.407;[mm]
Dýþ Çap;71.479;[mm]
Dýþ Çap;71.554;[mm]
Dýþ Çap;71.432;[mm]
Dýþ Çap;71.271;[mm]
Dýþ Çap;71.486;[mm]
Dýþ Çap;71.484;[mm]
Dýþ Çap;71.396;[mm]
Dýþ Çap;71.401;[mm]
Dýþ Çap;71.449;[mm]
Dýþ Çap;71.473;[mm]
Dýþ Çap;71.408;[mm]
Dýþ Çap;71.401;[mm]
Dýþ Çap;71.587;[mm]
Dýþ Çap;71.512;[mm]
Dýþ Çap;71.384;[mm]
Dýþ Çap;71.533;[mm]
Dýþ Çap;71.424;[mm]
Dýþ Çap;71.500;[mm]
Dýþ Çap;71.480;[mm]
Dýþ Çap;71.429;[mm]
Dýþ Çap;71.429;[mm]
Dýþ Çap;71.400;[mm]
Dýþ Çap;71.575;[mm]
Dýþ Çap;71.479;[mm]
Dýþ Çap;71.288;[mm]
Dýþ Çap;71.554;[mm]
Dýþ Çap;71.519;[mm]
Dýþ Çap;71.540;[mm]
Dýþ Çap;71.537;[mm]
Dýþ Çap;71.441;[mm]
Dýþ Çap;71.491;[mm]
Dýþ Çap;71.389;[mm]
Dýþ Çap;71.362;[mm]
Dýþ Çap;71.469;[mm]
Dýþ Çap;71.524;[mm]
Dýþ Çap;71.450;[mm]
Dýþ Çap;71.521;[mm]
Dýþ Çap;71.433;[mm]
Dýþ Çap;71.499;[mm]
Dýþ Çap;71.383;[mm]
Dýþ Çap;71.523;[mm]
Dýþ Çap;71.477;[mm]
Dýþ Çap;71.391;[mm]
Dýþ Çap;71.458;[mm]
Dýþ Çap;71.374;[mm]
Dýþ Çap;71.415;[mm]
Dýþ Çap;71.429;[mm]
Dýþ Çap;71.492;[mm]
Dýþ Çap;71.502;[mm]
Dýþ Çap;71.384;[mm]
Dýþ Çap;71.361;[mm]
Dýþ Çap;71.479;[mm]
Dýþ Çap;71.506;[mm]
Dýþ Çap;71.468;[mm]
Dýþ Çap;71.554;[mm]
Dýþ Çap;71.500;[mm]
Dýþ Çap;71.427;[mm]
Dýþ Çap;71.570;[mm]
Dýþ Çap;71.352;[mm]
Dýþ Çap;71.423;[mm]
Dýþ Çap;71.438;[mm]
Dýþ Çap;71.520;[mm]
Dýþ Çap;71.523;[mm]
Dýþ Çap;71.482;[mm]
Dýþ Çap;71.477;[mm]
Dýþ Çap;71.464;[mm]
Dýþ Çap;71.388;[mm]
Dýþ Çap;71.527;[mm]
Dýþ Çap;71.360;[mm]
Dýþ Çap;71.475;[mm]
Dýþ Çap;71.379;[mm]
Dýþ Çap;71.432;[mm]
Dýþ Çap;71.484;[mm]
Dýþ Çap;71.384;[mm]
Dýþ Çap;71.388;[mm]
Dýþ Çap;71.505;[mm]
Dýþ Çap;71.489;[mm]
Dýþ Çap;71.467;[mm]
Dýþ Çap;71.489;[mm]
Dýþ Çap;71.467;[mm]
Dýþ Çap;71.379;[mm]
Dýþ Çap;71.392;[mm]
Dýþ Çap;71.351;[mm]
Dýþ Çap;71.571;[mm]
Dýþ Çap;71.389;[mm]
Dýþ Çap;71.481;[mm]
Dýþ Çap;71.482;[mm]
Dýþ Çap;71.463;[mm]
Dýþ Çap;71.469;[mm]
Dýþ Çap;71.352;[mm]
Dýþ Çap;71.410;[mm]
Dýþ Çap;71.473;[mm]
Dýþ Çap;71.463;[mm]
Dýþ Çap;71.511;[mm]
Dýþ Çap;71.470;[mm]
Dýþ Çap;71.437;[mm]
Dýþ Çap;71.387;[mm]
Dýþ Çap;71.531;[mm]
Dýþ Çap;71.569;[mm]
Dýþ Çap;71.452;[mm]
Dýþ Çap;71.470;[mm]
Dýþ Çap;71.507;[mm]
Dýþ Çap;71.334;[mm]
Dýþ Çap;71.484;[mm]
Dýþ Çap;71.469;[mm]
Dýþ Çap;71.478;[mm]
Dýþ Çap;71.433;[mm]
Dýþ Çap;71.435;[mm]
Dýþ Çap;71.525;[mm]
Dýþ Çap;71.499;[mm]
Dýþ Çap;71.419;[mm]
Dýþ Çap;71.472;[mm]
Dýþ Çap;71.531;[mm]
Dýþ Çap;71.445;[mm]
Dýþ Çap;71.455;[mm]
Dýþ Çap;71.254;[mm]
Dýþ Çap;71.438;[mm]
Dýþ Çap;71.469;[mm]
Dýþ Çap;71.455;[mm]
Dýþ Çap;71.483;[mm]
Dýþ Çap;71.491;[mm]
Dýþ Çap;71.427;[mm]
Dýþ Çap;71.461;[mm]
Dýþ Çap;71.498;[mm]
Dýþ Çap;71.356;[mm]
Dýþ Çap;71.423;[mm]
Dýþ Çap;71.469;[mm]
Dýþ Çap;71.505;[mm]
Dýþ Çap;71.460;[mm]
Dýþ Çap;71.378;[mm]
Dýþ Çap;71.299;[mm]
Dýþ Çap;71.434;[mm]
Dýþ Çap;71.411;[mm]
Dýþ Çap;71.438;[mm]
Dýþ Çap;71.451;[mm]
Dýþ Çap;71.464;[mm]
Dýþ Çap;71.489;[mm]
Dýþ Çap;71.460;[mm]
Dýþ Çap;71.414;[mm]
Dýþ Çap;71.557;[mm]
Dýþ Çap;71.463;[mm]
Dýþ Çap;71.449;[mm]
Dýþ Çap;71.492;[mm]
Dýþ Çap;71.469;[mm]
Dýþ Çap;71.321;[mm]
Dýþ Çap;71.467;[mm]
Dýþ Çap;71.413;[mm]
Dýþ Çap;71.404;[mm]
Dýþ Çap;71.404;[mm]
Dýþ Çap;71.452;[mm]
Dýþ Çap;71.463;[mm]
Dýþ Çap;71.497;[mm]
Dýþ Çap;71.424;[mm]
Dýþ Çap;71.404;[mm]
Dýþ Çap;71.343;[mm]
Dýþ Çap;71.514;[mm]
Dýþ Çap;71.526;[mm]
Dýþ Çap;71.370;[mm]
Dýþ Çap;71.494;[mm]
Dýþ Çap;71.484;[mm]
Dýþ Çap;71.471;[mm]
Dýþ Çap;71.462;[mm]
Dýþ Çap;71.498;[mm]
Dýþ Çap;71.418;[mm]
Dýþ Çap;71.464;[mm]
Dýþ Çap;71.485;[mm]
Dýþ Çap;71.493;[mm]
Dýþ Çap;71.439;[mm]
Dýþ Çap;71.371;[mm]
Dýþ Çap;71.436;[mm]
Dýþ Çap;71.447;[mm]
Dýþ Çap;71.479;[mm]
Dýþ Çap;71.496;[mm]
Dýþ Çap;71.472;[mm]
Dýþ Çap;71.464;[mm]
Dýþ Çap;71.486;[mm]
Dýþ Çap;71.408;[mm]
Dýþ Çap;71.507;[mm]
Dýþ Çap;71.363;[mm]
Dýþ Çap;71.478;[mm]
Dýþ Çap;71.438;[mm]
Dýþ Çap;71.469;[mm]
Dýþ Çap;71.455;[mm]
Dýþ Çap;71.399;[mm]
Dýþ Çap;71.447;[mm]
Dýþ Çap;71.453;[mm]
Dýþ Çap;71.448;[mm]
Dýþ Çap;71.572;[mm]
Dýþ Çap;71.414;[mm]
Dýþ Çap;71.489;[mm]
Dýþ Çap;71.523;[mm]
Dýþ Çap;71.492;[mm]
Dýþ Çap;71.358;[mm]
Dýþ Çap;71.429;[mm]
Dýþ Çap;71.427;[mm]
Dýþ Çap;71.490;[mm]
Dýþ Çap;71.401;[mm]
Dýþ Çap;71.569;[mm]
Dýþ Çap;71.412;[mm]
Dýþ Çap;71.344;[mm]
Dýþ Çap;71.423;[mm]
Dýþ Çap;71.397;[mm]
Dýþ Çap;71.458;[mm]
Dýþ Çap;71.512;[mm]
Dýþ Çap;71.419;[mm]
Dýþ Çap;71.448;[mm]
Dýþ Çap;71.372;[mm]
Dýþ Çap;71.416;[mm]
Dýþ Çap;71.483;[mm]
Dýþ Çap;71.501;[mm]
Dýþ Çap;71.449;[mm]
Dýþ Çap;72.112;[mm]
Dýþ Çap;71.420;[mm]
Dýþ Çap;71.571;[mm]
Dýþ Çap;71.539;[mm]
Dýþ Çap;71.461;[mm]
Dýþ Çap;71.521;[mm]
Dýþ Çap;71.452;[mm]
Dýþ Çap;71.540;[mm]
Dýþ Çap;71.416;[mm]
Dýþ Çap;71.390;[mm]
Dýþ Çap;71.499;[mm]
Dýþ Çap;71.473;[mm]
Dýþ Çap;71.376;[mm]
Dýþ Çap;71.477;[mm]
Dýþ Çap;71.427;[mm]
Dýþ Çap;71.462;[mm]
Dýþ Çap;71.551;[mm]
Dýþ Çap;71.527;[mm]
Dýþ Çap;71.324;[mm]
Dýþ Çap;71.464;[mm]
Dýþ Çap;71.278;[mm]
Dýþ Çap;71.413;[mm]
Dýþ Çap;71.517;[mm]
Dýþ Çap;71.374;[mm]
Dýþ Çap;71.406;[mm]
Dýþ Çap;71.489;[mm]
Dýþ Çap;71.391;[mm]
Dýþ Çap;71.450;[mm]
Dýþ Çap;71.417;[mm]
Dýþ Çap;71.460;[mm]
Dýþ Çap;71.488;[mm]
Dýþ Çap;71.380;[mm]
Dýþ Çap;71.399;[mm]
Dýþ Çap;71.514;[mm]
Dýþ Çap;71.437;[mm]
Dýþ Çap;71.545;[mm]
Dýþ Çap;71.520;[mm]
Dýþ Çap;71.413;[mm]
Dýþ Çap;71.445;[mm]
Dýþ Çap;71.517;[mm]
Dýþ Çap;71.188;[mm]
Dýþ Çap;71.390;[mm]
Dýþ Çap;71.543;[mm]
Dýþ Çap;71.459;[mm]
Dýþ Çap;71.503;[mm]
Dýþ Çap;71.437;[mm]
Dýþ Çap;71.432;[mm]
Dýþ Çap;71.464;[mm]
Dýþ Çap;71.464;[mm]
Dýþ Çap;71.361;[mm]
Dýþ Çap;71.406;[mm]
Dýþ Çap;71.480;[mm]
Dýþ Çap;71.478;[mm]
Dýþ Çap;71.496;[mm]
Dýþ Çap;71.544;[mm]
Dýþ Çap;70.689;[mm]
Dýþ Çap;71.407;[mm]
Dýþ Çap;71.445;[mm]
Dýþ Çap;71.444;[mm]
Dýþ Çap;71.470;[mm]
Dýþ Çap;71.536;[mm]
Dýþ Çap;71.412;[mm]
Dýþ Çap;71.342;[mm]
Dýþ Çap;71.452;[mm]
Dýþ Çap;71.566;[mm]
Dýþ Çap;71.530;[mm]
Dýþ Çap;71.448;[mm]
Dýþ Çap;71.381;[mm]
Dýþ Çap;71.403;[mm]
Dýþ Çap;71.488;[mm]
Dýþ Çap;71.505;[mm]
Dýþ Çap;71.418;[mm]
Dýþ Çap;71.397;[mm]
Dýþ Çap;71.471;[mm]
Dýþ Çap;71.432;[mm]
Dýþ Çap;71.375;[mm]
Dýþ Çap;71.478;[mm]
Dýþ Çap;71.398;[mm]
Dýþ Çap;71.427;[mm]
Dýþ Çap;71.420;[mm]
Dýþ Çap;71.486;[mm]
Dýþ Çap;71.555;[mm]
Dýþ Çap;71.359;[mm]
Dýþ Çap;71.402;[mm]
Dýþ Çap;71.456;[mm]
Dýþ Çap;71.403;[mm]
Dýþ Çap;71.443;[mm]
Dýþ Çap;71.478;[mm]
Dýþ Çap;71.447;[mm]
Dýþ Çap;71.533;[mm]
Dýþ Çap;71.369;[mm]
Dýþ Çap;71.399;[mm]
Dýþ Çap;71.536;[mm]
Dýþ Çap;71.439;[mm]
Dýþ Çap;71.524;[mm]
Dýþ Çap;71.511;[mm]
Dýþ Çap;71.430;[mm]
Dýþ Çap;71.513;[mm]
Dýþ Çap;71.343;[mm]
Dýþ Çap;71.397;[mm]
Dýþ Çap;71.409;[mm]
Dýþ Çap;71.488;[mm]
Dýþ Çap;71.437;[mm]
Dýþ Çap;71.477;[mm]
Dýþ Çap;71.480;[mm]
Dýþ Çap;71.462;[mm]
Dýþ Çap;71.397;[mm]
Dýþ Çap;71.503;[mm]
Dýþ Çap;71.375;[mm]
Dýþ Çap;71.507;[mm]
Dýþ Çap;71.288;[mm]
Dýþ Çap;71.469;[mm]
Dýþ Çap;71.469;[mm]
Dýþ Çap;71.477;[mm]
Dýþ Çap;71.459;[mm]
Dýþ Çap;71.461;[mm]
Dýþ Çap;71.506;[mm]
Dýþ Çap;71.407;[mm]
Dýþ Çap;71.444;[mm]
Dýþ Çap;71.460;[mm]
Dýþ Çap;71.511;[mm]
Dýþ Çap;71.355;[mm]
Dýþ Çap;71.438;[mm]
Dýþ Çap;71.411;[mm]
Dýþ Çap;71.516;[mm]
Dýþ Çap;71.503;[mm]
Dýþ Çap;71.472;[mm]
Dýþ Çap;71.422;[mm]
Dýþ Çap;71.470;[mm]
Dýþ Çap;71.415;[mm]
Dýþ Çap;71.427;[mm]
Dýþ Çap;71.462;[mm]
Dýþ Çap;71.464;[mm]
Dýþ Çap;71.400;[mm]
Dýþ Çap;71.457;[mm]
Dýþ Çap;71.537;[mm]
Dýþ Çap;71.509;[mm]
Dýþ Çap;71.323;[mm]
Dýþ Çap;71.445;[mm]
Dýþ Çap;71.528;[mm]
Dýþ Çap;71.473;[mm]
Dýþ Çap;71.405;[mm]
Dýþ Çap;71.558;[mm]
Dýþ Çap;71.384;[mm]
Dýþ Çap;71.477;[mm]
Dýþ Çap;71.450;[mm]
Dýþ Çap;71.372;[mm]
Dýþ Çap;71.475;[mm]
Dýþ Çap;71.458;[mm]
Dýþ Çap;71.350;[mm]
Dýþ Çap;71.380;[mm]
Dýþ Çap;71.415;[mm]
Dýþ Çap;71.443;[mm]
Dýþ Çap;71.412;[mm]
Dýþ Çap;71.344;[mm]
Dýþ Çap;71.409;[mm]
Dýþ Çap;71.494;[mm]
Dýþ Çap;71.497;[mm]
Dýþ Çap;71.508;[mm]
Dýþ Çap;71.472;[mm]
Dýþ Çap;71.365;[mm]
Dýþ Çap;71.484;[mm]
Dýþ Çap;71.584;[mm]
Dýþ Çap;71.518;[mm]
Dýþ Çap;71.424;[mm]
Dýþ Çap;71.440;[mm]
Dýþ Çap;71.568;[mm]
Dýþ Çap;71.453;[mm]
Dýþ Çap;71.422;[mm]
Dýþ Çap;71.503;[mm]
Dýþ Çap;71.281;[mm]
Dýþ Çap;71.498;[mm]
Dýþ Çap;71.403;[mm]
Dýþ Çap;71.421;[mm]
Dýþ Çap;71.442;[mm]
Dýþ Çap;71.438;[mm]
Dýþ Çap;71.345;[mm]
Dýþ Çap;71.353;[mm]
Dýþ Çap;71.512;[mm]
Dýþ Çap;71.417;[mm]
Dýþ Çap;71.370;[mm]
Dýþ Çap;71.357;[mm]
Dýþ Çap;71.528;[mm]
Dýþ Çap;71.381;[mm]
Dýþ Çap;71.465;[mm]
Dýþ Çap;71.521;[mm]
Dýþ Çap;71.437;[mm]
Dýþ Çap;71.450;[mm]
Dýþ Çap;71.473;[mm]
Dýþ Çap;71.403;[mm]
Dýþ Çap;71.466;[mm]
Dýþ Çap;71.426;[mm]
Dýþ Çap;71.324;[mm]
Dýþ Çap;71.452;[mm]
Dýþ Çap;71.352;[mm]
Dýþ Çap;71.435;[mm]
Dýþ Çap;71.461;[mm]
Dýþ Çap;71.574;[mm]
Dýþ Çap;71.450;[mm]
Dýþ Çap;71.408;[mm]
Dýþ Çap;71.381;[mm]
Dýþ Çap;71.351;[mm]
Dýþ Çap;71.509;[mm]
Dýþ Çap;71.385;[mm]
Dýþ Çap;71.431;[mm]
Dýþ Çap;71.438;[mm]
Dýþ Çap;71.360;[mm]
Dýþ Çap;71.477;[mm]
Dýþ Çap;71.456;[mm]
Dýþ Çap;71.498;[mm]
Dýþ Çap;71.445;[mm]
Dýþ Çap;71.306;[mm]
Dýþ Çap;71.397;[mm]
Dýþ Çap;71.499;[mm]
Dýþ Çap;71.486;[mm]
Dýþ Çap;71.397;[mm]
Dýþ Çap;71.464;[mm]
Dýþ Çap;71.365;[mm]
Dýþ Çap;71.372;[mm]
Dýþ Çap;71.400;[mm]
Dýþ Çap;71.418;[mm]
Dýþ Çap;71.443;[mm]
Dýþ Çap;71.364;[mm]
Dýþ Çap;71.499;[mm]
Dýþ Çap;71.391;[mm]
Dýþ Çap;71.468;[mm]
Dýþ Çap;71.357;[mm]
Dýþ Çap;71.479;[mm]
Dýþ Çap;71.395;[mm]
Dýþ Çap;71.414;[mm]
Dýþ Çap;71.448;[mm]
Dýþ Çap;71.395;[mm]
Dýþ Çap;71.458;[mm]
Dýþ Çap;71.509;[mm]
Dýþ Çap;71.409;[mm]
Dýþ Çap;71.351;[mm]
Dýþ Çap;71.441;[mm]
Dýþ Çap;71.313;[mm]
Dýþ Çap;71.457;[mm]
Dýþ Çap;71.333;[mm]
Dýþ Çap;71.333;[mm]
Dýþ Çap;71.468;[mm]
Dýþ Çap;71.471;[mm]
Dýþ Çap;71.423;[mm]
Dýþ Çap;71.488;[mm]
Dýþ Çap;71.488;[mm]
Dýþ Çap;71.334;[mm]
Dýþ Çap;71.335;[mm]
Dýþ Çap;71.475;[mm]
Dýþ Çap;71.440;[mm]
Dýþ Çap;71.428;[mm]
Dýþ Çap;71.409;[mm]
Dýþ Çap;71.363;[mm]
Dýþ Çap;71.478;[mm]
Dýþ Çap;71.447;[mm]
Dýþ Çap;71.449;[mm]
Dýþ Çap;71.417;[mm]
Dýþ Çap; ; 
Dýþ Çap;71.402;[mm]
Dýþ Çap;71.441;[mm]
Dýþ Çap;71.416;[mm]
Dýþ Çap;71.361;[mm]
Dýþ Çap;71.481;[mm]
Dýþ Çap;71.513;[mm]
Dýþ Çap;71.467;[mm]
Dýþ Çap;71.379;[mm]
Dýþ Çap;71.446;[mm]
Dýþ Çap;71.424;[mm]
Dýþ Çap;71.461;[mm]
Dýþ Çap;71.447;[mm]
Dýþ Çap;71.356;[mm]
Dýþ Çap;71.547;[mm]
Dýþ Çap;71.465;[mm]
Dýþ Çap;71.431;[mm]
Dýþ Çap;71.453;[mm]
Dýþ Çap;71.452;[mm]
Dýþ Çap;71.467;[mm]
Dýþ Çap;71.495;[mm]
Dýþ Çap;71.491;[mm]
Dýþ Çap;71.419;[mm]
Dýþ Çap;71.369;[mm]
Dýþ Çap;71.397;[mm]
Dýþ Çap;71.498;[mm]
Dýþ Çap;71.456;[mm]
Dýþ Çap;71.418;[mm]
Dýþ Çap;71.483;[mm]
Dýþ Çap;71.450;[mm]
Dýþ Çap;71.452;[mm]
Dýþ Çap;71.423;[mm]
Dýþ Çap;71.423;[mm]
Dýþ Çap;71.385;[mm]
Dýþ Çap;71.479;[mm]
Dýþ Çap;71.489;[mm]
Dýþ Çap;71.514;[mm]
Dýþ Çap;71.452;[mm]
Dýþ Çap;71.409;[mm]
Dýþ Çap;71.453;[mm]
Dýþ Çap;71.419;[mm]
Dýþ Çap;71.468;[mm]
Dýþ Çap;71.471;[mm]
Dýþ Çap;71.348;[mm]
Dýþ Çap;71.523;[mm]
Dýþ Çap;71.380;[mm]
Dýþ Çap;71.381;[mm]
Dýþ Çap;71.478;[mm]
Dýþ Çap;71.502;[mm]
Dýþ Çap;71.424;[mm]
Dýþ Çap;71.448;[mm]
Dýþ Çap;71.468;[mm]
Dýþ Çap;71.400;[mm]
Dýþ Çap;71.481;[mm]
Dýþ Çap;71.430;[mm]
Dýþ Çap;71.360;[mm]
Dýþ Çap;71.502;[mm]
Dýþ Çap;71.398;[mm]
Dýþ Çap;71.453;[mm]
Dýþ Çap;71.530;[mm]
Dýþ Çap;71.319;[mm]
Dýþ Çap;71.449;[mm]
Dýþ Çap;71.473;[mm]
Dýþ Çap;71.482;[mm]
Dýþ Çap;71.552;[mm]
Dýþ Çap;71.454;[mm]
Dýþ Çap;71.557;[mm]
Dýþ Çap;71.509;[mm]
Dýþ Çap;71.593;[mm]
Dýþ Çap;71.526;[mm]
Dýþ Çap;71.599;[mm]
Dýþ Çap;71.553;[mm]
Dýþ Çap;71.495;[mm]
Dýþ Çap;71.473;[mm]
Dýþ Çap;71.554;[mm]
Dýþ Çap;71.475;[mm]
Dýþ Çap;71.507;[mm]
Dýþ Çap;71.530;[mm]
Dýþ Çap;71.473;[mm]
Dýþ Çap;71.550;[mm]
Dýþ Çap;71.536;[mm]
Dýþ Çap;71.469;[mm]
Dýþ Çap;71.457;[mm]
Dýþ Çap;71.501;[mm]
Dýþ Çap;71.512;[mm]
Dýþ Çap;71.426;[mm]
Dýþ Çap;71.541;[mm]
Dýþ Çap;71.489;[mm]
Dýþ Çap;71.435;[mm]
Dýþ Çap;71.403;[mm]
Dýþ Çap;71.478;[mm]
Dýþ Çap;71.505;[mm]
Dýþ Çap;71.452;[mm]
Dýþ Çap;71.410;[mm]
Dýþ Çap;71.388;[mm]
Dýþ Çap;71.436;[mm]
Dýþ Çap;71.451;[mm]
Dýþ Çap;71.528;[mm]
Dýþ Çap;71.519;[mm]
Dýþ Çap;71.428;[mm]
Dýþ Çap;71.653;[mm]
Dýþ Çap;71.532;[mm]
Dýþ Çap;71.446;[mm]
Dýþ Çap;71.422;[mm]
Dýþ Çap;71.545;[mm]
Dýþ Çap;71.431;[mm]
Dýþ Çap;71.446;[mm]
Dýþ Çap;71.472;[mm]
Dýþ Çap;71.517;[mm]
Dýþ Çap;71.405;[mm]
Dýþ Çap;71.444;[mm]
Dýþ Çap;71.548;[mm]
Dýþ Çap;71.419;[mm]
Dýþ Çap;71.491;[mm]
Dýþ Çap;71.544;[mm]
Dýþ Çap;71.477;[mm]
Dýþ Çap;71.519;[mm]
Dýþ Çap;71.466;[mm]
Dýþ Çap;71.548;[mm]
Dýþ Çap;71.519;[mm]
Dýþ Çap;71.537;[mm]
Dýþ Çap;71.420;[mm]
Dýþ Çap;71.478;[mm]
Dýþ Çap;71.443;[mm]
Dýþ Çap;71.536;[mm]
Dýþ Çap;71.441;[mm]
Dýþ Çap;71.458;[mm]
Dýþ Çap;71.320;[mm]
Dýþ Çap;71.497;[mm]
Dýþ Çap;71.460;[mm]
Dýþ Çap;71.529;[mm]
Dýþ Çap;71.375;[mm]
Dýþ Çap;71.498;[mm]
Dýþ Çap;71.445;[mm]
Dýþ Çap;71.466;[mm]
Dýþ Çap;71.423;[mm]
Dýþ Çap;71.534;[mm]
Dýþ Çap;71.479;[mm]
Dýþ Çap;71.426;[mm]
Dýþ Çap;71.433;[mm]
Dýþ Çap;71.476;[mm]
Dýþ Çap;71.506;[mm]
Dýþ Çap;71.483;[mm]
Dýþ Çap;71.374;[mm]
Dýþ Çap;71.504;[mm]
Dýþ Çap;71.465;[mm]
Dýþ Çap;71.482;[mm]
Dýþ Çap;71.446;[mm]
Dýþ Çap;71.437;[mm]
Dýþ Çap;71.329;[mm]
Dýþ Çap;71.538;[mm]
Dýþ Çap;71.524;[mm]
Dýþ Çap;71.420;[mm]
Dýþ Çap;71.437;[mm]
Dýþ Çap;71.534;[mm]
Dýþ Çap;71.469;[mm]
Dýþ Çap;71.468;[mm]
Dýþ Çap;71.481;[mm]
Dýþ Çap;71.510;[mm]
Dýþ Çap;71.492;[mm]
Dýþ Çap;71.070;[mm]
Dýþ Çap;71.500;[mm]
Dýþ Çap;71.528;[mm]
Dýþ Çap;71.532;[mm]
Dýþ Çap;71.446;[mm]
Dýþ Çap;71.400;[mm]
Dýþ Çap;71.540;[mm]
Dýþ Çap;71.540;[mm]
Dýþ Çap;71.528;[mm]
Dýþ Çap;71.436;[mm]
Dýþ Çap;71.465;[mm]
Dýþ Çap;71.531;[mm]
Dýþ Çap;71.479;[mm]
Dýþ Çap;71.398;[mm]
Dýþ Çap;71.374;[mm]
Dýþ Çap;71.450;[mm]
Dýþ Çap;71.471;[mm]
Dýþ Çap;71.385;[mm]
Dýþ Çap;71.522;[mm]
Dýþ Çap;71.569;[mm]
Dýþ Çap;71.450;[mm]
Dýþ Çap;71.523;[mm]
Dýþ Çap;71.478;[mm]
Dýþ Çap;71.386;[mm]
Dýþ Çap;71.517;[mm]
Dýþ Çap;71.436;[mm]
Dýþ Çap;71.415;[mm]
Dýþ Çap;71.552;[mm]
Dýþ Çap;71.318;[mm]
Dýþ Çap;71.413;[mm]
Dýþ Çap;71.465;[mm]
Dýþ Çap;71.488;[mm]
Dýþ Çap;71.571;[mm]
Dýþ Çap;71.502;[mm]
Dýþ Çap;71.523;[mm]
Dýþ Çap;71.420;[mm]
Dýþ Çap;71.500;[mm]
Dýþ Çap;71.471;[mm]
Dýþ Çap;71.616;[mm]
Dýþ Çap;71.435;[mm]
Dýþ Çap;71.443;[mm]
Dýþ Çap;71.512;[mm]
Dýþ Çap;71.503;[mm]
Dýþ Çap;71.400;[mm]
Dýþ Çap;71.440;[mm]
Dýþ Çap;71.478;[mm]
Dýþ Çap;71.465;[mm]
Dýþ Çap;71.411;[mm]
Dýþ Çap;71.482;[mm]
Dýþ Çap;71.574;[mm]
Dýþ Çap;71.486;[mm]
Dýþ Çap;71.440;[mm]
Dýþ Çap;71.384;[mm]
Dýþ Çap;71.458;[mm]
Dýþ Çap;71.407;[mm]
Dýþ Çap;71.425;[mm]
Dýþ Çap;71.417;[mm]
Dýþ Çap;71.432;[mm]
Dýþ Çap;71.448;[mm]
Dýþ Çap;71.434;[mm]
Dýþ Çap;71.458;[mm]
Dýþ Çap;71.375;[mm]
Dýþ Çap;71.421;[mm]
Dýþ Çap;71.589;[mm]
Dýþ Çap;71.375;[mm]
Dýþ Çap;71.501;[mm]
Dýþ Çap;71.524;[mm]
Dýþ Çap;71.526;[mm]
Dýþ Çap;71.439;[mm]
Dýþ Çap;71.539;[mm]
Dýþ Çap;71.473;[mm]
Dýþ Çap;71.545;[mm]
Dýþ Çap;71.508;[mm]
Dýþ Çap;71.478;[mm]
Dýþ Çap;71.572;[mm]
Dýþ Çap;71.349;[mm]
Dýþ Çap;71.413;[mm]
Dýþ Çap;71.553;[mm]
Dýþ Çap;71.474;[mm]
Dýþ Çap;71.508;[mm]
Dýþ Çap;71.525;[mm]
Dýþ Çap;71.521;[mm]
Dýþ Çap;71.387;[mm]
Dýþ Çap;71.451;[mm]
Dýþ Çap;71.387;[mm]
Dýþ Çap;71.582;[mm]
Dýþ Çap;71.505;[mm]
Dýþ Çap;71.589;[mm]
Dýþ Çap;71.426;[mm]
Dýþ Çap;71.427;[mm]
Dýþ Çap;71.530;[mm]
Dýþ Çap;71.397;[mm]
Dýþ Çap;71.405;[mm]
Dýþ Çap;71.571;[mm]
Dýþ Çap;71.416;[mm]
Dýþ Çap;71.401;[mm]
Dýþ Çap;71.499;[mm]
Dýþ Çap;71.485;[mm]
Dýþ Çap;71.479;[mm]
Dýþ Çap;71.418;[mm]
Dýþ Çap;71.477;[mm]
Dýþ Çap; ; 
Dýþ Çap;71.439;[mm]
Dýþ Çap;71.558;[mm]
Dýþ Çap;71.469;[mm]
Dýþ Çap;71.413;[mm]
Dýþ Çap;71.489;[mm]
Dýþ Çap;71.430;[mm]
Dýþ Çap;71.536;[mm]
Dýþ Çap;71.501;[mm]
Dýþ Çap;71.449;[mm]
Dýþ Çap;71.530;[mm]
Dýþ Çap;71.369;[mm]
Dýþ Çap;71.450;[mm]
Dýþ Çap;71.425;[mm]
Dýþ Çap;71.511;[mm]
Dýþ Çap;71.338;[mm]
Dýþ Çap;71.502;[mm]
Dýþ Çap;71.398;[mm]
Dýþ Çap;71.472;[mm]
Dýþ Çap;71.461;[mm]
Dýþ Çap;71.539;[mm]
Dýþ Çap;71.475;[mm]
Dýþ Çap;71.407;[mm]
Dýþ Çap;71.414;[mm]
Dýþ Çap;71.400;[mm]
Dýþ Çap;71.529;[mm]
Dýþ Çap;71.385;[mm]
Dýþ Çap;71.591;[mm]
Dýþ Çap;71.462;[mm]
Dýþ Çap;71.396;[mm]
Dýþ Çap;71.485;[mm]
Dýþ Çap;71.469;[mm]
Dýþ Çap;71.474;[mm]
Dýþ Çap;71.481;[mm]
Dýþ Çap;71.471;[mm]
Dýþ Çap;71.483;[mm]
Dýþ Çap;71.454;[mm]
Dýþ Çap;71.524;[mm]
Dýþ Çap;71.425;[mm]
Dýþ Çap;71.405;[mm]
Dýþ Çap;71.501;[mm]
Dýþ Çap;71.437;[mm]
Dýþ Çap;71.559;[mm]
Dýþ Çap;71.447;[mm]
Dýþ Çap;71.420;[mm]
Dýþ Çap;71.361;[mm]
Dýþ Çap;71.216;[mm]
Dýþ Çap;71.454;[mm]
Dýþ Çap;71.603;[mm]
Dýþ Çap;71.459;[mm]
Dýþ Çap;71.433;[mm]
Dýþ Çap;71.459;[mm]
Dýþ Çap;71.480;[mm]
Dýþ Çap;71.492;[mm]
Dýþ Çap;71.488;[mm]
Dýþ Çap;71.516;[mm]
Dýþ Çap;71.411;[mm]
Dýþ Çap;71.344;[mm]
Dýþ Çap;71.453;[mm]
Dýþ Çap;71.398;[mm]
Dýþ Çap;71.509;[mm]
Dýþ Çap;71.346;[mm]
Dýþ Çap;71.464;[mm]
Dýþ Çap;71.440;[mm]
Dýþ Çap;71.421;[mm]
Dýþ Çap;71.594;[mm]
Dýþ Çap;71.465;[mm]
Dýþ Çap;71.485;[mm]
Dýþ Çap;71.491;[mm]
Dýþ Çap;71.446;[mm]
Dýþ Çap;71.468;[mm]
Dýþ Çap;71.502;[mm]
Dýþ Çap;71.457;[mm]
Dýþ Çap;71.448;[mm]
Dýþ Çap;71.494;[mm]
Dýþ Çap;71.363;[mm]
Dýþ Çap;71.603;[mm]
Dýþ Çap;71.506;[mm]
Dýþ Çap;71.533;[mm]
Dýþ Çap;71.553;[mm]
Dýþ Çap;71.529;[mm]
Dýþ Çap;71.490;[mm]
Dýþ Çap;71.573;[mm]
Dýþ Çap;71.474;[mm]
Dýþ Çap;71.374;[mm]
Dýþ Çap;71.455;[mm]
Dýþ Çap;71.517;[mm]
Dýþ Çap;71.464;[mm]
Dýþ Çap;71.463;[mm]
Dýþ Çap;71.456;[mm]
Dýþ Çap;71.504;[mm]
Dýþ Çap;71.370;[mm]
Dýþ Çap;71.548;[mm]
Dýþ Çap;71.475;[mm]
Dýþ Çap;71.509;[mm]
Dýþ Çap;71.548;[mm]
Dýþ Çap;71.514;[mm]
Dýþ Çap;71.494;[mm]
Dýþ Çap;71.536;[mm]
Dýþ Çap;71.440;[mm]
Dýþ Çap;71.348;[mm]
Dýþ Çap;71.336;[mm]
Dýþ Çap;71.529;[mm]
Dýþ Çap;71.386;[mm]
Dýþ Çap;71.450;[mm]
Dýþ Çap;71.511;[mm]
Dýþ Çap;71.505;[mm]
Dýþ Çap; ; 
Dýþ Çap;71.455;[mm]
Dýþ Çap;71.502;[mm]
Dýþ Çap;71.429;[mm]
Dýþ Çap;71.457;[mm]
Dýþ Çap;71.508;[mm]
Dýþ Çap;71.486;[mm]
Dýþ Çap;71.484;[mm]
Dýþ Çap;71.420;[mm]
Dýþ Çap;71.399;[mm]
Dýþ Çap;71.439;[mm]
Dýþ Çap;71.524;[mm]
Dýþ Çap;71.475;[mm]
Dýþ Çap;71.455;[mm]
Dýþ Çap;71.572;[mm]
Dýþ Çap;71.508;[mm]
Dýþ Çap;71.471;[mm]
Dýþ Çap;71.504;[mm]
Dýþ Çap;71.478;[mm]
Dýþ Çap;71.415;[mm]
Dýþ Çap;71.497;[mm]
Dýþ Çap;71.476;[mm]
Dýþ Çap;71.529;[mm]
Dýþ Çap;71.365;[mm]
Dýþ Çap;71.436;[mm]
Dýþ Çap;71.465;[mm]
Dýþ Çap;71.521;[mm]
Dýþ Çap;71.465;[mm]
Dýþ Çap;71.454;[mm]
Dýþ Çap; ; 
Dýþ Çap;71.685;[mm]
Dýþ Çap;71.506;[mm]
Dýþ Çap;71.354;[mm]
Dýþ Çap;71.466;[mm]
Dýþ Çap;71.569;[mm]
Dýþ Çap;71.444;[mm]
Dýþ Çap;71.457;[mm]
Dýþ Çap;71.372;[mm]
Dýþ Çap;71.506;[mm]
Dýþ Çap;71.496;[mm]
Dýþ Çap;71.462;[mm]
Dýþ Çap;71.400;[mm]
Dýþ Çap;71.450;[mm]
Dýþ Çap;71.571;[mm]
Dýþ Çap;71.459;[mm]
Dýþ Çap;71.517;[mm]
Dýþ Çap;71.444;[mm]
Dýþ Çap;71.512;[mm]
Dýþ Çap;71.488;[mm]
Dýþ Çap;71.439;[mm]
Dýþ Çap;71.506;[mm]
Dýþ Çap;71.430;[mm]
Dýþ Çap;71.406;[mm]
Dýþ Çap;71.438;[mm]
Dýþ Çap;71.463;[mm]
Dýþ Çap;71.459;[mm]
Dýþ Çap;71.476;[mm]
Dýþ Çap;71.400;[mm]
Dýþ Çap;71.435;[mm]
Dýþ Çap;71.515;[mm]
Dýþ Çap;71.320;[mm]
Dýþ Çap;71.447;[mm]
Dýþ Çap;71.433;[mm]
Dýþ Çap;71.423;[mm]
Dýþ Çap;71.501;[mm]
Dýþ Çap;71.467;[mm]
Dýþ Çap;71.529;[mm]
Dýþ Çap;71.417;[mm]
Dýþ Çap;71.484;[mm]
Dýþ Çap;71.512;[mm]
Dýþ Çap;71.503;[mm]
Dýþ Çap;71.508;[mm]
Dýþ Çap;71.444;[mm]
Dýþ Çap;71.446;[mm]
Dýþ Çap;71.452;[mm]
Dýþ Çap;71.436;[mm]
Dýþ Çap;71.393;[mm]
Dýþ Çap;71.506;[mm]
Dýþ Çap;71.480;[mm]
Dýþ Çap;71.454;[mm]
Dýþ Çap;71.596;[mm]
Dýþ Çap;71.388;[mm]
Dýþ Çap;71.453;[mm]
Dýþ Çap;71.518;[mm]
Dýþ Çap;71.546;[mm]
Dýþ Çap;71.401;[mm]
Dýþ Çap;71.525;[mm]
Dýþ Çap;71.378;[mm]
Dýþ Çap;71.395;[mm]
Dýþ Çap;71.496;[mm]
Dýþ Çap;71.382;[mm]
Dýþ Çap;71.439;[mm]
Dýþ Çap;71.407;[mm]
Dýþ Çap;71.491;[mm]
Dýþ Çap;71.507;[mm]
Dýþ Çap;71.468;[mm]
Dýþ Çap;71.464;[mm]
Dýþ Çap;71.512;[mm]
Dýþ Çap;71.553;[mm]
Dýþ Çap;71.419;[mm]
Dýþ Çap;71.389;[mm]
Dýþ Çap;71.468;[mm]
Dýþ Çap;71.415;[mm]
Dýþ Çap;71.245;[mm]
Dýþ Çap;71.427;[mm]
Dýþ Çap;71.451;[mm]
Dýþ Çap;71.445;[mm]
Dýþ Çap;71.586;[mm]
Dýþ Çap;71.500;[mm]
Dýþ Çap;71.413;[mm]
Dýþ Çap;71.526;[mm]
Dýþ Çap;71.572;[mm]
Dýþ Çap;71.386;[mm]
Dýþ Çap;71.470;[mm]
Dýþ Çap;71.469;[mm]
Dýþ Çap;71.530;[mm]
Dýþ Çap;71.490;[mm]
Dýþ Çap;71.504;[mm]
Dýþ Çap;71.461;[mm]
Dýþ Çap;71.490;[mm]
Dýþ Çap;71.529;[mm]
Dýþ Çap;71.500;[mm]
Dýþ Çap;71.323;[mm]
Dýþ Çap;71.518;[mm]
Dýþ Çap;71.471;[mm]
Dýþ Çap;71.457;[mm]
Dýþ Çap;71.609;[mm]
Dýþ Çap;71.501;[mm]
Dýþ Çap;71.482;[mm]
Dýþ Çap;71.372;[mm]
Dýþ Çap;71.414;[mm]
Dýþ Çap;71.499;[mm]
Dýþ Çap;71.611;[mm]
Dýþ Çap;71.894;[mm]
Dýþ Çap;71.441;[mm]
Dýþ Çap;71.412;[mm]
Dýþ Çap;71.439;[mm]
Dýþ Çap;71.463;[mm]
Dýþ Çap;71.525;[mm]
Dýþ Çap;71.539;[mm]
Dýþ Çap;71.383;[mm]
Dýþ Çap;71.477;[mm]
Dýþ Çap;71.467;[mm]
Dýþ Çap;71.414;[mm]
Dýþ Çap;71.465;[mm]
Dýþ Çap;71.461;[mm]
Dýþ Çap;71.429;[mm]
Dýþ Çap;71.415;[mm]
Dýþ Çap;71.414;[mm]
Dýþ Çap;71.508;[mm]
Dýþ Çap;71.447;[mm]
Dýþ Çap;71.514;[mm]
Dýþ Çap;71.479;[mm]
Dýþ Çap;71.502;[mm]
Dýþ Çap;71.442;[mm]
Dýþ Çap;71.454;[mm]
Dýþ Çap;71.382;[mm]
Dýþ Çap;71.487;[mm]
Dýþ Çap;71.502;[mm]
Dýþ Çap;71.505;[mm]
Dýþ Çap;71.398;[mm]
Dýþ Çap;71.471;[mm]
Dýþ Çap;71.510;[mm]
Dýþ Çap;71.519;[mm]
Dýþ Çap;71.503;[mm]
Dýþ Çap;71.373;[mm]
Dýþ Çap;71.462;[mm]
Dýþ Çap;71.519;[mm]
Dýþ Çap;71.439;[mm]
Dýþ Çap;71.519;[mm]
Dýþ Çap;71.490;[mm]
Dýþ Çap;71.455;[mm]
Dýþ Çap;71.449;[mm]
Dýþ Çap;71.444;[mm]
Dýþ Çap;71.422;[mm]
Dýþ Çap;71.560;[mm]
Dýþ Çap;71.579;[mm]
Dýþ Çap;71.474;[mm]
Dýþ Çap;71.415;[mm]
Dýþ Çap;71.390;[mm]
Dýþ Çap;71.428;[mm]
Dýþ Çap;71.427;[mm]
Dýþ Çap;71.396;[mm]
Dýþ Çap; ; 
Dýþ Çap;71.434;[mm]
Dýþ Çap;71.553;[mm]
Dýþ Çap;71.552;[mm]
Dýþ Çap;71.448;[mm]
Dýþ Çap;71.480;[mm]
Dýþ Çap;71.470;[mm]
Dýþ Çap;71.514;[mm]
Dýþ Çap;71.501;[mm]
Dýþ Çap;71.388;[mm]
Dýþ Çap;71.412;[mm]
Dýþ Çap;71.437;[mm]
Dýþ Çap;71.471;[mm]
Dýþ Çap;71.554;[mm]
Dýþ Çap;71.389;[mm]
Dýþ Çap;71.547;[mm]
Dýþ Çap;71.406;[mm]
Dýþ Çap;71.514;[mm]
Dýþ Çap;71.499;[mm]
Dýþ Çap;71.520;[mm]
Dýþ Çap;71.423;[mm]
Dýþ Çap;71.470;[mm]
Dýþ Çap;71.369;[mm]
Dýþ Çap;71.434;[mm]
Dýþ Çap;71.393;[mm]
Dýþ Çap;71.473;[mm]
Dýþ Çap;71.474;[mm]
Dýþ Çap;71.559;[mm]
Dýþ Çap;71.574;[mm]
Dýþ Çap;71.453;[mm]
Dýþ Çap;71.470;[mm]
Dýþ Çap;71.459;[mm]
Dýþ Çap;71.485;[mm]
Dýþ Çap;71.443;[mm]
Dýþ Çap;71.601;[mm]
Dýþ Çap;71.546;[mm]
Dýþ Çap;71.505;[mm]
Dýþ Çap;71.487;[mm]
Dýþ Çap;71.514;[mm]
Dýþ Çap;71.492;[mm]
Dýþ Çap;71.435;[mm]
Dýþ Çap;71.517;[mm]
Dýþ Çap;71.510;[mm]
Dýþ Çap;71.397;[mm]
Dýþ Çap;71.429;[mm]
Dýþ Çap;71.404;[mm]
Dýþ Çap;71.550;[mm]
Dýþ Çap;71.498;[mm]
Dýþ Çap;71.414;[mm]
Dýþ Çap;71.506;[mm]
Dýþ Çap;71.600;[mm]
Dýþ Çap;71.390;[mm]
Dýþ Çap;71.542;[mm]
Dýþ Çap;71.415;[mm]
Dýþ Çap;71.450;[mm]
Dýþ Çap;71.466;[mm]
Dýþ Çap;71.314;[mm]
Dýþ Çap;71.376;[mm]
Dýþ Çap;71.525;[mm]
Dýþ Çap;71.479;[mm]
Dýþ Çap;71.444;[mm]
Dýþ Çap;71.485;[mm]
Dýþ Çap;71.449;[mm]
Dýþ Çap;71.523;[mm]
Dýþ Çap;71.445;[mm]
Dýþ Çap;71.506;[mm]
Dýþ Çap;71.434;[mm]
Dýþ Çap;71.433;[mm]
Dýþ Çap;71.554;[mm]
Dýþ Çap;71.485;[mm]
Dýþ Çap;71.283;[mm]
Dýþ Çap;71.338;[mm]
Dýþ Çap;71.603;[mm]
Dýþ Çap;71.487;[mm]
Dýþ Çap;71.586;[mm]
Dýþ Çap;71.430;[mm]
Dýþ Çap;71.558;[mm]
Dýþ Çap;71.572;[mm]
Dýþ Çap;71.362;[mm]
Dýþ Çap;71.469;[mm]
Dýþ Çap;71.510;[mm]
Dýþ Çap;71.563;[mm]
Dýþ Çap;71.399;[mm]
Dýþ Çap;71.436;[mm]
Dýþ Çap;71.498;[mm]
Dýþ Çap;71.411;[mm]
Dýþ Çap;71.450;[mm]
Dýþ Çap;71.455;[mm]
Dýþ Çap;71.458;[mm]
Dýþ Çap;71.500;[mm]
Dýþ Çap;71.478;[mm]
Dýþ Çap;71.474;[mm]
Dýþ Çap;71.540;[mm]
Dýþ Çap;71.397;[mm]
Dýþ Çap;71.445;[mm]
Dýþ Çap;71.442;[mm]
Dýþ Çap;71.533;[mm]
Dýþ Çap;71.497;[mm]
Dýþ Çap;71.483;[mm]
Dýþ Çap;71.455;[mm]
Dýþ Çap;71.417;[mm]
Dýþ Çap;71.516;[mm]
Dýþ Çap;71.314;[mm]
Dýþ Çap;71.441;[mm]
Dýþ Çap;71.408;[mm]
Dýþ Çap;71.520;[mm]
Dýþ Çap;71.515;[mm]
Dýþ Çap;71.513;[mm]
Dýþ Çap;71.280;[mm]
Dýþ Çap;71.482;[mm]
Dýþ Çap;71.364;[mm]
Dýþ Çap;71.441;[mm]
Dýþ Çap;71.407;[mm]
Dýþ Çap;71.481;[mm]
Dýþ Çap;71.486;[mm]
Dýþ Çap;71.476;[mm]
Dýþ Çap;71.533;[mm]
Dýþ Çap;71.412;[mm]
Dýþ Çap;71.359;[mm]
Dýþ Çap;71.553;[mm]
Dýþ Çap;71.509;[mm]
Dýþ Çap;71.491;[mm]
Dýþ Çap;71.597;[mm]
Dýþ Çap;71.494;[mm]
Dýþ Çap;71.517;[mm]
Dýþ Çap;71.351;[mm]
Dýþ Çap;71.459;[mm]
Dýþ Çap;71.495;[mm]
Dýþ Çap;71.492;[mm]
Dýþ Çap;71.460;[mm]
Dýþ Çap;71.421;[mm]
Dýþ Çap;71.546;[mm]
Dýþ Çap;71.477;[mm]
Dýþ Çap;71.418;[mm]
Dýþ Çap;71.399;[mm]
Dýþ Çap;71.448;[mm]
Dýþ Çap;71.411;[mm]
Dýþ Çap;71.382;[mm]
Dýþ Çap;71.567;[mm]
Dýþ Çap;71.523;[mm]
Dýþ Çap;71.503;[mm]
Dýþ Çap;71.477;[mm]
Dýþ Çap;71.491;[mm]
Dýþ Çap;71.386;[mm]
Dýþ Çap;71.568;[mm]
Dýþ Çap;71.479;[mm]
Dýþ Çap;71.656;[mm]
Dýþ Çap;71.521;[mm]
Dýþ Çap;71.460;[mm]
Dýþ Çap;71.552;[mm]
Dýþ Çap;71.489;[mm]
Dýþ Çap;71.432;[mm]
Dýþ Çap;71.453;[mm]
Dýþ Çap;71.537;[mm]
Dýþ Çap;71.478;[mm]
Dýþ Çap;71.487;[mm]
Dýþ Çap;71.484;[mm]
Dýþ Çap;71.467;[mm]
Dýþ Çap;71.458;[mm]
Dýþ Çap;71.490;[mm]
Dýþ Çap;71.484;[mm]
Dýþ Çap;71.409;[mm]
Dýþ Çap;71.510;[mm]
Dýþ Çap;71.508;[mm]
Dýþ Çap;71.507;[mm]
Dýþ Çap;71.409;[mm]
Dýþ Çap;71.416;[mm]
Dýþ Çap;71.348;[mm]
Dýþ Çap;71.421;[mm]
Dýþ Çap;71.488;[mm]
Dýþ Çap;71.429;[mm]
Dýþ Çap;71.500;[mm]
Dýþ Çap;71.407;[mm]
Dýþ Çap; ; 
Dýþ Çap;71.445;[mm]
Dýþ Çap;71.566;[mm]
Dýþ Çap;71.445;[mm]
Dýþ Çap;71.453;[mm]
Dýþ Çap;71.469;[mm]
Dýþ Çap;71.409;[mm]
Dýþ Çap;71.530;[mm]
Dýþ Çap;71.492;[mm]
Dýþ Çap;71.540;[mm]
Dýþ Çap;71.475;[mm]
Dýþ Çap;71.490;[mm]
Dýþ Çap;71.403;[mm]
Dýþ Çap;71.566;[mm]
Dýþ Çap;71.550;[mm]
Dýþ Çap;71.494;[mm]
Dýþ Çap;71.440;[mm]
Dýþ Çap;71.494;[mm]
Dýþ Çap;71.386;[mm]
Dýþ Çap;71.461;[mm]
Dýþ Çap;71.465;[mm]
Dýþ Çap;71.458;[mm]
Dýþ Çap;71.418;[mm]
Dýþ Çap;71.440;[mm]
Dýþ Çap;71.401;[mm]
Dýþ Çap;71.488;[mm]
Dýþ Çap;71.328;[mm]
Dýþ Çap;71.464;[mm]
Dýþ Çap;71.450;[mm]
Dýþ Çap;71.474;[mm]
Dýþ Çap;71.534;[mm]
Dýþ Çap;71.537;[mm]
Dýþ Çap;71.365;[mm]
Dýþ Çap;71.399;[mm]
Dýþ Çap;71.458;[mm]
Dýþ Çap;71.435;[mm]
Dýþ Çap;71.518;[mm]
Dýþ Çap;71.455;[mm]
Dýþ Çap;71.406;[mm]
Dýþ Çap;71.451;[mm]
Dýþ Çap;71.514;[mm]
Dýþ Çap;71.441;[mm]
Dýþ Çap;71.408;[mm]
Dýþ Çap;71.533;[mm]
Dýþ Çap;71.449;[mm]
Dýþ Çap;71.496;[mm]
Dýþ Çap;71.503;[mm]
Dýþ Çap;71.443;[mm]
Dýþ Çap;71.468;[mm]
Dýþ Çap;71.489;[mm]
Dýþ Çap;71.428;[mm]
Dýþ Çap;71.371;[mm]
Dýþ Çap;71.544;[mm]
Dýþ Çap;71.411;[mm]
Dýþ Çap;71.554;[mm]
Dýþ Çap;71.410;[mm]
Dýþ Çap;71.484;[mm]
Dýþ Çap;71.491;[mm]
Dýþ Çap;71.423;[mm]
Dýþ Çap;71.560;[mm]
Dýþ Çap;71.445;[mm]
Dýþ Çap;71.546;[mm]
Dýþ Çap;71.539;[mm]
Dýþ Çap;71.399;[mm]
Dýþ Çap;71.434;[mm]
Dýþ Çap;71.510;[mm]
Dýþ Çap;71.543;[mm]
Dýþ Çap;71.532;[mm]
Dýþ Çap;71.480;[mm]
Dýþ Çap;71.496;[mm]
Dýþ Çap;71.487;[mm]
Dýþ Çap;71.490;[mm]
Dýþ Çap;71.497;[mm]
Dýþ Çap;71.469;[mm]
Dýþ Çap;71.515;[mm]
Dýþ Çap;71.451;[mm]
Dýþ Çap;71.489;[mm]
Dýþ Çap;71.379;[mm]
Dýþ Çap;71.389;[mm]
Dýþ Çap;71.454;[mm]
Dýþ Çap;71.511;[mm]
Dýþ Çap;71.574;[mm]
Dýþ Çap;71.359;[mm]
Dýþ Çap;71.428;[mm]
Dýþ Çap;71.479;[mm]
Dýþ Çap;71.437;[mm]
Dýþ Çap;71.453;[mm]
Dýþ Çap;71.569;[mm]
Dýþ Çap;71.489;[mm]
Dýþ Çap;71.495;[mm]
Dýþ Çap;71.465;[mm]
Dýþ Çap;71.432;[mm]
Dýþ Çap;71.456;[mm]
Dýþ Çap;71.430;[mm]
Dýþ Çap;71.350;[mm]
Dýþ Çap;71.468;[mm]
Dýþ Çap;71.392;[mm]
Dýþ Çap;71.436;[mm]
Dýþ Çap;71.426;[mm]
Dýþ Çap;71.475;[mm]
Dýþ Çap;71.578;[mm]
Dýþ Çap;71.474;[mm]
Dýþ Çap;71.431;[mm]
Dýþ Çap;71.520;[mm]
Dýþ Çap;71.372;[mm]
Dýþ Çap;71.479;[mm]
Dýþ Çap;71.527;[mm]
Dýþ Çap;71.467;[mm]
Dýþ Çap;71.413;[mm]
Dýþ Çap;71.445;[mm]
Dýþ Çap;71.476;[mm]
Dýþ Çap;71.489;[mm]
Dýþ Çap;71.528;[mm]
Dýþ Çap;71.452;[mm]
Dýþ Çap;71.449;[mm]
Dýþ Çap;71.426;[mm]
Dýþ Çap;71.408;[mm]
Dýþ Çap;71.502;[mm]
Dýþ Çap;71.498;[mm]
Dýþ Çap;71.596;[mm]
Dýþ Çap;71.428;[mm]
Dýþ Çap;71.426;[mm]
Dýþ Çap;71.564;[mm]
Dýþ Çap;71.513;[mm]
Dýþ Çap;71.501;[mm]
Dýþ Çap;71.493;[mm]
Dýþ Çap;71.396;[mm]
Dýþ Çap;71.519;[mm]
Dýþ Çap;71.482;[mm]
Dýþ Çap;71.496;[mm]
Dýþ Çap;71.485;[mm]
Dýþ Çap;71.440;[mm]
Dýþ Çap;71.376;[mm]
Dýþ Çap;71.562;[mm]
Dýþ Çap;71.516;[mm]
Dýþ Çap;71.516;[mm]
Dýþ Çap;71.511;[mm]
Dýþ Çap;71.406;[mm]
Dýþ Çap;71.562;[mm]
Dýþ Çap;71.526;[mm]
Dýþ Çap;71.485;[mm]
Dýþ Çap;71.443;[mm]
Dýþ Çap;71.471;[mm]
Dýþ Çap;71.510;[mm]
Dýþ Çap;71.498;[mm]
Dýþ Çap;71.439;[mm]
Dýþ Çap;71.448;[mm]
Dýþ Çap;71.398;[mm]
Dýþ Çap;71.431;[mm]
Dýþ Çap;71.447;[mm]
Dýþ Çap;71.520;[mm]
Dýþ Çap;71.526;[mm]
Dýþ Çap;71.381;[mm]
Dýþ Çap;71.433;[mm]
Dýþ Çap;71.399;[mm]
Dýþ Çap;71.501;[mm]
Dýþ Çap;71.428;[mm]
Dýþ Çap;71.547;[mm]
Dýþ Çap;71.509;[mm]
Dýþ Çap;71.489;[mm]
Dýþ Çap;71.468;[mm]
Dýþ Çap;71.438;[mm]
Dýþ Çap;71.465;[mm]
Dýþ Çap;71.579;[mm]
Dýþ Çap;71.592;[mm]
Dýþ Çap;71.525;[mm]
Dýþ Çap;71.416;[mm]
Dýþ Çap;71.465;[mm]
Dýþ Çap;71.387;[mm]
Dýþ Çap;71.462;[mm]
Dýþ Çap;71.521;[mm]
Dýþ Çap;71.430;[mm]
Dýþ Çap;71.271;[mm]
Dýþ Çap;71.510;[mm]
Dýþ Çap;71.476;[mm]
Dýþ Çap;71.529;[mm]
Dýþ Çap; ; 
Dýþ Çap;71.465;[mm]
Dýþ Çap;71.391;[mm]
Dýþ Çap;71.543;[mm]
Dýþ Çap;71.454;[mm]
Dýþ Çap;71.530;[mm]
Dýþ Çap;71.493;[mm]
Dýþ Çap;71.387;[mm]
Dýþ Çap;71.409;[mm]
Dýþ Çap;71.426;[mm]
Dýþ Çap;71.384;[mm]
Dýþ Çap;71.428;[mm]
Dýþ Çap;71.371;[mm]
Dýþ Çap;71.533;[mm]
Dýþ Çap;71.433;[mm]
Dýþ Çap;71.519;[mm]
Dýþ Çap;71.462;[mm]
Dýþ Çap;71.561;[mm]
Dýþ Çap;71.484;[mm]
Dýþ Çap;71.453;[mm]
Dýþ Çap;71.407;[mm]
Dýþ Çap;71.445;[mm]
Dýþ Çap;71.396;[mm]
Dýþ Çap;71.441;[mm]
Dýþ Çap;71.508;[mm]
Dýþ Çap;71.380;[mm]
Dýþ Çap;71.326;[mm]
Dýþ Çap;71.496;[mm]
Dýþ Çap;71.633;[mm]
Dýþ Çap;71.450;[mm]
Dýþ Çap;71.484;[mm]
Dýþ Çap;71.506;[mm]
Dýþ Çap;71.396;[mm]
Dýþ Çap;71.382;[mm]
Dýþ Çap;71.516;[mm]
Dýþ Çap;71.585;[mm]
Dýþ Çap;71.514;[mm]
Dýþ Çap;71.473;[mm]
Dýþ Çap;71.375;[mm]
Dýþ Çap;71.525;[mm]
Dýþ Çap;71.377;[mm]
Dýþ Çap;71.644;[mm]
Dýþ Çap;71.466;[mm]
Dýþ Çap;71.504;[mm]
Dýþ Çap;71.433;[mm]
Dýþ Çap;71.577;[mm]
Dýþ Çap;71.468;[mm]
Dýþ Çap;71.513;[mm]
Dýþ Çap;71.436;[mm]
Dýþ Çap;71.484;[mm]
Dýþ Çap;71.480;[mm]
Dýþ Çap;71.506;[mm]
Dýþ Çap;71.505;[mm]
Dýþ Çap;71.410;[mm]
Dýþ Çap;71.489;[mm]
Dýþ Çap;72.000;[mm]
Dýþ Çap;71.524;[mm]
Dýþ Çap;71.527;[mm]
Dýþ Çap;71.324;[mm]
Dýþ Çap;71.463;[mm]
Dýþ Çap;71.498;[mm]
Dýþ Çap;71.453;[mm]
Dýþ Çap;71.418;[mm]
Dýþ Çap;71.414;[mm]
Dýþ Çap;71.496;[mm]
Dýþ Çap;71.459;[mm]
Dýþ Çap;71.369;[mm]
Dýþ Çap;71.595;[mm]
Dýþ Çap;71.425;[mm]
Dýþ Çap;71.498;[mm]
Dýþ Çap;71.548;[mm]
Dýþ Çap;71.387;[mm]
Dýþ Çap;71.588;[mm]
Dýþ Çap;71.462;[mm]
Dýþ Çap;71.499;[mm]
Dýþ Çap;71.463;[mm]
Dýþ Çap;71.456;[mm]
Dýþ Çap;71.472;[mm]
Dýþ Çap;71.383;[mm]
Dýþ Çap;71.530;[mm]
Dýþ Çap;71.506;[mm]
Dýþ Çap;71.394;[mm]
Dýþ Çap;71.466;[mm]
Dýþ Çap;71.474;[mm]
Dýþ Çap;71.481;[mm]
Dýþ Çap;71.490;[mm]
Dýþ Çap;71.407;[mm]
Dýþ Çap;71.529;[mm]
Dýþ Çap;71.399;[mm]
Dýþ Çap;71.267;[mm]
Dýþ Çap;71.512;[mm]
Dýþ Çap;71.382;[mm]
Dýþ Çap;71.539;[mm]
Dýþ Çap;71.617;[mm]
Dýþ Çap;71.485;[mm]
Dýþ Çap;71.449;[mm]
Dýþ Çap;71.564;[mm]
Dýþ Çap;71.530;[mm]
Dýþ Çap;71.494;[mm]
Dýþ Çap;71.576;[mm]
Dýþ Çap;71.537;[mm]
Dýþ Çap;71.463;[mm]
Dýþ Çap;71.508;[mm]
Dýþ Çap;71.489;[mm]
Dýþ Çap;71.405;[mm]
Dýþ Çap;71.458;[mm]
Dýþ Çap;71.522;[mm]
Dýþ Çap;71.498;[mm]
Dýþ Çap;71.488;[mm]
Dýþ Çap;71.522;[mm]
Dýþ Çap;71.519;[mm]
Dýþ Çap;71.521;[mm]
Dýþ Çap;71.130;[mm]
Dýþ Çap;71.409;[mm]
Dýþ Çap;71.488;[mm]
Dýþ Çap;71.408;[mm]
Dýþ Çap;71.500;[mm]
Dýþ Çap;71.386;[mm]
Dýþ Çap;71.507;[mm]
Dýþ Çap;71.468;[mm]
Dýþ Çap;71.492;[mm]
Dýþ Çap;71.427;[mm]
Dýþ Çap;71.481;[mm]
Dýþ Çap;71.533;[mm]
Dýþ Çap;71.489;[mm]
Dýþ Çap;71.443;[mm]
Dýþ Çap;71.514;[mm]
Dýþ Çap;71.427;[mm]
Dýþ Çap;71.483;[mm]
Dýþ Çap;71.456;[mm]
Dýþ Çap;71.399;[mm]
Dýþ Çap;71.414;[mm]
Dýþ Çap;71.495;[mm]
Dýþ Çap;71.412;[mm]
Dýþ Çap;71.442;[mm]
Dýþ Çap;71.429;[mm]
Dýþ Çap;71.408;[mm]
Dýþ Çap;71.495;[mm]
Dýþ Çap;71.461;[mm]
Dýþ Çap;71.476;[mm]
Dýþ Çap;71.480;[mm]
Dýþ Çap;71.499;[mm]
Dýþ Çap;71.451;[mm]
Dýþ Çap;71.455;[mm]
Dýþ Çap;71.427;[mm]
Dýþ Çap;71.541;[mm]
Dýþ Çap;71.544;[mm]
Dýþ Çap;71.527;[mm]
Dýþ Çap;71.552;[mm]
Dýþ Çap;71.470;[mm]
Dýþ Çap;71.404;[mm]
Dýþ Çap;71.390;[mm]
Dýþ Çap;71.401;[mm]
Dýþ Çap;71.474;[mm]
Dýþ Çap;71.519;[mm]
Dýþ Çap;71.488;[mm]
Dýþ Çap;71.518;[mm]
Dýþ Çap;71.532;[mm]
Dýþ Çap;71.460;[mm]
Dýþ Çap;71.613;[mm]
Dýþ Çap;71.472;[mm]
Dýþ Çap;71.434;[mm]
Dýþ Çap;71.474;[mm]
Dýþ Çap;71.464;[mm]
Dýþ Çap;71.510;[mm]
Dýþ Çap;71.374;[mm]
Dýþ Çap;71.420;[mm]
Dýþ Çap;71.459;[mm]
Dýþ Çap;71.411;[mm]
Dýþ Çap;71.528;[mm]
Dýþ Çap;71.388;[mm]
Dýþ Çap;71.501;[mm]
Dýþ Çap;71.476;[mm]
Dýþ Çap;71.492;[mm]
Dýþ Çap;71.517;[mm]
Dýþ Çap;71.496;[mm]
Dýþ Çap;71.493;[mm]
Dýþ Çap;71.427;[mm]
Dýþ Çap;71.570;[mm]
Dýþ Çap;71.499;[mm]
Dýþ Çap;71.379;[mm]
Dýþ Çap;71.476;[mm]
Dýþ Çap;71.428;[mm]
Dýþ Çap; ; 
Dýþ Çap;71.449;[mm]
Dýþ Çap;71.460;[mm]
Dýþ Çap;71.390;[mm]
Dýþ Çap;71.486;[mm]
Dýþ Çap;71.462;[mm]
Dýþ Çap;71.357;[mm]
Dýþ Çap;71.443;[mm]
Dýþ Çap;71.464;[mm]
Dýþ Çap;71.379;[mm]
Dýþ Çap;71.464;[mm]
Dýþ Çap;71.465;[mm]
Dýþ Çap;71.491;[mm]
Dýþ Çap;71.530;[mm]
Dýþ Çap;71.399;[mm]
Dýþ Çap;71.453;[mm]
Dýþ Çap;71.374;[mm]
Dýþ Çap;71.564;[mm]
Dýþ Çap;71.351;[mm]
Dýþ Çap;71.430;[mm]
Dýþ Çap;71.357;[mm]
Dýþ Çap;71.496;[mm]
Dýþ Çap;71.498;[mm]
Dýþ Çap;71.505;[mm]
Dýþ Çap; ; 
Dýþ Çap;71.464;[mm]
Dýþ Çap;71.350;[mm]
Dýþ Çap;71.362;[mm]
Dýþ Çap;71.413;[mm]
Dýþ Çap;71.516;[mm]
Dýþ Çap;71.476;[mm]
Dýþ Çap;71.425;[mm]
Dýþ Çap;71.366;[mm]
Dýþ Çap;71.561;[mm]
Dýþ Çap;71.809;[mm]
Dýþ Çap;71.398;[mm]
Dýþ Çap; ; 
Dýþ Çap;71.494;[mm]
Dýþ Çap;71.540;[mm]
Dýþ Çap;71.451;[mm]
Dýþ Çap;71.506;[mm]
Dýþ Çap;71.438;[mm]
Dýþ Çap;71.409;[mm]
Dýþ Çap;71.459;[mm]
Dýþ Çap;71.462;[mm]
Dýþ Çap;71.388;[mm]
Dýþ Çap;71.423;[mm]
Dýþ Çap;71.498;[mm]
Dýþ Çap;71.533;[mm]
Dýþ Çap;71.488;[mm]
Dýþ Çap;71.373;[mm]
Dýþ Çap;71.417;[mm]
Dýþ Çap;71.429;[mm]
Dýþ Çap;71.466;[mm]
Dýþ Çap;71.423;[mm]
Dýþ Çap;71.449;[mm]
Dýþ Çap;71.439;[mm]
Dýþ Çap;71.447;[mm]
Dýþ Çap;71.467;[mm]
Dýþ Çap;71.538;[mm]
Dýþ Çap;71.406;[mm]
Dýþ Çap;71.462;[mm]
Dýþ Çap;71.488;[mm]
Dýþ Çap;71.434;[mm]
Dýþ Çap;71.535;[mm]
Dýþ Çap;71.567;[mm]
Dýþ Çap;71.445;[mm]
Dýþ Çap;71.517;[mm]
Dýþ Çap;71.491;[mm]
Dýþ Çap;71.536;[mm]
Dýþ Çap;71.415;[mm]
Dýþ Çap;71.479;[mm]
Dýþ Çap;71.446;[mm]
Dýþ Çap;71.552;[mm]
Dýþ Çap;71.446;[mm]
Dýþ Çap;71.384;[mm]
Dýþ Çap;71.514;[mm]
Dýþ Çap;71.549;[mm]
Dýþ Çap;71.531;[mm]
Dýþ Çap;71.498;[mm]
Dýþ Çap;71.363;[mm]
Dýþ Çap;71.399;[mm]
Dýþ Çap;71.460;[mm]
Dýþ Çap;71.421;[mm]
Dýþ Çap;71.468;[mm]
Dýþ Çap;71.571;[mm]
Dýþ Çap;71.408;[mm]
Dýþ Çap;71.541;[mm]
Dýþ Çap;71.429;[mm]
Dýþ Çap;71.425;[mm]
Dýþ Çap;71.487;[mm]
Dýþ Çap;71.385;[mm]
Dýþ Çap;71.475;[mm]
Dýþ Çap;71.443;[mm]
Dýþ Çap;71.579;[mm]
Dýþ Çap;71.486;[mm]
Dýþ Çap;71.566;[mm]
Dýþ Çap;71.493;[mm]
Dýþ Çap;71.551;[mm]
Dýþ Çap;71.479;[mm]
Dýþ Çap;71.452;[mm]
Dýþ Çap;71.481;[mm]
Dýþ Çap; ; 
Dýþ Çap;71.531;[mm]
Dýþ Çap;71.512;[mm]
Dýþ Çap;71.538;[mm]
Dýþ Çap;71.470;[mm]
Dýþ Çap;71.481;[mm]
Dýþ Çap;71.428;[mm]
Dýþ Çap;71.508;[mm]
Dýþ Çap;71.475;[mm]
Dýþ Çap;71.535;[mm]
Dýþ Çap;71.456;[mm]
Dýþ Çap;71.421;[mm]
Dýþ Çap;71.372;[mm]
Dýþ Çap;71.478;[mm]
Dýþ Çap;71.472;[mm]
Dýþ Çap;71.551;[mm]
Dýþ Çap;71.494;[mm]
Dýþ Çap;71.537;[mm]
Dýþ Çap;71.472;[mm]
Dýþ Çap;71.365;[mm]
Dýþ Çap;71.461;[mm]
Dýþ Çap;71.537;[mm]
Dýþ Çap;71.434;[mm]
Dýþ Çap;71.524;[mm]
Dýþ Çap;71.397;[mm]
Dýþ Çap;71.366;[mm]
Dýþ Çap;71.525;[mm]
Dýþ Çap;71.582;[mm]
Dýþ Çap;71.458;[mm]
Dýþ Çap;71.473;[mm]
Dýþ Çap;71.491;[mm]
Dýþ Çap;71.481;[mm]
Dýþ Çap;71.504;[mm]
Dýþ Çap;71.447;[mm]
Dýþ Çap;71.496;[mm]
Dýþ Çap;71.547;[mm]
Dýþ Çap;71.472;[mm]
Dýþ Çap;71.464;[mm]
Dýþ Çap;71.462;[mm]
Dýþ Çap;71.494;[mm]
Dýþ Çap;71.540;[mm]
Dýþ Çap;71.411;[mm]
Dýþ Çap;71.366;[mm]
Dýþ Çap;71.398;[mm]
Dýþ Çap;71.408;[mm]
Dýþ Çap;71.502;[mm]
Dýþ Çap;71.462;[mm]
Dýþ Çap;71.549;[mm]
Dýþ Çap;71.428;[mm]
Dýþ Çap;71.571;[mm]
Dýþ Çap;71.513;[mm]
Dýþ Çap;71.398;[mm]
Dýþ Çap;71.382;[mm]
Dýþ Çap;71.365;[mm]
Dýþ Çap;71.494;[mm]
Dýþ Çap;71.410;[mm]
Dýþ Çap;71.470;[mm]
Dýþ Çap;71.513;[mm]
Dýþ Çap;71.517;[mm]
Dýþ Çap;71.341;[mm]
Dýþ Çap;71.376;[mm]
Dýþ Çap;71.551;[mm]
Dýþ Çap;71.498;[mm]
Dýþ Çap;71.387;[mm]
Dýþ Çap;71.554;[mm]
Dýþ Çap;71.463;[mm]
Dýþ Çap;71.395;[mm]
Dýþ Çap;71.452;[mm]
Dýþ Çap;71.611;[mm]
Dýþ Çap;71.592;[mm]
Dýþ Çap;71.422;[mm]
Dýþ Çap;71.462;[mm]
Dýþ Çap;71.445;[mm]
Dýþ Çap;71.490;[mm]
Dýþ Çap;71.509;[mm]
Dýþ Çap;71.474;[mm]
Dýþ Çap;71.430;[mm]
Dýþ Çap;71.485;[mm]
Dýþ Çap;71.406;[mm]
Dýþ Çap;71.509;[mm]
Dýþ Çap;71.420;[mm]
Dýþ Çap;71.527;[mm]
Dýþ Çap;71.426;[mm]
Dýþ Çap;71.405;[mm]
Dýþ Çap; ; 
Dýþ Çap;71.429;[mm]
Dýþ Çap;71.401;[mm]
Dýþ Çap;71.513;[mm]
Dýþ Çap;71.466;[mm]
Dýþ Çap;71.528;[mm]
Dýþ Çap;71.482;[mm]
Dýþ Çap;71.485;[mm]
Dýþ Çap;71.447;[mm]
Dýþ Çap;71.499;[mm]
Dýþ Çap;71.525;[mm]
Dýþ Çap;71.463;[mm]
Dýþ Çap;71.433;[mm]
Dýþ Çap;71.554;[mm]
Dýþ Çap;71.312;[mm]
Dýþ Çap;71.493;[mm]
Dýþ Çap;71.410;[mm]
Dýþ Çap;71.527;[mm]
Dýþ Çap;71.535;[mm]
Dýþ Çap;71.454;[mm]
Dýþ Çap;71.371;[mm]
Dýþ Çap;71.494;[mm]
Dýþ Çap;71.499;[mm]
Dýþ Çap;71.387;[mm]
Dýþ Çap;71.341;[mm]
Dýþ Çap;71.442;[mm]
Dýþ Çap;71.427;[mm]
Dýþ Çap;71.438;[mm]
Dýþ Çap;71.533;[mm]
Dýþ Çap;71.538;[mm]
Dýþ Çap;71.473;[mm]
Dýþ Çap;71.492;[mm]
Dýþ Çap;71.413;[mm]
Dýþ Çap;71.444;[mm]
Dýþ Çap;71.383;[mm]
Dýþ Çap;71.915;[mm]
Dýþ Çap;71.510;[mm]
Dýþ Çap;71.443;[mm]
Dýþ Çap;71.509;[mm]
Dýþ Çap;71.359;[mm]
Dýþ Çap;71.431;[mm]
Dýþ Çap;71.612;[mm]
Dýþ Çap;71.507;[mm]
Dýþ Çap;71.465;[mm]
Dýþ Çap;71.420;[mm]
Dýþ Çap;71.494;[mm]
Dýþ Çap;71.376;[mm]
Dýþ Çap;71.482;[mm]
Dýþ Çap;71.478;[mm]
Dýþ Çap;71.512;[mm]
Dýþ Çap;71.488;[mm]
Dýþ Çap;71.582;[mm]
Dýþ Çap;71.478;[mm]
Dýþ Çap;71.467;[mm]
Dýþ Çap;71.484;[mm]
Dýþ Çap;71.509;[mm]
Dýþ Çap;71.466;[mm]
Dýþ Çap;71.377;[mm]
Dýþ Çap;71.420;[mm]
Dýþ Çap;71.445;[mm]
Dýþ Çap;71.374;[mm]
Dýþ Çap;71.413;[mm]
Dýþ Çap;71.484;[mm]
Dýþ Çap;71.438;[mm]
Dýþ Çap;71.522;[mm]
Dýþ Çap;71.537;[mm]
Dýþ Çap;71.507;[mm]
Dýþ Çap;71.393;[mm]
Dýþ Çap;71.476;[mm]
Dýþ Çap;71.443;[mm]
Dýþ Çap;71.424;[mm]
Dýþ Çap;71.389;[mm]
Dýþ Çap;71.403;[mm]
Dýþ Çap;71.458;[mm]
Dýþ Çap;71.472;[mm]
Dýþ Çap;71.599;[mm]
Dýþ Çap;71.445;[mm]
Dýþ Çap;71.513;[mm]
Dýþ Çap;71.515;[mm]
Dýþ Çap;71.529;[mm]
Dýþ Çap;71.532;[mm]
Dýþ Çap;71.516;[mm]
Dýþ Çap;71.521;[mm]
Dýþ Çap;71.405;[mm]
Dýþ Çap;71.474;[mm]
Dýþ Çap;71.458;[mm]
Dýþ Çap;71.366;[mm]
Dýþ Çap;71.457;[mm]
Dýþ Çap;71.479;[mm]
Dýþ Çap;71.393;[mm]
Dýþ Çap;71.394;[mm]
Dýþ Çap;71.439;[mm]
Dýþ Çap;71.505;[mm]
Dýþ Çap;71.421;[mm]
Dýþ Çap;71.441;[mm]
Dýþ Çap;71.531;[mm]
Dýþ Çap;71.519;[mm]
Dýþ Çap;71.452;[mm]
Dýþ Çap;71.528;[mm]
Dýþ Çap;71.435;[mm]
Dýþ Çap;71.500;[mm]
Dýþ Çap;71.584;[mm]
Dýþ Çap;71.511;[mm]
Dýþ Çap;71.317;[mm]
Dýþ Çap;71.525;[mm]
Dýþ Çap;71.531;[mm]
Dýþ Çap;71.563;[mm]
Dýþ Çap;71.454;[mm]
Dýþ Çap;71.454;[mm]
Dýþ Çap;71.559;[mm]
Dýþ Çap;71.481;[mm]
Dýþ Çap;71.493;[mm]
Dýþ Çap;71.451;[mm]
Dýþ Çap;71.468;[mm]
Dýþ Çap;71.465;[mm]
Dýþ Çap; ; 
Dýþ Çap;71.468;[mm]
Dýþ Çap;71.498;[mm]
Dýþ Çap;71.461;[mm]
Dýþ Çap;71.529;[mm]
Dýþ Çap;71.418;[mm]
Dýþ Çap;71.420;[mm]
Dýþ Çap;71.378;[mm]
Dýþ Çap;71.469;[mm]
Dýþ Çap;71.550;[mm]
Dýþ Çap;71.539;[mm]
Dýþ Çap;71.560;[mm]
Dýþ Çap;71.563;[mm]
Dýþ Çap;71.482;[mm]
Dýþ Çap;71.542;[mm]
Dýþ Çap;71.262;[mm]
Dýþ Çap;71.417;[mm]
Dýþ Çap;71.443;[mm]
Dýþ Çap;71.404;[mm]
Dýþ Çap;71.501;[mm]
Dýþ Çap;71.486;[mm]
Dýþ Çap;71.397;[mm]
Dýþ Çap;71.539;[mm]
Dýþ Çap;71.411;[mm]
Dýþ Çap;71.469;[mm]
Dýþ Çap;71.414;[mm]
Dýþ Çap;71.512;[mm]
Dýþ Çap;71.396;[mm]
Dýþ Çap;71.409;[mm]
Dýþ Çap;71.451;[mm]
Dýþ Çap;71.541;[mm]
Dýþ Çap;71.472;[mm]
Dýþ Çap;71.466;[mm]
Dýþ Çap;71.413;[mm]
Dýþ Çap;71.460;[mm]
Dýþ Çap;71.408;[mm]
Dýþ Çap;71.468;[mm]
Dýþ Çap;71.402;[mm]
Dýþ Çap;71.495;[mm]
Dýþ Çap;71.365;[mm]
Dýþ Çap;71.483;[mm]
Dýþ Çap;71.483;[mm]
Dýþ Çap;71.434;[mm]
Dýþ Çap;71.541;[mm]
Dýþ Çap;71.506;[mm]
Dýþ Çap;71.513;[mm]
Dýþ Çap;71.390;[mm]
Dýþ Çap;71.512;[mm]
Dýþ Çap;71.484;[mm]
Dýþ Çap;71.448;[mm]
Dýþ Çap;71.494;[mm]
Dýþ Çap;71.530;[mm]
Dýþ Çap;71.486;[mm]
Dýþ Çap;71.532;[mm]
Dýþ Çap;71.564;[mm]
Dýþ Çap;71.316;[mm]
Dýþ Çap;71.477;[mm]
Dýþ Çap;71.404;[mm]
Dýþ Çap;71.538;[mm]
Dýþ Çap;71.466;[mm]
Dýþ Çap;71.477;[mm]
Dýþ Çap;71.514;[mm]
Dýþ Çap;71.466;[mm]
Dýþ Çap;71.419;[mm]
Dýþ Çap;71.478;[mm]
Dýþ Çap;71.451;[mm]
Dýþ Çap;71.484;[mm]
Dýþ Çap; ; 
Dýþ Çap;71.501;[mm]
Dýþ Çap;71.443;[mm]
Dýþ Çap;71.477;[mm]
Dýþ Çap;71.489;[mm]
Dýþ Çap;71.491;[mm]
Dýþ Çap;71.519;[mm]
Dýþ Çap;71.471;[mm]
Dýþ Çap;71.471;[mm]
Dýþ Çap;71.450;[mm]
Dýþ Çap;71.458;[mm]
Dýþ Çap;71.464;[mm]
Dýþ Çap;71.475;[mm]
Dýþ Çap;71.380;[mm]
Dýþ Çap;71.483;[mm]
Dýþ Çap;71.476;[mm]
Dýþ Çap;71.408;[mm]
Dýþ Çap;71.378;[mm]
Dýþ Çap;71.509;[mm]
Dýþ Çap;71.514;[mm]
Dýþ Çap;71.507;[mm]
Dýþ Çap;71.390;[mm]
Dýþ Çap;71.514;[mm]
Dýþ Çap;71.505;[mm]
Dýþ Çap;71.410;[mm]
Dýþ Çap;71.431;[mm]
Dýþ Çap;71.435;[mm]
Dýþ Çap;71.424;[mm]
Dýþ Çap;71.393;[mm]
Dýþ Çap;71.374;[mm]
Dýþ Çap;71.370;[mm]
Dýþ Çap;71.560;[mm]
Dýþ Çap;71.527;[mm]
Dýþ Çap;71.518;[mm]
Dýþ Çap;71.432;[mm]
Dýþ Çap;71.425;[mm]
Dýþ Çap;71.407;[mm]
Dýþ Çap;71.344;[mm]
Dýþ Çap;71.476;[mm]
Dýþ Çap;71.492;[mm]
Dýþ Çap;71.504;[mm]
Dýþ Çap;71.479;[mm]
Dýþ Çap;71.607;[mm]
Dýþ Çap;71.496;[mm]
Dýþ Çap;71.531;[mm]
Dýþ Çap;71.537;[mm]
Dýþ Çap;71.550;[mm]
Dýþ Çap;71.341;[mm]
Dýþ Çap;71.522;[mm]
Dýþ Çap;71.418;[mm]
Dýþ Çap;71.409;[mm]
Dýþ Çap;71.394;[mm]
Dýþ Çap;71.343;[mm]
Dýþ Çap;71.494;[mm]
Dýþ Çap;71.407;[mm]
Dýþ Çap;71.414;[mm]
Dýþ Çap;71.607;[mm]
Dýþ Çap;71.450;[mm]
Dýþ Çap;71.443;[mm]
Dýþ Çap;71.414;[mm]
Dýþ Çap;71.404;[mm]
Dýþ Çap;71.493;[mm]
Dýþ Çap;71.470;[mm]
Dýþ Çap;71.435;[mm]
Dýþ Çap;71.409;[mm]
Dýþ Çap;71.395;[mm]
Dýþ Çap;71.526;[mm]
Dýþ Çap;71.514;[mm]
Dýþ Çap;71.374;[mm]
Dýþ Çap;71.445;[mm]
Dýþ Çap;71.399;[mm]
Dýþ Çap;71.346;[mm]
Dýþ Çap;71.444;[mm]
Dýþ Çap;71.400;[mm]
Dýþ Çap;71.464;[mm]
Dýþ Çap;71.336;[mm]
Dýþ Çap;71.467;[mm]
Dýþ Çap;71.441;[mm]
Dýþ Çap;71.563;[mm]
Dýþ Çap;71.473;[mm]
Dýþ Çap;71.510;[mm]
Dýþ Çap;71.437;[mm]
Dýþ Çap;71.294;[mm]
Dýþ Çap;71.475;[mm]
Dýþ Çap;71.431;[mm]
Dýþ Çap;71.532;[mm]
Dýþ Çap; ; 
Dýþ Çap;71.424;[mm]
Dýþ Çap;71.429;[mm]
Dýþ Çap;71.494;[mm]
Dýþ Çap;71.385;[mm]
Dýþ Çap;71.534;[mm]
Dýþ Çap;71.429;[mm]
Dýþ Çap;71.473;[mm]
Dýþ Çap;71.486;[mm]
Dýþ Çap;71.514;[mm]
Dýþ Çap;71.213;[mm]
Dýþ Çap;71.498;[mm]
Dýþ Çap;71.513;[mm]
Dýþ Çap;71.283;[mm]
Dýþ Çap;71.403;[mm]
Dýþ Çap;71.579;[mm]
Dýþ Çap;71.478;[mm]
Dýþ Çap;71.510;[mm]
Dýþ Çap;71.312;[mm]
Dýþ Çap;71.558;[mm]
Dýþ Çap;71.412;[mm]
Dýþ Çap;71.378;[mm]
Dýþ Çap;71.463;[mm]
Dýþ Çap;71.345;[mm]
Dýþ Çap;71.497;[mm]
Dýþ Çap;71.526;[mm]
Dýþ Çap;71.502;[mm]
Dýþ Çap;71.514;[mm]
Dýþ Çap;71.465;[mm]
Dýþ Çap;71.561;[mm]
Dýþ Çap;71.363;[mm]
Dýþ Çap;71.367;[mm]
Dýþ Çap;71.441;[mm]
Dýþ Çap;71.468;[mm]
Dýþ Çap;71.495;[mm]
Dýþ Çap;71.477;[mm]
Dýþ Çap;71.482;[mm]
Dýþ Çap;71.487;[mm]
Dýþ Çap;71.542;[mm]
Dýþ Çap;71.485;[mm]
Dýþ Çap;71.465;[mm]
Dýþ Çap;71.514;[mm]
Dýþ Çap;71.505;[mm]
Dýþ Çap;71.351;[mm]
Dýþ Çap;71.342;[mm]
Dýþ Çap;71.465;[mm]
Dýþ Çap;71.454;[mm]
Dýþ Çap;71.522;[mm]
Dýþ Çap;71.449;[mm]
Dýþ Çap;71.495;[mm]
Dýþ Çap;71.492;[mm]
Dýþ Çap;71.490;[mm]
Dýþ Çap;71.388;[mm]
Dýþ Çap;71.441;[mm]
Dýþ Çap;71.521;[mm]
Dýþ Çap;71.461;[mm]
Dýþ Çap;71.462;[mm]
Dýþ Çap;71.423;[mm]
Dýþ Çap;71.419;[mm]
Dýþ Çap; ; 
Dýþ Çap;71.471;[mm]
Dýþ Çap;71.462;[mm]
Dýþ Çap;71.537;[mm]
Dýþ Çap;71.442;[mm]
Dýþ Çap;71.375;[mm]
Dýþ Çap;71.499;[mm]
Dýþ Çap;71.463;[mm]
Dýþ Çap;71.406;[mm]
Dýþ Çap;71.463;[mm]
Dýþ Çap;71.495;[mm]
Dýþ Çap;71.409;[mm]
Dýþ Çap;71.528;[mm]
Dýþ Çap;71.497;[mm]
Dýþ Çap;71.518;[mm]
Dýþ Çap;71.363;[mm]
Dýþ Çap;71.534;[mm]
Dýþ Çap;71.610;[mm]
Dýþ Çap;71.503;[mm]
Dýþ Çap;71.452;[mm]
Dýþ Çap;71.453;[mm]
Dýþ Çap;71.592;[mm]
Dýþ Çap;71.444;[mm]
Dýþ Çap;71.437;[mm]
Dýþ Çap;71.284;[mm]
Dýþ Çap;71.492;[mm]
Dýþ Çap;71.438;[mm]
Dýþ Çap;71.522;[mm]
Dýþ Çap;71.551;[mm]
Dýþ Çap;71.461;[mm]
Dýþ Çap;71.412;[mm]
Dýþ Çap;71.437;[mm]
Dýþ Çap;71.435;[mm]
Dýþ Çap;71.438;[mm]
Dýþ Çap;71.453;[mm]
Dýþ Çap;71.385;[mm]
Dýþ Çap;71.512;[mm]
Dýþ Çap;71.538;[mm]
Dýþ Çap;71.419;[mm]
Dýþ Çap;71.449;[mm]
Dýþ Çap;71.425;[mm]
Dýþ Çap;71.481;[mm]
Dýþ Çap;71.401;[mm]
Dýþ Çap;71.482;[mm]
Dýþ Çap;71.415;[mm]
Dýþ Çap;71.384;[mm]
Dýþ Çap;71.513;[mm]
Dýþ Çap;71.408;[mm]
Dýþ Çap;71.429;[mm]
Dýþ Çap;71.498;[mm]
Dýþ Çap;71.438;[mm]
Dýþ Çap;71.494;[mm]
Dýþ Çap;71.383;[mm]
Dýþ Çap;71.421;[mm]
Dýþ Çap;71.408;[mm]
Dýþ Çap;71.440;[mm]
Dýþ Çap;71.440;[mm]
Dýþ Çap;71.417;[mm]
Dýþ Çap;71.385;[mm]
Dýþ Çap;71.358;[mm]
Dýþ Çap;71.461;[mm]
Dýþ Çap;71.479;[mm]
Dýþ Çap;71.430;[mm]
Dýþ Çap;71.466;[mm]
Dýþ Çap;71.501;[mm]
Dýþ Çap;71.522;[mm]
Dýþ Çap;71.378;[mm]
Dýþ Çap;71.400;[mm]
Dýþ Çap;71.535;[mm]
Dýþ Çap;71.610;[mm]
Dýþ Çap;71.514;[mm]
Dýþ Çap;71.400;[mm]
Dýþ Çap;71.429;[mm]
Dýþ Çap;71.512;[mm]
Dýþ Çap;71.402;[mm]
Dýþ Çap;71.468;[mm]
Dýþ Çap;71.446;[mm]
Dýþ Çap;71.447;[mm]
Dýþ Çap;71.365;[mm]
Dýþ Çap;71.428;[mm]
Dýþ Çap;71.543;[mm]
Dýþ Çap;71.532;[mm]
Dýþ Çap;71.402;[mm]
Dýþ Çap;71.400;[mm]
Dýþ Çap;71.466;[mm]
Dýþ Çap;71.481;[mm]
Dýþ Çap;71.356;[mm]
Dýþ Çap;71.565;[mm]
Dýþ Çap;71.434;[mm]
Dýþ Çap;71.474;[mm]
Dýþ Çap;71.452;[mm]
Dýþ Çap;71.467;[mm]
Dýþ Çap;71.614;[mm]
Dýþ Çap;71.415;[mm]
Dýþ Çap;71.395;[mm]
Dýþ Çap;71.396;[mm]
Dýþ Çap;71.521;[mm]
Dýþ Çap;71.457;[mm]
Dýþ Çap;71.430;[mm]
Dýþ Çap;71.539;[mm]
Dýþ Çap;71.450;[mm]
Dýþ Çap;71.444;[mm]
Dýþ Çap;71.466;[mm]
Dýþ Çap;71.527;[mm]
Dýþ Çap;71.563;[mm]
Dýþ Çap;71.456;[mm]
Dýþ Çap;71.504;[mm]
Dýþ Çap;71.383;[mm]
Dýþ Çap;71.374;[mm]
Dýþ Çap;71.516;[mm]
Dýþ Çap;71.523;[mm]
Dýþ Çap;71.520;[mm]
Dýþ Çap;71.442;[mm]
Dýþ Çap;71.367;[mm]
Dýþ Çap;71.357;[mm]
Dýþ Çap;71.443;[mm]
Dýþ Çap;71.465;[mm]
Dýþ Çap;71.408;[mm]
Dýþ Çap;71.572;[mm]
Dýþ Çap;71.511;[mm]
Dýþ Çap;71.479;[mm]
Dýþ Çap;71.489;[mm]
Dýþ Çap;71.547;[mm]
Dýþ Çap;71.489;[mm]
Dýþ Çap;71.488;[mm]
Dýþ Çap;71.439;[mm]
Dýþ Çap;71.447;[mm]
Dýþ Çap;71.490;[mm]
Dýþ Çap;71.525;[mm]
Dýþ Çap;71.510;[mm]
Dýþ Çap;71.459;[mm]
Dýþ Çap;71.459;[mm]
Dýþ Çap;71.549;[mm]
Dýþ Çap;71.388;[mm]
Dýþ Çap;71.502;[mm]
Dýþ Çap;71.407;[mm]
Dýþ Çap;71.481;[mm]
Dýþ Çap;71.517;[mm]
Dýþ Çap;71.473;[mm]
Dýþ Çap;71.387;[mm]
Dýþ Çap;71.575;[mm]
Dýþ Çap;71.533;[mm]
Dýþ Çap;71.416;[mm]
Dýþ Çap;71.588;[mm]
Dýþ Çap;71.448;[mm]
Dýþ Çap;71.561;[mm]
Dýþ Çap;71.393;[mm]
Dýþ Çap;71.496;[mm]
Dýþ Çap;71.402;[mm]
Dýþ Çap;71.387;[mm]
Dýþ Çap;71.496;[mm]
Dýþ Çap;71.442;[mm]
Dýþ Çap;71.556;[mm]
Dýþ Çap;71.485;[mm]
Dýþ Çap;71.489;[mm]
Dýþ Çap;71.485;[mm]
Dýþ Çap;71.542;[mm]
Dýþ Çap;71.560;[mm]
Dýþ Çap;71.516;[mm]
Dýþ Çap;71.644;[mm]
Dýþ Çap;71.539;[mm]
Dýþ Çap;71.385;[mm]
Dýþ Çap;71.478;[mm]
Dýþ Çap;71.527;[mm]
Dýþ Çap;71.392;[mm]
Dýþ Çap;71.504;[mm]
Dýþ Çap;71.508;[mm]
Dýþ Çap;71.431;[mm]
Dýþ Çap;71.540;[mm]
Dýþ Çap;71.433;[mm]
Dýþ Çap;71.499;[mm]
Dýþ Çap;71.430;[mm]
Dýþ Çap;71.408;[mm]
Dýþ Çap;71.386;[mm]
Dýþ Çap;71.482;[mm]
Dýþ Çap;71.538;[mm]
Dýþ Çap;71.477;[mm]
Dýþ Çap;71.525;[mm]
Dýþ Çap;71.407;[mm]
Dýþ Çap;71.455;[mm]
Dýþ Çap;71.524;[mm]
Dýþ Çap;71.491;[mm]
Dýþ Çap;71.452;[mm]
Dýþ Çap;71.429;[mm]
Dýþ Çap;71.442;[mm]
Dýþ Çap;71.498;[mm]
Dýþ Çap;71.405;[mm]
Dýþ Çap;71.630;[mm]
Dýþ Çap;71.438;[mm]
Dýþ Çap;71.534;[mm]
Dýþ Çap;71.478;[mm]
Dýþ Çap;71.482;[mm]
Dýþ Çap;71.462;[mm]
Dýþ Çap;71.528;[mm]
Dýþ Çap;71.360;[mm]
Dýþ Çap;71.542;[mm]
Dýþ Çap;71.457;[mm]
Dýþ Çap;71.460;[mm]
Dýþ Çap;71.514;[mm]
Dýþ Çap;71.547;[mm]
Dýþ Çap;71.440;[mm]
Dýþ Çap;71.469;[mm]
Dýþ Çap;71.454;[mm]
Dýþ Çap;71.556;[mm]
Dýþ Çap;71.382;[mm]
Dýþ Çap;71.448;[mm]
Dýþ Çap;71.514;[mm]
Dýþ Çap;71.515;[mm]
Dýþ Çap;71.472;[mm]
Dýþ Çap;71.517;[mm]
Dýþ Çap;71.495;[mm]
Dýþ Çap;71.520;[mm]
Dýþ Çap;71.539;[mm]
Dýþ Çap;71.669;[mm]
Dýþ Çap;71.486;[mm]
Dýþ Çap;71.450;[mm]
Dýþ Çap;71.348;[mm]
Dýþ Çap;71.413;[mm]
Dýþ Çap;71.556;[mm]
Dýþ Çap;71.491;[mm]
Dýþ Çap;71.502;[mm]
Dýþ Çap;71.431;[mm]
Dýþ Çap;71.542;[mm]
Dýþ Çap;71.520;[mm]
Dýþ Çap;71.426;[mm]
Dýþ Çap;71.436;[mm]
Dýþ Çap;71.480;[mm]
Dýþ Çap;71.528;[mm]
Dýþ Çap;71.477;[mm]
Dýþ Çap;71.437;[mm]
Dýþ Çap;71.344;[mm]
Dýþ Çap;71.449;[mm]
Dýþ Çap;71.448;[mm]
Dýþ Çap;71.496;[mm]
Dýþ Çap;71.576;[mm]
Dýþ Çap;71.414;[mm]
Dýþ Çap;71.455;[mm]
Dýþ Çap;71.542;[mm]
Dýþ Çap;71.380;[mm]
Dýþ Çap;71.473;[mm]
Dýþ Çap;71.530;[mm]
Dýþ Çap;71.508;[mm]
Dýþ Çap;71.694;[mm]
Dýþ Çap;71.476;[mm]
Dýþ Çap;71.519;[mm]
Dýþ Çap;71.502;[mm]
Dýþ Çap;71.478;[mm]
Dýþ Çap;71.313;[mm]
Dýþ Çap;71.501;[mm]
Dýþ Çap;71.499;[mm]
Dýþ Çap;71.455;[mm]
Dýþ Çap;71.469;[mm]
Dýþ Çap;71.423;[mm]
Dýþ Çap;71.531;[mm]
Dýþ Çap;71.531;[mm]
Dýþ Çap;71.420;[mm]
Dýþ Çap;71.436;[mm]
Dýþ Çap;71.555;[mm]
Dýþ Çap;71.455;[mm]
Dýþ Çap;71.462;[mm]
Dýþ Çap;71.518;[mm]
Dýþ Çap;71.436;[mm]
Dýþ Çap;71.448;[mm]
Dýþ Çap;71.485;[mm]
Dýþ Çap;71.410;[mm]
Dýþ Çap;71.420;[mm]
Dýþ Çap;71.544;[mm]
Dýþ Çap;71.498;[mm]
Dýþ Çap;71.641;[mm]
Dýþ Çap;71.391;[mm]
Dýþ Çap;71.462;[mm]
Dýþ Çap;71.499;[mm]
Dýþ Çap;71.419;[mm]
Dýþ Çap;71.464;[mm]
Dýþ Çap;71.515;[mm]
Dýþ Çap;71.379;[mm]
Dýþ Çap;71.427;[mm]
Dýþ Çap;71.430;[mm]
Dýþ Çap;71.385;[mm]
Dýþ Çap;71.565;[mm]
Dýþ Çap;71.452;[mm]
Dýþ Çap;71.434;[mm]
Dýþ Çap;71.407;[mm]
Dýþ Çap;71.382;[mm]
Dýþ Çap;71.567;[mm]
Dýþ Çap;71.516;[mm]
Dýþ Çap;71.480;[mm]
Dýþ Çap;71.435;[mm]
Dýþ Çap;71.514;[mm]
Dýþ Çap;71.407;[mm]
Dýþ Çap;71.509;[mm]
Dýþ Çap;71.497;[mm]
Dýþ Çap;71.456;[mm]
Dýþ Çap;71.481;[mm]
Dýþ Çap;71.484;[mm]
Dýþ Çap;71.516;[mm]
Dýþ Çap;71.499;[mm]
Dýþ Çap;71.488;[mm]
Dýþ Çap;71.430;[mm]
Dýþ Çap;71.558;[mm]
Dýþ Çap;71.510;[mm]
Dýþ Çap;71.474;[mm]
Dýþ Çap; ; 
Dýþ Çap;71.405;[mm]
Dýþ Çap;71.490;[mm]
Dýþ Çap;71.533;[mm]
Dýþ Çap;71.390;[mm]
Dýþ Çap;71.473;[mm]
Dýþ Çap;71.494;[mm]
Dýþ Çap;71.405;[mm]
Dýþ Çap;71.453;[mm]
Dýþ Çap;71.372;[mm]
Dýþ Çap;71.496;[mm]
Dýþ Çap;71.439;[mm]
Dýþ Çap;71.581;[mm]
Dýþ Çap;71.478;[mm]
Dýþ Çap;71.485;[mm]
Dýþ Çap;71.475;[mm]
Dýþ Çap;71.507;[mm]
Dýþ Çap;71.495;[mm]
Dýþ Çap;71.538;[mm]
Dýþ Çap;71.511;[mm]
Dýþ Çap;71.487;[mm]
Dýþ Çap;71.473;[mm]
Dýþ Çap;71.495;[mm]
Dýþ Çap;71.451;[mm]
Dýþ Çap;71.400;[mm]
Dýþ Çap;71.369;[mm]
Dýþ Çap;71.554;[mm]
Dýþ Çap;71.597;[mm]
Dýþ Çap;71.483;[mm]
Dýþ Çap;71.390;[mm]
Dýþ Çap;71.448;[mm]
Dýþ Çap;71.644;[mm]
Dýþ Çap;71.438;[mm]
Dýþ Çap;71.403;[mm]
Dýþ Çap;71.460;[mm]
Dýþ Çap;71.460;[mm]
Dýþ Çap;71.458;[mm]
Dýþ Çap;71.563;[mm]
Dýþ Çap;71.412;[mm]
Dýþ Çap;71.385;[mm]
Dýþ Çap;71.458;[mm]
Dýþ Çap;71.535;[mm]
Dýþ Çap;71.490;[mm]
Dýþ Çap;71.561;[mm]
Dýþ Çap;71.428;[mm]
Dýþ Çap;71.497;[mm]
Dýþ Çap;71.529;[mm]
Dýþ Çap;71.469;[mm]
Dýþ Çap;71.520;[mm]
Dýþ Çap;71.647;[mm]
Dýþ Çap;71.422;[mm]
Dýþ Çap;71.437;[mm]
Dýþ Çap;71.427;[mm]
Dýþ Çap;71.561;[mm]
Dýþ Çap;71.400;[mm]
Dýþ Çap;71.662;[mm]
Dýþ Çap;71.489;[mm]
Dýþ Çap;71.489;[mm]
Dýþ Çap;71.515;[mm]
Dýþ Çap;71.591;[mm]
Dýþ Çap;71.522;[mm]
Dýþ Çap;71.558;[mm]
Dýþ Çap;71.469;[mm]
Dýþ Çap;71.372;[mm]
Dýþ Çap;71.510;[mm]
Dýþ Çap;71.436;[mm]
Dýþ Çap;71.537;[mm]
Dýþ Çap;71.424;[mm]
Dýþ Çap;71.426;[mm]
Dýþ Çap;71.379;[mm]
Dýþ Çap;71.498;[mm]
Dýþ Çap;71.450;[mm]
Dýþ Çap;71.458;[mm]
Dýþ Çap;71.491;[mm]
Dýþ Çap;71.530;[mm]
Dýþ Çap;71.590;[mm]
Dýþ Çap;71.545;[mm]
Dýþ Çap;71.455;[mm]
Dýþ Çap;71.410;[mm]
Dýþ Çap;71.490;[mm]
Dýþ Çap;71.496;[mm]
Dýþ Çap;71.520;[mm]
Dýþ Çap;71.500;[mm]
Dýþ Çap;71.438;[mm]
Dýþ Çap;71.481;[mm]
Dýþ Çap;71.472;[mm]
Dýþ Çap;71.596;[mm]
Dýþ Çap;71.526;[mm]
Dýþ Çap;71.532;[mm]
Dýþ Çap;71.642;[mm]
Dýþ Çap;71.506;[mm]
Dýþ Çap;71.502;[mm]
Dýþ Çap;71.385;[mm]
Dýþ Çap;71.485;[mm]
Dýþ Çap;71.544;[mm]
Dýþ Çap;71.474;[mm]
Dýþ Çap;71.547;[mm]
Dýþ Çap;71.501;[mm]
Dýþ Çap;71.488;[mm]
Dýþ Çap;71.411;[mm]
Dýþ Çap;71.514;[mm]
Dýþ Çap;71.474;[mm]
Dýþ Çap;71.441;[mm]
Dýþ Çap;71.398;[mm]
Dýþ Çap;71.398;[mm]
Dýþ Çap;71.402;[mm]
Dýþ Çap;71.588;[mm]
Dýþ Çap;71.495;[mm]
Dýþ Çap;71.363;[mm]
Dýþ Çap;71.509;[mm]
Dýþ Çap;71.418;[mm]
Dýþ Çap;71.586;[mm]
Dýþ Çap;71.498;[mm]
Dýþ Çap;71.584;[mm]
Dýþ Çap;71.491;[mm]
Dýþ Çap;71.542;[mm]
Dýþ Çap;71.519;[mm]
Dýþ Çap;71.424;[mm]
Dýþ Çap;71.495;[mm]
Dýþ Çap;71.433;[mm]
Dýþ Çap;71.441;[mm]
Dýþ Çap;71.502;[mm]
Dýþ Çap;71.494;[mm]
Dýþ Çap;71.456;[mm]
Dýþ Çap;71.513;[mm]
Dýþ Çap;71.533;[mm]
Dýþ Çap;71.475;[mm]
Dýþ Çap;71.464;[mm]
Dýþ Çap;71.528;[mm]
Dýþ Çap;71.613;[mm]
Dýþ Çap;71.436;[mm]
Dýþ Çap;71.522;[mm]
Dýþ Çap;71.423;[mm]
Dýþ Çap;71.341;[mm]
Dýþ Çap;71.414;[mm]
Dýþ Çap;71.402;[mm]
Dýþ Çap;71.553;[mm]
Dýþ Çap;71.462;[mm]
Dýþ Çap;71.443;[mm]
Dýþ Çap;71.519;[mm]
Dýþ Çap;71.486;[mm]
Dýþ Çap;71.406;[mm]
Dýþ Çap;71.461;[mm]
Dýþ Çap;71.462;[mm]
Dýþ Çap;71.520;[mm]
Dýþ Çap;71.523;[mm]
Dýþ Çap;71.502;[mm]
Dýþ Çap;71.424;[mm]
Dýþ Çap;71.498;[mm]
Dýþ Çap;71.581;[mm]
Dýþ Çap;71.586;[mm]
Dýþ Çap;71.510;[mm]
Dýþ Çap;71.355;[mm]
Dýþ Çap;71.500;[mm]
Dýþ Çap;71.410;[mm]
Dýþ Çap;71.454;[mm]
Dýþ Çap;71.539;[mm]
Dýþ Çap;71.504;[mm]
Dýþ Çap;71.457;[mm]
Dýþ Çap;71.487;[mm]
Dýþ Çap;71.530;[mm]
Dýþ Çap;71.471;[mm]
Dýþ Çap;71.460;[mm]
Dýþ Çap;71.396;[mm]
Dýþ Çap;71.541;[mm]
Dýþ Çap;71.528;[mm]
Dýþ Çap;71.446;[mm]
Dýþ Çap;71.504;[mm]
Dýþ Çap;71.604;[mm]
Dýþ Çap;71.377;[mm]
Dýþ Çap;71.511;[mm]
Dýþ Çap;71.460;[mm]
Dýþ Çap;71.540;[mm]
Dýþ Çap;71.477;[mm]
Dýþ Çap;71.452;[mm]
Dýþ Çap;71.418;[mm]
Dýþ Çap;71.443;[mm]
Dýþ Çap;71.437;[mm]
Dýþ Çap;71.393;[mm]
Dýþ Çap;71.439;[mm]
Dýþ Çap;71.507;[mm]
Dýþ Çap;71.463;[mm]
Dýþ Çap;71.408;[mm]
Dýþ Çap;71.407;[mm]
Dýþ Çap;71.595;[mm]
Dýþ Çap;71.387;[mm]
Dýþ Çap;71.438;[mm]
Dýþ Çap;71.506;[mm]
Dýþ Çap;71.410;[mm]
Dýþ Çap;71.515;[mm]
Dýþ Çap;71.545;[mm]
Dýþ Çap;71.439;[mm]
Dýþ Çap;71.434;[mm]
Dýþ Çap;71.453;[mm]
Dýþ Çap;71.507;[mm]
Dýþ Çap;71.404;[mm]
Dýþ Çap;71.363;[mm]
Dýþ Çap;71.489;[mm]
Dýþ Çap;71.407;[mm]
Dýþ Çap;71.448;[mm]
Dýþ Çap;71.488;[mm]
Dýþ Çap;71.393;[mm]
Dýþ Çap;71.505;[mm]
Dýþ Çap;71.531;[mm]
Dýþ Çap;71.409;[mm]
Dýþ Çap;71.520;[mm]
Dýþ Çap;71.520;[mm]
Dýþ Çap;71.668;[mm]
Dýþ Çap;71.520;[mm]
Dýþ Çap;71.442;[mm]
Dýþ Çap;71.547;[mm]
Dýþ Çap;71.517;[mm]
Dýþ Çap;71.469;[mm]
Dýþ Çap;71.502;[mm]
Dýþ Çap;71.497;[mm]
Dýþ Çap;71.369;[mm]
Dýþ Çap;71.379;[mm]
Dýþ Çap;71.460;[mm]
Dýþ Çap;71.514;[mm]
Dýþ Çap;71.472;[mm]
Dýþ Çap;71.554;[mm]
Dýþ Çap;71.552;[mm]
Dýþ Çap;71.319;[mm]
Dýþ Çap;71.450;[mm]
Dýþ Çap;71.395;[mm]
Dýþ Çap;71.404;[mm]
Dýþ Çap;71.389;[mm]
Dýþ Çap;71.533;[mm]
Dýþ Çap;71.457;[mm]
Dýþ Çap;71.505;[mm]
Dýþ Çap;71.489;[mm]
Dýþ Çap;71.483;[mm]
Dýþ Çap;71.368;[mm]
Dýþ Çap;71.255;[mm]
Dýþ Çap;71.521;[mm]
Dýþ Çap;71.503;[mm]
Dýþ Çap;71.551;[mm]
Dýþ Çap;71.575;[mm]
Dýþ Çap;71.539;[mm]
Dýþ Çap;71.453;[mm]
Dýþ Çap;71.546;[mm]
Dýþ Çap;71.595;[mm]
Dýþ Çap;71.490;[mm]
Dýþ Çap;71.468;[mm]
Dýþ Çap;71.421;[mm]
Dýþ Çap;71.466;[mm]
Dýþ Çap;71.429;[mm]
Dýþ Çap;71.534;[mm]
Dýþ Çap;71.520;[mm]
Dýþ Çap;71.498;[mm]
Dýþ Çap;71.407;[mm]
Dýþ Çap;71.464;[mm]
Dýþ Çap;71.491;[mm]
Dýþ Çap;71.915;[mm]
Dýþ Çap;71.386;[mm]
Dýþ Çap;71.480;[mm]
Dýþ Çap;71.424;[mm]
Dýþ Çap;71.479;[mm]
Dýþ Çap;71.479;[mm]
Dýþ Çap;71.500;[mm]
Dýþ Çap;71.473;[mm]
Dýþ Çap;71.573;[mm]
Dýþ Çap;71.453;[mm]
Dýþ Çap;71.513;[mm]
Dýþ Çap;71.528;[mm]
Dýþ Çap;71.519;[mm]
Dýþ Çap;71.560;[mm]
Dýþ Çap;71.363;[mm]
Dýþ Çap;71.515;[mm]
Dýþ Çap;71.550;[mm]
Dýþ Çap;71.391;[mm]
Dýþ Çap;71.493;[mm]
Dýþ Çap; ; 
Dýþ Çap;71.456;[mm]
Dýþ Çap;71.514;[mm]
Dýþ Çap;71.485;[mm]
Dýþ Çap;71.434;[mm]
Dýþ Çap;71.456;[mm]
Dýþ Çap;71.466;[mm]
Dýþ Çap;71.417;[mm]
Dýþ Çap;71.600;[mm]
Dýþ Çap;71.538;[mm]
Dýþ Çap;71.378;[mm]
Dýþ Çap;71.506;[mm]
Dýþ Çap;71.457;[mm]
Dýþ Çap;71.550;[mm]
Dýþ Çap;71.477;[mm]
Dýþ Çap;71.466;[mm]
Dýþ Çap;71.427;[mm]
Dýþ Çap;71.336;[mm]
Dýþ Çap;71.409;[mm]
Dýþ Çap;71.513;[mm]
Dýþ Çap;71.470;[mm]
Dýþ Çap;71.424;[mm]
Dýþ Çap;71.569;[mm]
Dýþ Çap;71.492;[mm]
Dýþ Çap;71.519;[mm]
Dýþ Çap;71.441;[mm]
Dýþ Çap;71.520;[mm]
Dýþ Çap;71.417;[mm]
Dýþ Çap;71.541;[mm]
Dýþ Çap;71.466;[mm]
Dýþ Çap;71.472;[mm]
Dýþ Çap;71.476;[mm]
Dýþ Çap;71.511;[mm]
Dýþ Çap;71.462;[mm]
Dýþ Çap;71.533;[mm]
Dýþ Çap;71.577;[mm]
Dýþ Çap;71.441;[mm]
Dýþ Çap;71.409;[mm]
Dýþ Çap;71.534;[mm]
Dýþ Çap;71.347;[mm]
Dýþ Çap;71.383;[mm]
Dýþ Çap;71.443;[mm]
Dýþ Çap;71.435;[mm]
Dýþ Çap;71.511;[mm]
Dýþ Çap;71.395;[mm]
Dýþ Çap;71.477;[mm]
Dýþ Çap;71.473;[mm]
Dýþ Çap;71.428;[mm]
Dýþ Çap;71.556;[mm]
Dýþ Çap;71.487;[mm]
Dýþ Çap;71.469;[mm]
Dýþ Çap;71.426;[mm]
Dýþ Çap;71.502;[mm]
Dýþ Çap;71.460;[mm]
Dýþ Çap;71.470;[mm]
Dýþ Çap;71.520;[mm]
Dýþ Çap;71.505;[mm]
Dýþ Çap;71.290;[mm]
Dýþ Çap;71.439;[mm]
Dýþ Çap;71.432;[mm]
Dýþ Çap;71.501;[mm]
Dýþ Çap;71.463;[mm]
Dýþ Çap;71.403;[mm]
Dýþ Çap;71.479;[mm]
Dýþ Çap;71.532;[mm]
Dýþ Çap;71.521;[mm]
Dýþ Çap;71.463;[mm]
Dýþ Çap;71.401;[mm]
Dýþ Çap;71.495;[mm]
Dýþ Çap;71.552;[mm]
Dýþ Çap;71.506;[mm]
Dýþ Çap; ; 
Dýþ Çap;71.416;[mm]
Dýþ Çap;71.461;[mm]
Dýþ Çap;71.455;[mm]
Dýþ Çap;71.503;[mm]
Dýþ Çap;71.448;[mm]
Dýþ Çap;71.425;[mm]
Dýþ Çap;71.512;[mm]
Dýþ Çap;71.577;[mm]
Dýþ Çap;71.387;[mm]
Dýþ Çap;71.557;[mm]
Dýþ Çap;71.540;[mm]
Dýþ Çap;71.581;[mm]
Dýþ Çap;71.477;[mm]
Dýþ Çap;71.522;[mm]
Dýþ Çap;71.489;[mm]
Dýþ Çap;71.544;[mm]
Dýþ Çap;71.464;[mm]
Dýþ Çap;71.420;[mm]
Dýþ Çap;71.447;[mm]
Dýþ Çap;71.388;[mm]
Dýþ Çap;71.564;[mm]
Dýþ Çap;71.513;[mm]
Dýþ Çap;71.573;[mm]
Dýþ Çap;71.535;[mm]
Dýþ Çap;71.506;[mm]
Dýþ Çap;71.510;[mm]
Dýþ Çap;71.420;[mm]
Dýþ Çap;71.537;[mm]
Dýþ Çap;71.449;[mm]
Dýþ Çap;71.494;[mm]
Dýþ Çap;71.550;[mm]
Dýþ Çap;71.568;[mm]
Dýþ Çap;71.433;[mm]
Dýþ Çap;71.484;[mm]
Dýþ Çap;71.480;[mm]
Dýþ Çap;71.486;[mm]
Dýþ Çap;71.486;[mm]
Dýþ Çap;71.548;[mm]
Dýþ Çap;71.524;[mm]
Dýþ Çap;71.483;[mm]
Dýþ Çap;71.515;[mm]
Dýþ Çap;71.433;[mm]
Dýþ Çap;71.400;[mm]
Dýþ Çap;71.530;[mm]
Dýþ Çap;71.514;[mm]
Dýþ Çap;71.524;[mm]
Dýþ Çap;71.487;[mm]
Dýþ Çap;71.400;[mm]
Dýþ Çap;71.469;[mm]
Dýþ Çap;71.413;[mm]
Dýþ Çap;71.410;[mm]
Dýþ Çap;71.453;[mm]
Dýþ Çap;71.443;[mm]
Dýþ Çap;71.542;[mm]
Dýþ Çap;71.453;[mm]
Dýþ Çap;71.465;[mm]
Dýþ Çap;71.565;[mm]
Dýþ Çap;71.403;[mm]
Dýþ Çap;71.519;[mm]
Dýþ Çap;71.432;[mm]
Dýþ Çap;71.609;[mm]
Dýþ Çap;71.464;[mm]
Dýþ Çap;71.418;[mm]
Dýþ Çap;71.488;[mm]
Dýþ Çap;71.367;[mm]
Dýþ Çap;71.517;[mm]
Dýþ Çap;71.493;[mm]
Dýþ Çap;71.493;[mm]
Dýþ Çap;71.497;[mm]
Dýþ Çap;71.512;[mm]
Dýþ Çap;71.473;[mm]
Dýþ Çap;71.500;[mm]
Dýþ Çap;71.520;[mm]
Dýþ Çap;71.522;[mm]
Dýþ Çap;71.539;[mm]
Dýþ Çap;71.585;[mm]
Dýþ Çap;71.533;[mm]
Dýþ Çap;71.513;[mm]
Dýþ Çap;71.407;[mm]
Dýþ Çap;71.312;[mm]
Dýþ Çap;71.473;[mm]
Dýþ Çap;71.508;[mm]
Dýþ Çap;71.458;[mm]
Dýþ Çap;71.443;[mm]
Dýþ Çap;71.542;[mm]
Dýþ Çap;71.588;[mm]
Dýþ Çap;71.473;[mm]
Dýþ Çap;71.456;[mm]
Dýþ Çap;71.475;[mm]
Dýþ Çap;71.426;[mm]
Dýþ Çap;71.465;[mm]
Dýþ Çap;71.504;[mm]
Dýþ Çap;71.558;[mm]
Dýþ Çap;71.546;[mm]
Dýþ Çap;71.524;[mm]
Dýþ Çap;71.482;[mm]
Dýþ Çap;71.477;[mm]
Dýþ Çap;71.355;[mm]
Dýþ Çap;71.435;[mm]
Dýþ Çap;71.578;[mm]
Dýþ Çap;71.363;[mm]
Dýþ Çap;71.385;[mm]
Dýþ Çap;71.524;[mm]
Dýþ Çap;71.566;[mm]
Dýþ Çap;71.437;[mm]
Dýþ Çap;71.424;[mm]
Dýþ Çap;71.621;[mm]
Dýþ Çap;71.498;[mm]
Dýþ Çap;71.416;[mm]
Dýþ Çap;71.497;[mm]
Dýþ Çap;71.488;[mm]
Dýþ Çap;71.468;[mm]
Dýþ Çap;71.506;[mm]
Dýþ Çap;71.473;[mm]
Dýþ Çap;71.449;[mm]
Dýþ Çap;71.549;[mm]
Dýþ Çap;71.430;[mm]
Dýþ Çap;71.513;[mm]
Dýþ Çap;71.487;[mm]
Dýþ Çap;71.566;[mm]
Dýþ Çap;71.528;[mm]
Dýþ Çap;71.519;[mm]
Dýþ Çap;71.500;[mm]
Dýþ Çap;71.558;[mm]
Dýþ Çap;71.483;[mm]
Dýþ Çap;71.470;[mm]
Dýþ Çap;71.476;[mm]
Dýþ Çap;71.435;[mm]
Dýþ Çap;71.493;[mm]
Dýþ Çap;71.501;[mm]
Dýþ Çap;71.457;[mm]
Dýþ Çap;71.517;[mm]
Dýþ Çap;71.461;[mm]
Dýþ Çap;71.461;[mm]
Dýþ Çap;71.457;[mm]
Dýþ Çap;71.444;[mm]
Dýþ Çap;71.527;[mm]
Dýþ Çap;71.511;[mm]
Dýþ Çap;71.474;[mm]
Dýþ Çap;71.525;[mm]
Dýþ Çap;71.500;[mm]
Dýþ Çap;71.408;[mm]
Dýþ Çap;71.400;[mm]
Dýþ Çap;71.362;[mm]
Dýþ Çap;71.474;[mm]
Dýþ Çap;71.573;[mm]
Dýþ Çap;71.569;[mm]
Dýþ Çap;71.491;[mm]
Dýþ Çap;71.491;[mm]
Dýþ Çap;71.487;[mm]
Dýþ Çap;71.578;[mm]
Dýþ Çap;71.498;[mm]
Dýþ Çap;71.511;[mm]
Dýþ Çap;71.396;[mm]
Dýþ Çap;71.509;[mm]
Dýþ Çap;71.484;[mm]
Dýþ Çap;71.424;[mm]
Dýþ Çap;71.516;[mm]
Dýþ Çap;71.559;[mm]
Dýþ Çap;71.455;[mm]
Dýþ Çap;71.479;[mm]
Dýþ Çap;71.332;[mm]
Dýþ Çap;71.409;[mm]
Dýþ Çap;71.572;[mm]
Dýþ Çap;71.534;[mm]
Dýþ Çap;71.404;[mm]
Dýþ Çap;71.466;[mm]
Dýþ Çap;71.525;[mm]
Dýþ Çap;71.453;[mm]
Dýþ Çap;71.503;[mm]
Dýþ Çap;71.433;[mm]
Dýþ Çap;71.418;[mm]
Dýþ Çap;71.431;[mm]
Dýþ Çap;71.438;[mm]
Dýþ Çap;71.552;[mm]
Dýþ Çap;71.409;[mm]
Dýþ Çap;71.468;[mm]
Dýþ Çap;71.527;[mm]
Dýþ Çap;71.532;[mm]
Dýþ Çap;71.503;[mm]
Dýþ Çap;71.441;[mm]
Dýþ Çap;71.433;[mm]
Dýþ Çap;71.469;[mm]
Dýþ Çap;71.481;[mm]
Dýþ Çap;71.576;[mm]
Dýþ Çap;71.478;[mm]
Dýþ Çap;71.473;[mm]
Dýþ Çap;71.468;[mm]
Dýþ Çap;71.493;[mm]
Dýþ Çap;71.482;[mm]
Dýþ Çap;71.506;[mm]
Dýþ Çap;71.467;[mm]
Dýþ Çap;71.466;[mm]
Dýþ Çap;71.417;[mm]
Dýþ Çap;71.443;[mm]
Dýþ Çap;71.454;[mm]
Dýþ Çap;71.391;[mm]
Dýþ Çap;71.473;[mm]
Dýþ Çap;71.524;[mm]
Dýþ Çap;71.473;[mm]
Dýþ Çap;71.421;[mm]
Dýþ Çap;71.505;[mm]
Dýþ Çap;71.523;[mm]
Dýþ Çap;71.500;[mm]
Dýþ Çap;71.484;[mm]
Dýþ Çap;71.465;[mm]
Dýþ Çap;71.436;[mm]
Dýþ Çap;71.511;[mm]
Dýþ Çap;71.433;[mm]
Dýþ Çap;71.507;[mm]
Dýþ Çap;71.551;[mm]
Dýþ Çap;71.474;[mm]
Dýþ Çap;71.470;[mm]
Dýþ Çap;71.531;[mm]
Dýþ Çap;71.505;[mm]
Dýþ Çap;71.562;[mm]
Dýþ Çap;71.501;[mm]
Dýþ Çap;71.437;[mm]
Dýþ Çap;71.519;[mm]
Dýþ Çap;71.524;[mm]
Dýþ Çap;71.503;[mm]
Dýþ Çap;71.524;[mm]
Dýþ Çap;71.558;[mm]
Dýþ Çap;71.482;[mm]
Dýþ Çap;71.536;[mm]
Dýþ Çap;71.511;[mm]
Dýþ Çap;71.510;[mm]
Dýþ Çap;71.381;[mm]
Dýþ Çap;71.435;[mm]
Dýþ Çap;71.510;[mm]
Dýþ Çap;71.538;[mm]
Dýþ Çap;71.532;[mm]
Dýþ Çap;71.527;[mm]
Dýþ Çap;71.506;[mm]
Dýþ Çap;71.494;[mm]
Dýþ Çap;71.414;[mm]
Dýþ Çap;71.379;[mm]
Dýþ Çap;71.444;[mm]
Dýþ Çap;71.202;[mm]
Dýþ Çap;71.422;[mm]
Dýþ Çap;71.548;[mm]
Dýþ Çap;71.594;[mm]
Dýþ Çap;71.564;[mm]
Dýþ Çap;71.522;[mm]
Dýþ Çap;71.512;[mm]
Dýþ Çap;71.456;[mm]
Dýþ Çap;71.462;[mm]
Dýþ Çap;71.414;[mm]
Dýþ Çap;71.548;[mm]
Dýþ Çap;71.523;[mm]
Dýþ Çap;71.438;[mm]
Dýþ Çap;71.482;[mm]
Dýþ Çap;71.516;[mm]
Dýþ Çap;71.560;[mm]
Dýþ Çap;71.503;[mm]
Dýþ Çap;71.438;[mm]
Dýþ Çap;71.440;[mm]
Dýþ Çap;71.261;[mm]
Dýþ Çap;71.378;[mm]
Dýþ Çap;71.416;[mm]
Dýþ Çap;71.475;[mm]
Dýþ Çap;71.464;[mm]
Dýþ Çap;71.386;[mm]
Dýþ Çap;71.425;[mm]
Dýþ Çap;71.532;[mm]
Dýþ Çap;71.495;[mm]
Dýþ Çap;71.532;[mm]
Dýþ Çap;71.552;[mm]
Dýþ Çap;71.409;[mm]
Dýþ Çap;71.401;[mm]
Dýþ Çap;71.498;[mm]
Dýþ Çap;71.542;[mm]
Dýþ Çap;71.461;[mm]
Dýþ Çap;71.451;[mm]
Dýþ Çap;71.404;[mm]
Dýþ Çap;71.445;[mm]
Dýþ Çap;71.474;[mm]
Dýþ Çap;71.416;[mm]
Dýþ Çap;71.492;[mm]
Dýþ Çap;71.464;[mm]
Dýþ Çap;71.481;[mm]
Dýþ Çap;71.503;[mm]
Dýþ Çap;71.463;[mm]
Dýþ Çap;71.466;[mm]
Dýþ Çap;71.416;[mm]
Dýþ Çap;71.394;[mm]
Dýþ Çap;71.434;[mm]
Dýþ Çap;71.499;[mm]
Dýþ Çap;71.557;[mm]
Dýþ Çap;71.554;[mm]
Dýþ Çap;71.467;[mm]
Dýþ Çap;71.492;[mm]
Dýþ Çap;71.493;[mm]
Dýþ Çap;71.438;[mm]
Dýþ Çap;71.358;[mm]
Dýþ Çap;71.439;[mm]
Dýþ Çap;71.589;[mm]
Dýþ Çap;71.442;[mm]
Dýþ Çap;71.545;[mm]
Dýþ Çap;71.433;[mm]
Dýþ Çap;71.487;[mm]
Dýþ Çap;71.413;[mm]
Dýþ Çap; ; 
Dýþ Çap;71.407;[mm]
Dýþ Çap;71.344;[mm]
Dýþ Çap;71.477;[mm]
Dýþ Çap;71.471;[mm]
Dýþ Çap;71.485;[mm]
Dýþ Çap;71.547;[mm]
Dýþ Çap;71.469;[mm]
Dýþ Çap;71.380;[mm]
Dýþ Çap;71.472;[mm]
Dýþ Çap;71.571;[mm]
Dýþ Çap;71.492;[mm]
Dýþ Çap;71.595;[mm]
Dýþ Çap;71.265;[mm]
Dýþ Çap;71.495;[mm]
Dýþ Çap;71.444;[mm]
Dýþ Çap;71.489;[mm]
Dýþ Çap; ; 
Dýþ Çap;71.495;[mm]
Dýþ Çap;71.318;[mm]
Dýþ Çap;71.452;[mm]
Dýþ Çap;71.594;[mm]
Dýþ Çap;71.463;[mm]
Dýþ Çap;71.357;[mm]
Dýþ Çap;71.453;[mm]
Dýþ Çap;71.482;[mm]
Dýþ Çap;71.441;[mm]
Dýþ Çap;71.376;[mm]
Dýþ Çap;71.466;[mm]
Dýþ Çap;71.524;[mm]
Dýþ Çap;71.465;[mm]
Dýþ Çap;71.449;[mm]
Dýþ Çap;71.576;[mm]
Dýþ Çap;71.418;[mm]
Dýþ Çap;71.353;[mm]
Dýþ Çap;71.459;[mm]
Dýþ Çap;71.583;[mm]
Dýþ Çap;71.475;[mm]
Dýþ Çap;71.574;[mm]
Dýþ Çap;71.498;[mm]
Dýþ Çap;71.438;[mm]
Dýþ Çap;71.390;[mm]
Dýþ Çap;71.506;[mm]
Dýþ Çap;71.477;[mm]
Dýþ Çap;71.513;[mm]
Dýþ Çap;71.416;[mm]
Dýþ Çap;71.497;[mm]
Dýþ Çap;71.416;[mm]
Dýþ Çap;71.483;[mm]
Dýþ Çap;71.358;[mm]
Dýþ Çap;71.356;[mm]
Dýþ Çap;70.747;[mm]
Dýþ Çap;71.604;[mm]
Dýþ Çap;71.512;[mm]
Dýþ Çap;71.471;[mm]
Dýþ Çap;71.459;[mm]
Dýþ Çap;71.587;[mm]
Dýþ Çap;71.479;[mm]
Dýþ Çap;71.440;[mm]
Dýþ Çap;71.526;[mm]
Dýþ Çap;71.473;[mm]
Dýþ Çap;71.518;[mm]
Dýþ Çap;71.474;[mm]
Dýþ Çap;71.404;[mm]
Dýþ Çap;71.505;[mm]
Dýþ Çap;71.441;[mm]
Dýþ Çap;71.549;[mm]
Dýþ Çap;71.409;[mm]
Dýþ Çap;71.432;[mm]
Dýþ Çap;71.445;[mm]
Dýþ Çap;71.515;[mm]
Dýþ Çap;71.540;[mm]
Dýþ Çap;71.490;[mm]
Dýþ Çap;71.454;[mm]
Dýþ Çap;71.483;[mm]
Dýþ Çap;71.461;[mm]
Dýþ Çap;71.403;[mm]
Dýþ Çap;71.529;[mm]
Dýþ Çap;71.459;[mm]
Dýþ Çap;71.525;[mm]
Dýþ Çap;71.498;[mm]
Dýþ Çap;71.526;[mm]
Dýþ Çap;71.491;[mm]
Dýþ Çap;71.554;[mm]
Dýþ Çap;71.464;[mm]
Dýþ Çap;71.528;[mm]
Dýþ Çap;71.568;[mm]
Dýþ Çap;71.529;[mm]
Dýþ Çap;71.512;[mm]
Dýþ Çap;71.435;[mm]
Dýþ Çap;71.419;[mm]
Dýþ Çap;71.342;[mm]
Dýþ Çap;71.432;[mm]
Dýþ Çap;71.452;[mm]
Dýþ Çap;71.463;[mm]
Dýþ Çap;71.428;[mm]
Dýþ Çap;71.465;[mm]
Dýþ Çap;71.531;[mm]
Dýþ Çap;71.400;[mm]
Dýþ Çap;71.552;[mm]
Dýþ Çap;71.383;[mm]
Dýþ Çap;71.487;[mm]
Dýþ Çap;71.577;[mm]
Dýþ Çap;71.475;[mm]
Dýþ Çap;71.549;[mm]
Dýþ Çap;71.484;[mm]
Dýþ Çap;71.526;[mm]
Dýþ Çap;71.545;[mm]
Dýþ Çap;71.509;[mm]
Dýþ Çap;71.445;[mm]
Dýþ Çap;71.401;[mm]
Dýþ Çap;71.503;[mm]
Dýþ Çap;71.495;[mm]
Dýþ Çap;71.522;[mm]
Dýþ Çap;71.463;[mm]
Dýþ Çap;71.391;[mm]
Dýþ Çap;71.482;[mm]
Dýþ Çap;71.520;[mm]
Dýþ Çap;71.485;[mm]
Dýþ Çap;71.461;[mm]
Dýþ Çap;71.544;[mm]
Dýþ Çap;71.479;[mm]
Dýþ Çap;71.341;[mm]
Dýþ Çap;71.509;[mm]
Dýþ Çap;71.542;[mm]
Dýþ Çap;71.495;[mm]
Dýþ Çap;71.494;[mm]
Dýþ Çap;71.514;[mm]
Dýþ Çap;71.572;[mm]
Dýþ Çap;71.515;[mm]
Dýþ Çap;71.425;[mm]
Dýþ Çap;71.400;[mm]
Dýþ Çap;71.378;[mm]
Dýþ Çap;71.507;[mm]
Dýþ Çap;71.476;[mm]
Dýþ Çap;71.431;[mm]
Dýþ Çap;71.460;[mm]
Dýþ Çap;71.442;[mm]
Dýþ Çap;71.214;[mm]
Dýþ Çap;71.527;[mm]
Dýþ Çap;71.305;[mm]
Dýþ Çap;71.474;[mm]
Dýþ Çap;71.368;[mm]
Dýþ Çap;71.454;[mm]
Dýþ Çap;71.457;[mm]
Dýþ Çap;71.481;[mm]
Dýþ Çap;71.449;[mm]
Dýþ Çap;71.507;[mm]
Dýþ Çap;71.532;[mm]
Dýþ Çap;71.493;[mm]
Dýþ Çap;71.552;[mm]
Dýþ Çap;71.540;[mm]
Dýþ Çap;71.445;[mm]
Dýþ Çap;71.543;[mm]
Dýþ Çap;71.404;[mm]
Dýþ Çap;71.495;[mm]
Dýþ Çap;71.446;[mm]
Dýþ Çap;71.519;[mm]
Dýþ Çap;71.391;[mm]
Dýþ Çap;71.510;[mm]
Dýþ Çap;71.455;[mm]
Dýþ Çap;71.534;[mm]
Dýþ Çap;71.446;[mm]
Dýþ Çap;71.448;[mm]
Dýþ Çap;71.535;[mm]
Dýþ Çap;71.469;[mm]
Dýþ Çap;71.604;[mm]
Dýþ Çap;71.482;[mm]
Dýþ Çap;71.479;[mm]
Dýþ Çap;71.542;[mm]
Dýþ Çap;71.442;[mm]
Dýþ Çap;71.399;[mm]
Dýþ Çap;71.405;[mm]
Dýþ Çap;71.496;[mm]
Dýþ Çap;71.496;[mm]
Dýþ Çap;71.509;[mm]
Dýþ Çap;71.468;[mm]
Dýþ Çap;71.490;[mm]
Dýþ Çap;71.521;[mm]
Dýþ Çap;71.514;[mm]
Dýþ Çap;71.443;[mm]
Dýþ Çap;71.490;[mm]
Dýþ Çap;71.435;[mm]
Dýþ Çap;71.604;[mm]
Dýþ Çap;71.401;[mm]
Dýþ Çap;71.467;[mm]
Dýþ Çap;71.435;[mm]
Dýþ Çap;71.575;[mm]
Dýþ Çap;71.454;[mm]
Dýþ Çap;71.493;[mm]
Dýþ Çap;71.518;[mm]
Dýþ Çap;71.556;[mm]
Dýþ Çap;71.542;[mm]
Dýþ Çap;71.533;[mm]
Dýþ Çap;71.463;[mm]
Dýþ Çap;71.381;[mm]
Dýþ Çap;71.494;[mm]
Dýþ Çap;71.409;[mm]
Dýþ Çap;71.511;[mm]
Dýþ Çap;71.556;[mm]
Dýþ Çap;71.391;[mm]
Dýþ Çap;71.459;[mm]
Dýþ Çap;71.501;[mm]
Dýþ Çap;71.531;[mm]
Dýþ Çap;71.409;[mm]
Dýþ Çap;71.519;[mm]
Dýþ Çap;71.434;[mm]
Dýþ Çap;71.427;[mm]
Dýþ Çap;71.453;[mm]
Dýþ Çap;71.474;[mm]
Dýþ Çap;71.474;[mm]
Dýþ Çap;71.487;[mm]
Dýþ Çap;71.512;[mm]
Dýþ Çap;71.482;[mm]
Dýþ Çap;71.516;[mm]
Dýþ Çap;71.487;[mm]
Dýþ Çap;71.411;[mm]
Dýþ Çap;71.523;[mm]
Dýþ Çap;71.516;[mm]
Dýþ Çap;71.451;[mm]
Dýþ Çap;71.464;[mm]
Dýþ Çap;71.482;[mm]
Dýþ Çap;71.523;[mm]
Dýþ Çap;71.521;[mm]
Dýþ Çap;71.550;[mm]
Dýþ Çap;71.497;[mm]
Dýþ Çap;71.509;[mm]
Dýþ Çap;71.484;[mm]
Dýþ Çap;71.498;[mm]
Dýþ Çap;71.423;[mm]
Dýþ Çap;71.533;[mm]
Dýþ Çap;71.451;[mm]
Dýþ Çap;71.501;[mm]
Dýþ Çap;71.498;[mm]
Dýþ Çap;71.433;[mm]
Dýþ Çap;71.430;[mm]
Dýþ Çap;71.556;[mm]
Dýþ Çap;71.518;[mm]
Dýþ Çap;71.399;[mm]
Dýþ Çap;71.488;[mm]
Dýþ Çap;71.482;[mm]
Dýþ Çap;71.538;[mm]
Dýþ Çap;71.575;[mm]
Dýþ Çap;71.300;[mm]
Dýþ Çap;71.490;[mm]
Dýþ Çap;71.412;[mm]
Dýþ Çap;71.353;[mm]
Dýþ Çap;71.471;[mm]
Dýþ Çap;71.481;[mm]
Dýþ Çap;71.540;[mm]
Dýþ Çap;71.363;[mm]
Dýþ Çap;71.437;[mm]
Dýþ Çap;71.445;[mm]
Dýþ Çap;71.459;[mm]
Dýþ Çap;71.424;[mm]
Dýþ Çap;71.455;[mm]
Dýþ Çap;71.468;[mm]
Dýþ Çap;71.495;[mm]
Dýþ Çap;71.568;[mm]
Dýþ Çap;71.397;[mm]
Dýþ Çap;71.336;[mm]
Dýþ Çap;71.479;[mm]
Dýþ Çap;71.420;[mm]
Dýþ Çap;71.432;[mm]
Dýþ Çap;71.561;[mm]
Dýþ Çap;71.419;[mm]
Dýþ Çap;71.503;[mm]
Dýþ Çap;71.455;[mm]
Dýþ Çap;71.528;[mm]
Dýþ Çap;71.468;[mm]
Dýþ Çap;71.462;[mm]
Dýþ Çap;71.418;[mm]
Dýþ Çap;71.302;[mm]
Dýþ Çap;71.552;[mm]
Dýþ Çap;71.447;[mm]
Dýþ Çap;71.552;[mm]
Dýþ Çap;71.480;[mm]
Dýþ Çap;71.499;[mm]
Dýþ Çap;71.471;[mm]
Dýþ Çap;71.464;[mm]
Dýþ Çap;71.496;[mm]
Dýþ Çap;71.432;[mm]
Dýþ Çap;71.508;[mm]
Dýþ Çap;71.442;[mm]
Dýþ Çap;71.470;[mm]
Dýþ Çap;71.487;[mm]
Dýþ Çap;71.437;[mm]
Dýþ Çap;71.067;[mm]
Dýþ Çap;71.457;[mm]
Dýþ Çap;71.422;[mm]
Dýþ Çap;71.467;[mm]
Dýþ Çap;71.327;[mm]
Dýþ Çap;71.658;[mm]
Dýþ Çap;71.484;[mm]
Dýþ Çap;71.529;[mm]
Dýþ Çap;71.456;[mm]
Dýþ Çap;71.445;[mm]
Dýþ Çap;71.426;[mm]
Dýþ Çap;71.405;[mm]
Dýþ Çap;71.529;[mm]
Dýþ Çap;71.551;[mm]
Dýþ Çap;71.499;[mm]
Dýþ Çap;71.547;[mm]
Dýþ Çap;71.452;[mm]
Dýþ Çap;71.533;[mm]
Dýþ Çap;71.612;[mm]
Dýþ Çap;71.483;[mm]
Dýþ Çap;71.491;[mm]
Dýþ Çap;71.469;[mm]
Dýþ Çap;71.479;[mm]
Dýþ Çap;71.579;[mm]
Dýþ Çap;71.518;[mm]
Dýþ Çap;71.453;[mm]
Dýþ Çap;71.537;[mm]
Dýþ Çap;71.501;[mm]
Dýþ Çap;71.266;[mm]
Dýþ Çap;71.491;[mm]
Dýþ Çap;71.533;[mm]
Dýþ Çap;71.450;[mm]
Dýþ Çap; ; 
Dýþ Çap;71.525;[mm]
Dýþ Çap;71.450;[mm]
Dýþ Çap;71.587;[mm]
Dýþ Çap;71.421;[mm]
Dýþ Çap;71.496;[mm]
Dýþ Çap;71.428;[mm]
Dýþ Çap;71.498;[mm]
Dýþ Çap;71.419;[mm]
Dýþ Çap;71.503;[mm]
Dýþ Çap;71.463;[mm]
Dýþ Çap;71.488;[mm]
Dýþ Çap;71.443;[mm]
Dýþ Çap;71.412;[mm]
Dýþ Çap;71.535;[mm]
Dýþ Çap;71.529;[mm]
Dýþ Çap;71.487;[mm]
Dýþ Çap;71.579;[mm]
Dýþ Çap;71.477;[mm]
Dýþ Çap;71.501;[mm]
Dýþ Çap;71.503;[mm]
Dýþ Çap;71.433;[mm]
Dýþ Çap;71.611;[mm]
Dýþ Çap;71.437;[mm]
Dýþ Çap;71.387;[mm]
Dýþ Çap;71.476;[mm]
Dýþ Çap;71.471;[mm]
Dýþ Çap;71.460;[mm]
Dýþ Çap;71.476;[mm]
Dýþ Çap;71.441;[mm]
Dýþ Çap;71.431;[mm]
Dýþ Çap;71.492;[mm]
Dýþ Çap;71.462;[mm]
Dýþ Çap;71.494;[mm]
Dýþ Çap;71.558;[mm]
Dýþ Çap;71.561;[mm]
Dýþ Çap;71.377;[mm]
Dýþ Çap;71.522;[mm]
Dýþ Çap;71.450;[mm]
Dýþ Çap;71.428;[mm]
Dýþ Çap;71.537;[mm]
Dýþ Çap;71.432;[mm]
Dýþ Çap;71.425;[mm]
Dýþ Çap;71.527;[mm]
Dýþ Çap;71.407;[mm]
Dýþ Çap;71.438;[mm]
Dýþ Çap;71.454;[mm]
Dýþ Çap;71.545;[mm]
Dýþ Çap;71.552;[mm]
Dýþ Çap;71.523;[mm]
Dýþ Çap;71.458;[mm]
Dýþ Çap;71.389;[mm]
Dýþ Çap;71.358;[mm]
Dýþ Çap;71.516;[mm]
Dýþ Çap;71.489;[mm]
Dýþ Çap;71.545;[mm]
Dýþ Çap;71.488;[mm]
Dýþ Çap;71.372;[mm]
Dýþ Çap;71.492;[mm]
Dýþ Çap;71.434;[mm]
Dýþ Çap;71.515;[mm]
Dýþ Çap;71.458;[mm]
Dýþ Çap;71.501;[mm]
Dýþ Çap;71.498;[mm]
Dýþ Çap;71.444;[mm]
Dýþ Çap;71.450;[mm]
Dýþ Çap;71.424;[mm]
Dýþ Çap;71.654;[mm]
Dýþ Çap;71.490;[mm]
Dýþ Çap;71.495;[mm]
Dýþ Çap;71.462;[mm]
Dýþ Çap;71.463;[mm]
Dýþ Çap;71.485;[mm]
Dýþ Çap;71.469;[mm]
Dýþ Çap;71.501;[mm]
Dýþ Çap;71.416;[mm]
Dýþ Çap;71.485;[mm]
Dýþ Çap;71.519;[mm]
Dýþ Çap;71.520;[mm]
Dýþ Çap;71.368;[mm]
Dýþ Çap;71.395;[mm]
Dýþ Çap;71.499;[mm]
Dýþ Çap;71.476;[mm]
Dýþ Çap;71.499;[mm]
Dýþ Çap;71.468;[mm]
Dýþ Çap;71.570;[mm]
Dýþ Çap;71.440;[mm]
Dýþ Çap;71.515;[mm]
Dýþ Çap;71.453;[mm]
Dýþ Çap;71.446;[mm]
Dýþ Çap;71.499;[mm]
Dýþ Çap;71.383;[mm]
Dýþ Çap;71.363;[mm]
Dýþ Çap;71.415;[mm]
Dýþ Çap;71.498;[mm]
Dýþ Çap;71.474;[mm]
Dýþ Çap;71.533;[mm]
Dýþ Çap;71.514;[mm]
Dýþ Çap;71.401;[mm]
Dýþ Çap;71.478;[mm]
Dýþ Çap;71.404;[mm]
Dýþ Çap;71.430;[mm]
Dýþ Çap;71.401;[mm]
Dýþ Çap;71.530;[mm]
Dýþ Çap;71.465;[mm]
Dýþ Çap;71.388;[mm]
Dýþ Çap;71.531;[mm]
Dýþ Çap;71.478;[mm]
Dýþ Çap;71.500;[mm]
Dýþ Çap;71.513;[mm]
Dýþ Çap;71.547;[mm]
Dýþ Çap;71.464;[mm]
Dýþ Çap;71.411;[mm]
Dýþ Çap;71.536;[mm]
Dýþ Çap;71.519;[mm]
Dýþ Çap;71.490;[mm]
Dýþ Çap;71.558;[mm]
Dýþ Çap;71.521;[mm]
Dýþ Çap;71.480;[mm]
Dýþ Çap;71.510;[mm]
Dýþ Çap;71.456;[mm]
Dýþ Çap;71.439;[mm]
Dýþ Çap;71.450;[mm]
Dýþ Çap;71.447;[mm]
Dýþ Çap;71.519;[mm]
Dýþ Çap;71.522;[mm]
Dýþ Çap;71.503;[mm]
Dýþ Çap;71.492;[mm]
Dýþ Çap;71.523;[mm]
Dýþ Çap;71.418;[mm]
Dýþ Çap;71.531;[mm]
Dýþ Çap;71.523;[mm]
Dýþ Çap;71.431;[mm]
Dýþ Çap;71.390;[mm]
Dýþ Çap;71.456;[mm]
Dýþ Çap;71.514;[mm]
Dýþ Çap;71.438;[mm]
Dýþ Çap;71.549;[mm]
Dýþ Çap;71.541;[mm]
Dýþ Çap;71.513;[mm]
Dýþ Çap;71.491;[mm]
Dýþ Çap;71.405;[mm]
Dýþ Çap;71.436;[mm]
Dýþ Çap;71.488;[mm]
Dýþ Çap;71.477;[mm]
Dýþ Çap;71.469;[mm]
Dýþ Çap;71.496;[mm]
Dýþ Çap;71.484;[mm]
Dýþ Çap;71.478;[mm]
Dýþ Çap;71.453;[mm]
Dýþ Çap;71.399;[mm]
Dýþ Çap;71.605;[mm]
Dýþ Çap;71.443;[mm]
Dýþ Çap;71.535;[mm]
Dýþ Çap;71.458;[mm]
Dýþ Çap;71.415;[mm]
Dýþ Çap;71.615;[mm]
Dýþ Çap;71.894;[mm]
Dýþ Çap;71.551;[mm]
Dýþ Çap;71.327;[mm]
Dýþ Çap;71.427;[mm]
Dýþ Çap;71.470;[mm]
Dýþ Çap;71.466;[mm]
Dýþ Çap;71.504;[mm]
Dýþ Çap;71.436;[mm]
Dýþ Çap;71.414;[mm]
Dýþ Çap;71.538;[mm]
Dýþ Çap;71.528;[mm]
Dýþ Çap;71.542;[mm]
Dýþ Çap;71.493;[mm]
Dýþ Çap;71.415;[mm]
Dýþ Çap;71.493;[mm]
Dýþ Çap;71.484;[mm]
Dýþ Çap;71.502;[mm]
Dýþ Çap;71.507;[mm]
Dýþ Çap;71.533;[mm]
Dýþ Çap;71.414;[mm]
Dýþ Çap;71.486;[mm]
Dýþ Çap;71.408;[mm]
Dýþ Çap;71.504;[mm]
Dýþ Çap;71.487;[mm]
Dýþ Çap;71.458;[mm]
Dýþ Çap;71.521;[mm]
Dýþ Çap;71.493;[mm]
Dýþ Çap;71.525;[mm]
Dýþ Çap;71.405;[mm]
Dýþ Çap;71.487;[mm]
Dýþ Çap;71.522;[mm]
Dýþ Çap;71.588;[mm]
Dýþ Çap;71.494;[mm]
Dýþ Çap;71.392;[mm]
Dýþ Çap;71.497;[mm]
Dýþ Çap;71.563;[mm]
Dýþ Çap;71.400;[mm]
Dýþ Çap;71.431;[mm]
Dýþ Çap;71.474;[mm]
Dýþ Çap;71.527;[mm]
Dýþ Çap;71.479;[mm]
Dýþ Çap;71.476;[mm]
Dýþ Çap;71.438;[mm]
Dýþ Çap;71.533;[mm]
Dýþ Çap;71.508;[mm]
Dýþ Çap;71.490;[mm]
Dýþ Çap;71.507;[mm]
Dýþ Çap;71.450;[mm]
Dýþ Çap;71.425;[mm]
Dýþ Çap;71.517;[mm]
Dýþ Çap;71.584;[mm]
Dýþ Çap;71.390;[mm]
Dýþ Çap;71.505;[mm]
Dýþ Çap;71.533;[mm]
Dýþ Çap;71.383;[mm]
Dýþ Çap;71.518;[mm]
Dýþ Çap;71.481;[mm]
Dýþ Çap;71.491;[mm]
Dýþ Çap;71.479;[mm]
Dýþ Çap;71.450;[mm]
Dýþ Çap;71.475;[mm]
Dýþ Çap;71.458;[mm]
Dýþ Çap;71.503;[mm]
Dýþ Çap;71.244;[mm]
Dýþ Çap;71.524;[mm]
Dýþ Çap;71.442;[mm]
Dýþ Çap;71.390;[mm]
Dýþ Çap;71.519;[mm]
Dýþ Çap;71.477;[mm]
Dýþ Çap;71.473;[mm]
Dýþ Çap;71.491;[mm]
Dýþ Çap;71.480;[mm]
Dýþ Çap;71.417;[mm]
Dýþ Çap;71.451;[mm]
Dýþ Çap;71.445;[mm]
Dýþ Çap;71.496;[mm]
Dýþ Çap;71.479;[mm]
Dýþ Çap;71.529;[mm]
Dýþ Çap;71.385;[mm]
Dýþ Çap;71.576;[mm]
Dýþ Çap;71.475;[mm]
Dýþ Çap;71.428;[mm]
Dýþ Çap;71.428;[mm]
Dýþ Çap;71.459;[mm]
Dýþ Çap;71.496;[mm]
Dýþ Çap;71.539;[mm]
Dýþ Çap;71.432;[mm]
Dýþ Çap;71.486;[mm]
Dýþ Çap;71.486;[mm]
Dýþ Çap;71.566;[mm]
Dýþ Çap;71.473;[mm]
Dýþ Çap;71.390;[mm]
Dýþ Çap;71.340;[mm]
Dýþ Çap;71.403;[mm]
Dýþ Çap;71.470;[mm]
Dýþ Çap;71.497;[mm]
Dýþ Çap;71.460;[mm]
Dýþ Çap;71.452;[mm]
Dýþ Çap;71.376;[mm]
Dýþ Çap;71.418;[mm]
Dýþ Çap;71.423;[mm]
Dýþ Çap;71.534;[mm]
Dýþ Çap;71.538;[mm]
Dýþ Çap;71.559;[mm]
Dýþ Çap;71.398;[mm]
Dýþ Çap;71.415;[mm]
Dýþ Çap;71.473;[mm]
Dýþ Çap;71.469;[mm]
Dýþ Çap;71.375;[mm]
Dýþ Çap;71.404;[mm]
Dýþ Çap;71.527;[mm]
Dýþ Çap;71.370;[mm]
Dýþ Çap;71.402;[mm]
Dýþ Çap;71.540;[mm]
Dýþ Çap;71.476;[mm]
Dýþ Çap;71.425;[mm]
Dýþ Çap;71.464;[mm]
Dýþ Çap;71.459;[mm]
Dýþ Çap;71.528;[mm]
Dýþ Çap;71.474;[mm]
Dýþ Çap;71.443;[mm]
Dýþ Çap;71.495;[mm]
Dýþ Çap;71.538;[mm]
Dýþ Çap;71.390;[mm]
Dýþ Çap;71.465;[mm]
Dýþ Çap;71.391;[mm]
Dýþ Çap;71.586;[mm]
Dýþ Çap;71.463;[mm]
Dýþ Çap;71.512;[mm]
Dýþ Çap;71.503;[mm]
Dýþ Çap;71.423;[mm]
Dýþ Çap;71.414;[mm]
Dýþ Çap;71.450;[mm]
Dýþ Çap;71.487;[mm]
Dýþ Çap;71.469;[mm]
Dýþ Çap;71.517;[mm]
Dýþ Çap;71.506;[mm]
Dýþ Çap;71.547;[mm]
Dýþ Çap;71.475;[mm]
Dýþ Çap;71.426;[mm]
Dýþ Çap;71.477;[mm]
Dýþ Çap;71.533;[mm]
Dýþ Çap;71.281;[mm]
Dýþ Çap;71.615;[mm]
Dýþ Çap;72.117;[mm]
Dýþ Çap;71.375;[mm]
Dýþ Çap;71.421;[mm]
Dýþ Çap;71.567;[mm]
Dýþ Çap;71.483;[mm]
Dýþ Çap;71.479;[mm]
Dýþ Çap;71.447;[mm]
Dýþ Çap;71.547;[mm]
Dýþ Çap;71.474;[mm]
Dýþ Çap;71.499;[mm]
Dýþ Çap;71.431;[mm]
Dýþ Çap;71.456;[mm]
Dýþ Çap;71.697;[mm]
Dýþ Çap;71.515;[mm]
Dýþ Çap;71.375;[mm]
Dýþ Çap;71.460;[mm]
Dýþ Çap;71.476;[mm]
Dýþ Çap;71.538;[mm]
Dýþ Çap;71.397;[mm]
Dýþ Çap;71.566;[mm]
Dýþ Çap;71.535;[mm]
Dýþ Çap;71.445;[mm]
Dýþ Çap;71.402;[mm]
Dýþ Çap;71.393;[mm]
Dýþ Çap;71.437;[mm]
Dýþ Çap;71.351;[mm]
Dýþ Çap;71.480;[mm]
Dýþ Çap;71.395;[mm]
Dýþ Çap;71.390;[mm]
Dýþ Çap;71.524;[mm]
Dýþ Çap;71.521;[mm]
Dýþ Çap;71.436;[mm]
Dýþ Çap;71.444;[mm]
Dýþ Çap;71.450;[mm]
Dýþ Çap;71.449;[mm]
Dýþ Çap;71.418;[mm]
Dýþ Çap;71.403;[mm]
Dýþ Çap;71.500;[mm]
Dýþ Çap;71.489;[mm]
Dýþ Çap;71.499;[mm]
Dýþ Çap;71.452;[mm]
Dýþ Çap;71.386;[mm]
Dýþ Çap;71.550;[mm]
Dýþ Çap;71.465;[mm]
Dýþ Çap;71.373;[mm]
Dýþ Çap;71.498;[mm]
Dýþ Çap;71.560;[mm]
Dýþ Çap;71.418;[mm]
Dýþ Çap;71.509;[mm]
Dýþ Çap;71.462;[mm]
Dýþ Çap;71.420;[mm]
Dýþ Çap;71.006;[mm]
Dýþ Çap;71.432;[mm]
Dýþ Çap;71.395;[mm]
Dýþ Çap;71.538;[mm]
Dýþ Çap;71.365;[mm]
Dýþ Çap;71.433;[mm]
Dýþ Çap;71.377;[mm]
Dýþ Çap;71.469;[mm]
Dýþ Çap;71.505;[mm]
Dýþ Çap;71.467;[mm]
Dýþ Çap;71.464;[mm]
Dýþ Çap;71.455;[mm]
Dýþ Çap;71.531;[mm]
Dýþ Çap;71.455;[mm]
Dýþ Çap;71.501;[mm]
Dýþ Çap; ; 
Dýþ Çap;71.480;[mm]
Dýþ Çap;71.617;[mm]
Dýþ Çap;71.471;[mm]
Dýþ Çap;71.464;[mm]
Dýþ Çap;71.385;[mm]
Dýþ Çap;71.510;[mm]
Dýþ Çap;71.503;[mm]
Dýþ Çap;71.473;[mm]
Dýþ Çap;71.385;[mm]
Dýþ Çap;71.469;[mm]
Dýþ Çap;71.482;[mm]
Dýþ Çap;71.458;[mm]
Dýþ Çap;71.414;[mm]
Dýþ Çap;71.406;[mm]
Dýþ Çap;71.510;[mm]
Dýþ Çap;71.330;[mm]
Dýþ Çap;71.504;[mm]
Dýþ Çap;71.408;[mm]
Dýþ Çap;71.452;[mm]
Dýþ Çap;71.426;[mm]
Dýþ Çap;71.485;[mm]
Dýþ Çap;71.603;[mm]
Dýþ Çap;71.513;[mm]
Dýþ Çap;71.546;[mm]
Dýþ Çap;71.371;[mm]
Dýþ Çap;71.402;[mm]
Dýþ Çap;71.425;[mm]
Dýþ Çap;71.501;[mm]
Dýþ Çap;71.480;[mm]
Dýþ Çap;71.455;[mm]
Dýþ Çap;71.463;[mm]
Dýþ Çap;71.520;[mm]
Dýþ Çap;71.494;[mm]
Dýþ Çap;71.459;[mm]
Dýþ Çap;71.423;[mm]
Dýþ Çap;71.399;[mm]
Dýþ Çap;71.390;[mm]
Dýþ Çap; ; 
Dýþ Çap;71.452;[mm]
Dýþ Çap;71.476;[mm]
Dýþ Çap;71.498;[mm]
Dýþ Çap;71.457;[mm]
Dýþ Çap;71.471;[mm]
Dýþ Çap;71.503;[mm]
Dýþ Çap;71.476;[mm]
Dýþ Çap;71.429;[mm]
Dýþ Çap;71.492;[mm]
Dýþ Çap;71.488;[mm]
Dýþ Çap;71.499;[mm]
Dýþ Çap;71.456;[mm]
Dýþ Çap;71.501;[mm]
Dýþ Çap;71.445;[mm]
Dýþ Çap;71.460;[mm]
Dýþ Çap;71.465;[mm]
Dýþ Çap;71.532;[mm]
Dýþ Çap;71.434;[mm]
Dýþ Çap;71.576;[mm]
Dýþ Çap;71.364;[mm]
Dýþ Çap;71.482;[mm]
Dýþ Çap;71.422;[mm]
Dýþ Çap;71.483;[mm]
Dýþ Çap;71.462;[mm]
Dýþ Çap;71.556;[mm]
Dýþ Çap;71.451;[mm]
Dýþ Çap;71.439;[mm]
Dýþ Çap;71.467;[mm]
Dýþ Çap;71.547;[mm]
Dýþ Çap;71.359;[mm]
Dýþ Çap;71.478;[mm]
Dýþ Çap;71.538;[mm]
Dýþ Çap;71.509;[mm]
Dýþ Çap;71.461;[mm]
Dýþ Çap;71.542;[mm]
Dýþ Çap;71.459;[mm]
Dýþ Çap;71.402;[mm]
Dýþ Çap;71.544;[mm]
Dýþ Çap;71.448;[mm]
Dýþ Çap;71.475;[mm]
Dýþ Çap;71.515;[mm]
Dýþ Çap;71.525;[mm]
Dýþ Çap;71.533;[mm]
Dýþ Çap;71.543;[mm]
Dýþ Çap;71.561;[mm]
Dýþ Çap;71.459;[mm]
Dýþ Çap; ; 
Dýþ Çap;71.382;[mm]
Dýþ Çap;71.433;[mm]
Dýþ Çap;71.357;[mm]
Dýþ Çap;71.224;[mm]
Dýþ Çap;71.501;[mm]
Dýþ Çap;71.558;[mm]
Dýþ Çap;71.405;[mm]
Dýþ Çap;71.435;[mm]
Dýþ Çap;71.451;[mm]
Dýþ Çap;71.478;[mm]
Dýþ Çap;71.483;[mm]
Dýþ Çap;71.502;[mm]
Dýþ Çap;71.468;[mm]
Dýþ Çap;71.465;[mm]
Dýþ Çap;71.488;[mm]
Dýþ Çap;71.517;[mm]
Dýþ Çap;71.441;[mm]
Dýþ Çap;71.461;[mm]
Dýþ Çap;71.370;[mm]
Dýþ Çap;71.468;[mm]
Dýþ Çap;71.546;[mm]
Dýþ Çap;71.469;[mm]
Dýþ Çap;71.467;[mm]
Dýþ Çap;71.250;[mm]
Dýþ Çap;71.435;[mm]
Dýþ Çap;71.392;[mm]
Dýþ Çap;71.431;[mm]
Dýþ Çap;71.501;[mm]
Dýþ Çap;71.458;[mm]
Dýþ Çap;71.519;[mm]
Dýþ Çap;71.440;[mm]
Dýþ Çap;71.413;[mm]
Dýþ Çap;71.516;[mm]
Dýþ Çap;71.430;[mm]
Dýþ Çap;71.552;[mm]
Dýþ Çap;71.510;[mm]
Dýþ Çap;71.390;[mm]
Dýþ Çap;71.479;[mm]
Dýþ Çap;71.462;[mm]
Dýþ Çap;71.404;[mm]
Dýþ Çap;71.441;[mm]
Dýþ Çap;71.582;[mm]
Dýþ Çap;71.448;[mm]
Dýþ Çap;71.402;[mm]
Dýþ Çap;71.451;[mm]
Dýþ Çap;71.396;[mm]
Dýþ Çap;71.398;[mm]
Dýþ Çap;71.507;[mm]
Dýþ Çap;71.476;[mm]
Dýþ Çap; ; 
Dýþ Çap;71.443;[mm]
Dýþ Çap;71.452;[mm]
Dýþ Çap;71.429;[mm]
Dýþ Çap;71.489;[mm]
Dýþ Çap;71.484;[mm]
Dýþ Çap;71.430;[mm]
Dýþ Çap;71.506;[mm]
Dýþ Çap;71.460;[mm]
Dýþ Çap;71.482;[mm]
Dýþ Çap;71.482;[mm]
Dýþ Çap;71.547;[mm]
Dýþ Çap;71.426;[mm]
Dýþ Çap;71.490;[mm]
Dýþ Çap;71.432;[mm]
Dýþ Çap;71.428;[mm]
Dýþ Çap; ; 
Dýþ Çap;71.418;[mm]
Dýþ Çap;71.363;[mm]
Dýþ Çap;71.470;[mm]
Dýþ Çap;71.480;[mm]
Dýþ Çap;71.514;[mm]
Dýþ Çap;71.537;[mm]
Dýþ Çap;71.514;[mm]
Dýþ Çap;71.503;[mm]
Dýþ Çap;71.513;[mm]
Dýþ Çap;71.581;[mm]
Dýþ Çap;71.495;[mm]
Dýþ Çap;71.386;[mm]
Dýþ Çap;71.482;[mm]
Dýþ Çap;71.498;[mm]
Dýþ Çap;71.488;[mm]
Dýþ Çap;71.425;[mm]
Dýþ Çap;71.454;[mm]
Dýþ Çap;71.499;[mm]
Dýþ Çap;71.501;[mm]
Dýþ Çap;71.407;[mm]
Dýþ Çap;71.549;[mm]
Dýþ Çap;71.503;[mm]
Dýþ Çap;71.417;[mm]
Dýþ Çap;71.510;[mm]
Dýþ Çap;71.499;[mm]
Dýþ Çap;71.497;[mm]
Dýþ Çap;71.475;[mm]
Dýþ Çap;71.433;[mm]
Dýþ Çap;71.428;[mm]
Dýþ Çap;71.477;[mm]
Dýþ Çap;71.493;[mm]
Dýþ Çap;71.423;[mm]
Dýþ Çap;71.428;[mm]
Dýþ Çap;71.318;[mm]
Dýþ Çap;71.524;[mm]
Dýþ Çap;71.446;[mm]
Dýþ Çap;71.458;[mm]
Dýþ Çap;71.442;[mm]
Dýþ Çap;71.278;[mm]
Dýþ Çap;71.441;[mm]
Dýþ Çap;71.448;[mm]
Dýþ Çap;71.388;[mm]
Dýþ Çap;71.406;[mm]
Dýþ Çap;71.392;[mm]
Dýþ Çap;71.456;[mm]
Dýþ Çap;71.435;[mm]
Dýþ Çap;71.514;[mm]
Dýþ Çap;71.457;[mm]
Dýþ Çap;71.494;[mm]
Dýþ Çap;71.412;[mm]
Dýþ Çap;71.517;[mm]
Dýþ Çap;71.463;[mm]
Dýþ Çap;71.474;[mm]
Dýþ Çap;71.454;[mm]
Dýþ Çap;71.468;[mm]
Dýþ Çap;71.501;[mm]
Dýþ Çap;71.514;[mm]
Dýþ Çap;71.379;[mm]
Dýþ Çap;71.482;[mm]
Dýþ Çap;71.521;[mm]
Dýþ Çap;71.403;[mm]
Dýþ Çap;71.336;[mm]
Dýþ Çap;71.503;[mm]
Dýþ Çap;71.385;[mm]
Dýþ Çap;71.500;[mm]
Dýþ Çap;71.388;[mm]
Dýþ Çap;71.498;[mm]
Dýþ Çap;71.535;[mm]
Dýþ Çap;71.419;[mm]
Dýþ Çap;71.492;[mm]
Dýþ Çap;71.494;[mm]
Dýþ Çap;71.424;[mm]
Dýþ Çap;71.438;[mm]
Dýþ Çap;71.438;[mm]
Dýþ Çap;71.473;[mm]
Dýþ Çap;71.513;[mm]
Dýþ Çap;71.498;[mm]
Dýþ Çap;71.389;[mm]
Dýþ Çap;71.543;[mm]
Dýþ Çap;71.480;[mm]
Dýþ Çap;71.430;[mm]
Dýþ Çap;71.523;[mm]
Dýþ Çap;71.483;[mm]
Dýþ Çap; ; 
Dýþ Çap;71.476;[mm]
Dýþ Çap;71.407;[mm]
Dýþ Çap;71.498;[mm]
Dýþ Çap;71.410;[mm]
Dýþ Çap;71.376;[mm]
Dýþ Çap;71.380;[mm]
Dýþ Çap;71.413;[mm]
Dýþ Çap;71.384;[mm]
Dýþ Çap;71.475;[mm]
Dýþ Çap;71.488;[mm]
Dýþ Çap;71.393;[mm]
Dýþ Çap;71.484;[mm]
Dýþ Çap;71.512;[mm]
Dýþ Çap;71.576;[mm]
Dýþ Çap;71.497;[mm]
Dýþ Çap;71.388;[mm]
Dýþ Çap;71.500;[mm]
Dýþ Çap;71.428;[mm]
Dýþ Çap;71.511;[mm]
Dýþ Çap;71.433;[mm]
Dýþ Çap;71.534;[mm]
Dýþ Çap;71.495;[mm]
Dýþ Çap;71.480;[mm]
Dýþ Çap;71.288;[mm]
Dýþ Çap;71.511;[mm]
Dýþ Çap;71.439;[mm]
Dýþ Çap;71.486;[mm]
Dýþ Çap;71.514;[mm]
Dýþ Çap;71.435;[mm]
Dýþ Çap;71.416;[mm]
Dýþ Çap;71.483;[mm]
Dýþ Çap;71.452;[mm]
Dýþ Çap;71.526;[mm]
Dýþ Çap;71.483;[mm]
Dýþ Çap;71.486;[mm]
Dýþ Çap;71.441;[mm]
Dýþ Çap;71.403;[mm]
Dýþ Çap;71.480;[mm]
Dýþ Çap;71.518;[mm]
Dýþ Çap;71.556;[mm]
Dýþ Çap;71.525;[mm]
Dýþ Çap;71.347;[mm]
Dýþ Çap;71.466;[mm]
Dýþ Çap;71.448;[mm]
Dýþ Çap;71.484;[mm]
Dýþ Çap;71.396;[mm]
Dýþ Çap;71.402;[mm]
Dýþ Çap;71.446;[mm]
Dýþ Çap;71.499;[mm]
Dýþ Çap;71.424;[mm]
Dýþ Çap;71.486;[mm]
Dýþ Çap;71.413;[mm]
Dýþ Çap;71.564;[mm]
Dýþ Çap;71.318;[mm]
Dýþ Çap;71.510;[mm]
Dýþ Çap;71.497;[mm]
Dýþ Çap;71.500;[mm]
Dýþ Çap;71.496;[mm]
Dýþ Çap;71.400;[mm]
Dýþ Çap;71.458;[mm]
Dýþ Çap;71.511;[mm]
Dýþ Çap;71.463;[mm]
Dýþ Çap;71.364;[mm]
Dýþ Çap;71.353;[mm]
Dýþ Çap;71.430;[mm]
Dýþ Çap;71.556;[mm]
Dýþ Çap;71.505;[mm]
Dýþ Çap;71.520;[mm]
Dýþ Çap;71.470;[mm]
Dýþ Çap;71.504;[mm]
Dýþ Çap;71.440;[mm]
Dýþ Çap;71.478;[mm]
Dýþ Çap;71.493;[mm]
Dýþ Çap;71.555;[mm]
Dýþ Çap;71.487;[mm]
Dýþ Çap;71.523;[mm]
Dýþ Çap;71.458;[mm]
Dýþ Çap;71.496;[mm]
Dýþ Çap;71.488;[mm]
Dýþ Çap;71.532;[mm]
Dýþ Çap;71.358;[mm]
Dýþ Çap;71.517;[mm]
Dýþ Çap;71.464;[mm]
Dýþ Çap;71.492;[mm]
Dýþ Çap;71.449;[mm]
Dýþ Çap;71.475;[mm]
Dýþ Çap;71.477;[mm]
Dýþ Çap;71.394;[mm]
Dýþ Çap;71.453;[mm]
Dýþ Çap;71.388;[mm]
Dýþ Çap;71.475;[mm]
Dýþ Çap;71.544;[mm]
Dýþ Çap;71.421;[mm]
Dýþ Çap;71.434;[mm]
Dýþ Çap;71.462;[mm]
Dýþ Çap;71.488;[mm]
Dýþ Çap;71.512;[mm]
Dýþ Çap;71.516;[mm]
Dýþ Çap;71.474;[mm]
Dýþ Çap;71.566;[mm]
Dýþ Çap;71.457;[mm]
Dýþ Çap;71.437;[mm]
Dýþ Çap;71.508;[mm]
Dýþ Çap;71.515;[mm]
Dýþ Çap;71.451;[mm]
Dýþ Çap;71.484;[mm]
Dýþ Çap;71.518;[mm]
Dýþ Çap;71.462;[mm]
Dýþ Çap;71.494;[mm]
Dýþ Çap;71.509;[mm]
Dýþ Çap;71.413;[mm]
Dýþ Çap;71.521;[mm]
Dýþ Çap;71.402;[mm]
Dýþ Çap;71.208;[mm]
Dýþ Çap;71.472;[mm]
Dýþ Çap;71.426;[mm]
Dýþ Çap;71.472;[mm]
Dýþ Çap;71.564;[mm]
Dýþ Çap;71.484;[mm]
Dýþ Çap;71.455;[mm]
Dýþ Çap;71.462;[mm]
Dýþ Çap;71.454;[mm]
Dýþ Çap;71.494;[mm]
Dýþ Çap;71.522;[mm]
Dýþ Çap;71.512;[mm]
Dýþ Çap;71.469;[mm]
Dýþ Çap;71.415;[mm]
Dýþ Çap;71.432;[mm]
Dýþ Çap;71.551;[mm]
Dýþ Çap;71.425;[mm]
Dýþ Çap;71.451;[mm]
Dýþ Çap;71.463;[mm]
Dýþ Çap;71.585;[mm]
Dýþ Çap;71.379;[mm]
Dýþ Çap;71.516;[mm]
Dýþ Çap;71.493;[mm]
Dýþ Çap;71.477;[mm]
Dýþ Çap;71.452;[mm]
Dýþ Çap;71.490;[mm]
Dýþ Çap;71.392;[mm]
Dýþ Çap;71.497;[mm]
Dýþ Çap;71.502;[mm]
Dýþ Çap;71.507;[mm]
Dýþ Çap;71.522;[mm]
Dýþ Çap;71.466;[mm]
Dýþ Çap;71.484;[mm]
Dýþ Çap;71.390;[mm]
Dýþ Çap;71.457;[mm]
Dýþ Çap;71.441;[mm]
Dýþ Çap;71.601;[mm]
Dýþ Çap;71.554;[mm]
Dýþ Çap;71.400;[mm]
Dýþ Çap;71.485;[mm]
Dýþ Çap;71.404;[mm]
Dýþ Çap;71.538;[mm]
Dýþ Çap;71.459;[mm]
Dýþ Çap;71.481;[mm]
Dýþ Çap;71.508;[mm]
Dýþ Çap;71.543;[mm]
Dýþ Çap;71.425;[mm]
Dýþ Çap;71.484;[mm]
Dýþ Çap;71.498;[mm]
Dýþ Çap;71.472;[mm]
Dýþ Çap;71.406;[mm]
Dýþ Çap;71.516;[mm]
Dýþ Çap;71.476;[mm]
Dýþ Çap;71.487;[mm]
Dýþ Çap;71.425;[mm]
Dýþ Çap;71.378;[mm]
Dýþ Çap;71.474;[mm]
Dýþ Çap;71.449;[mm]
Dýþ Çap;71.458;[mm]
Dýþ Çap;71.457;[mm]
Dýþ Çap;71.481;[mm]
Dýþ Çap;71.497;[mm]
Dýþ Çap;71.488;[mm]
Dýþ Çap;71.486;[mm]
Dýþ Çap;71.396;[mm]
Dýþ Çap;71.512;[mm]
Dýþ Çap;71.435;[mm]
Dýþ Çap;71.466;[mm]
Dýþ Çap;71.577;[mm]
Dýþ Çap;71.323;[mm]
Dýþ Çap;71.288;[mm]
Dýþ Çap;71.443;[mm]
Dýþ Çap;71.482;[mm]
Dýþ Çap;71.506;[mm]
Dýþ Çap;71.352;[mm]
Dýþ Çap;71.531;[mm]
Dýþ Çap;71.615;[mm]
Dýþ Çap;71.462;[mm]
Dýþ Çap;71.402;[mm]
Dýþ Çap;71.562;[mm]
Dýþ Çap;71.498;[mm]
Dýþ Çap;71.462;[mm]
Dýþ Çap;71.446;[mm]
Dýþ Çap; ; 
Dýþ Çap;71.553;[mm]
Dýþ Çap;71.582;[mm]
Dýþ Çap;71.531;[mm]
Dýþ Çap;71.429;[mm]
Dýþ Çap;71.459;[mm]
Dýþ Çap;71.373;[mm]
Dýþ Çap;71.457;[mm]
Dýþ Çap;71.402;[mm]
Dýþ Çap;71.570;[mm]
Dýþ Çap;71.483;[mm]
Dýþ Çap;71.466;[mm]
Dýþ Çap;71.483;[mm]
Dýþ Çap;71.188;[mm]
Dýþ Çap;71.743;[mm]
Dýþ Çap;71.323;[mm]
Dýþ Çap;71.373;[mm]
Dýþ Çap;71.398;[mm]
Dýþ Çap;71.514;[mm]
Dýþ Çap;71.405;[mm]
Dýþ Çap;71.339;[mm]
Dýþ Çap;71.482;[mm]
Dýþ Çap;71.537;[mm]
Dýþ Çap;71.422;[mm]
Dýþ Çap;71.331;[mm]
Dýþ Çap;71.443;[mm]
Dýþ Çap;71.456;[mm]
Dýþ Çap;71.352;[mm]
Dýþ Çap;71.534;[mm]
Dýþ Çap;71.416;[mm]
Dýþ Çap; ; 
Dýþ Çap;71.396;[mm]
Dýþ Çap;71.450;[mm]
Dýþ Çap;71.506;[mm]
Dýþ Çap;71.527;[mm]
Dýþ Çap;71.558;[mm]
Dýþ Çap;71.501;[mm]
Dýþ Çap;71.495;[mm]
Dýþ Çap;71.495;[mm]
Dýþ Çap;71.477;[mm]
Dýþ Çap;71.444;[mm]
Dýþ Çap;71.402;[mm]
Dýþ Çap;71.414;[mm]
Dýþ Çap;71.523;[mm]
Dýþ Çap;71.466;[mm]
Dýþ Çap;71.330;[mm]
Dýþ Çap;71.484;[mm]
Dýþ Çap;71.456;[mm]
Dýþ Çap;71.461;[mm]
Dýþ Çap;71.464;[mm]
Dýþ Çap;71.579;[mm]
Dýþ Çap;71.427;[mm]
Dýþ Çap;71.507;[mm]
Dýþ Çap;71.487;[mm]
Dýþ Çap;71.265;[mm]
Dýþ Çap;71.434;[mm]
Dýþ Çap;71.405;[mm]
Dýþ Çap;71.398;[mm]
Dýþ Çap;71.401;[mm]
Dýþ Çap;71.398;[mm]
Dýþ Çap;71.511;[mm]
Dýþ Çap;71.422;[mm]
Dýþ Çap;71.438;[mm]
Dýþ Çap;71.524;[mm]
Dýþ Çap;71.513;[mm]
Dýþ Çap;71.179;[mm]
Dýþ Çap;71.474;[mm]
Dýþ Çap;71.403;[mm]
Dýþ Çap;71.480;[mm]
Dýþ Çap;71.526;[mm]
Dýþ Çap;71.552;[mm]
Dýþ Çap;71.425;[mm]
Dýþ Çap;71.354;[mm]
Dýþ Çap;71.595;[mm]
Dýþ Çap;71.586;[mm]
Dýþ Çap;71.475;[mm]
Dýþ Çap;71.200;[mm]
Dýþ Çap;71.487;[mm]
Dýþ Çap;71.426;[mm]
Dýþ Çap;71.583;[mm]
Dýþ Çap;71.482;[mm]
Dýþ Çap;71.502;[mm]
Dýþ Çap;71.470;[mm]
Dýþ Çap;71.440;[mm]
Dýþ Çap;71.487;[mm]
Dýþ Çap;71.392;[mm]
Dýþ Çap;71.463;[mm]
Dýþ Çap;71.422;[mm]
Dýþ Çap;71.469;[mm]
Dýþ Çap;71.363;[mm]
Dýþ Çap;71.416;[mm]
Dýþ Çap;71.512;[mm]
Dýþ Çap;71.470;[mm]
Dýþ Çap;71.455;[mm]
Dýþ Çap;71.482;[mm]
Dýþ Çap;71.490;[mm]
Dýþ Çap;71.494;[mm]
Dýþ Çap;71.495;[mm]
Dýþ Çap;71.495;[mm]
Dýþ Çap;71.377;[mm]
Dýþ Çap;71.529;[mm]
Dýþ Çap;71.440;[mm]
Dýþ Çap;71.413;[mm]
Dýþ Çap;71.422;[mm]
Dýþ Çap;71.493;[mm]
Dýþ Çap;71.400;[mm]
Dýþ Çap;71.387;[mm]
Dýþ Çap;71.382;[mm]
Dýþ Çap;71.523;[mm]
Dýþ Çap;71.403;[mm]
Dýþ Çap;71.496;[mm]
Dýþ Çap;71.419;[mm]
Dýþ Çap;71.382;[mm]
Dýþ Çap;71.334;[mm]
Dýþ Çap;71.527;[mm]
Dýþ Çap;71.493;[mm]
Dýþ Çap;71.331;[mm]
Dýþ Çap;71.437;[mm]
Dýþ Çap;71.422;[mm]
Dýþ Çap;71.491;[mm]
Dýþ Çap;71.489;[mm]
Dýþ Çap;71.508;[mm]
Dýþ Çap;71.470;[mm]
Dýþ Çap;71.389;[mm]
Dýþ Çap;71.524;[mm]
Dýþ Çap;71.363;[mm]
Dýþ Çap;71.412;[mm]
Dýþ Çap;71.463;[mm]
Dýþ Çap;71.500;[mm]
Dýþ Çap;71.401;[mm]
Dýþ Çap;71.476;[mm]
Dýþ Çap;71.506;[mm]
Dýþ Çap;71.481;[mm]
Dýþ Çap;71.467;[mm]
Dýþ Çap;71.528;[mm]
Dýþ Çap;71.438;[mm]
Dýþ Çap;71.524;[mm]
Dýþ Çap;71.486;[mm]
Dýþ Çap;71.486;[mm]
Dýþ Çap;71.383;[mm]
Dýþ Çap;71.480;[mm]
Dýþ Çap;71.459;[mm]
Dýþ Çap;71.467;[mm]
Dýþ Çap;71.523;[mm]
Dýþ Çap;71.434;[mm]
Dýþ Çap;71.432;[mm]
Dýþ Çap;71.411;[mm]
Dýþ Çap;71.499;[mm]
Dýþ Çap;71.467;[mm]
Dýþ Çap;71.504;[mm]
Dýþ Çap;71.458;[mm]
Dýþ Çap;71.443;[mm]
Dýþ Çap;71.398;[mm]
Dýþ Çap;71.443;[mm]
Dýþ Çap;71.402;[mm]
Dýþ Çap;71.491;[mm]
Dýþ Çap;71.326;[mm]
Dýþ Çap;71.433;[mm]
Dýþ Çap;71.442;[mm]
Dýþ Çap;71.579;[mm]
Dýþ Çap;71.449;[mm]
Dýþ Çap;71.434;[mm]
Dýþ Çap;71.520;[mm]
Dýþ Çap;71.482;[mm]
Dýþ Çap;71.528;[mm]
Dýþ Çap;71.488;[mm]
Dýþ Çap;71.503;[mm]
Dýþ Çap;71.478;[mm]
Dýþ Çap;71.529;[mm]
Dýþ Çap;71.459;[mm]
Dýþ Çap;71.546;[mm]
Dýþ Çap;71.493;[mm]
Dýþ Çap;71.482;[mm]
Dýþ Çap;71.435;[mm]
Dýþ Çap;71.503;[mm]
Dýþ Çap;71.564;[mm]
Dýþ Çap;71.369;[mm]
Dýþ Çap;71.491;[mm]
Dýþ Çap;71.580;[mm]
Dýþ Çap;71.541;[mm]
Dýþ Çap;71.422;[mm]
Dýþ Çap;71.458;[mm]
Dýþ Çap;71.487;[mm]
Dýþ Çap;71.412;[mm]
Dýþ Çap;71.482;[mm]
Dýþ Çap;71.460;[mm]
Dýþ Çap;71.396;[mm]
Dýþ Çap;71.457;[mm]
Dýþ Çap;71.502;[mm]
Dýþ Çap;71.434;[mm]
Dýþ Çap;71.401;[mm]
Dýþ Çap;71.454;[mm]
Dýþ Çap;71.508;[mm]
Dýþ Çap;71.579;[mm]
Dýþ Çap;71.406;[mm]
Dýþ Çap;71.477;[mm]
Dýþ Çap;71.537;[mm]
Dýþ Çap;71.518;[mm]
Dýþ Çap;71.474;[mm]
Dýþ Çap;71.439;[mm]
Dýþ Çap;71.509;[mm]
Dýþ Çap;71.383;[mm]
Dýþ Çap;71.501;[mm]
Dýþ Çap;71.562;[mm]
Dýþ Çap;71.422;[mm]
Dýþ Çap;71.384;[mm]
Dýþ Çap;71.468;[mm]
Dýþ Çap;71.466;[mm]
Dýþ Çap;71.410;[mm]
Dýþ Çap;71.385;[mm]
Dýþ Çap;71.436;[mm]
Dýþ Çap;71.365;[mm]
Dýþ Çap;71.426;[mm]
Dýþ Çap;71.511;[mm]
Dýþ Çap;71.491;[mm]
Dýþ Çap;71.465;[mm]
Dýþ Çap;71.434;[mm]
Dýþ Çap;71.511;[mm]
Dýþ Çap;71.467;[mm]
Dýþ Çap;71.487;[mm]
Dýþ Çap;71.430;[mm]
Dýþ Çap;71.506;[mm]
Dýþ Çap;71.355;[mm]
Dýþ Çap;71.510;[mm]
Dýþ Çap;71.359;[mm]
Dýþ Çap;71.554;[mm]
Dýþ Çap;71.487;[mm]
Dýþ Çap;71.363;[mm]
Dýþ Çap;71.508;[mm]
Dýþ Çap;71.515;[mm]
Dýþ Çap;71.501;[mm]
Dýþ Çap;71.527;[mm]
Dýþ Çap;71.477;[mm]
Dýþ Çap;71.463;[mm]
Dýþ Çap;71.541;[mm]
Dýþ Çap;71.441;[mm]
Dýþ Çap;71.359;[mm]
Dýþ Çap;71.463;[mm]
Dýþ Çap;71.452;[mm]
Dýþ Çap;71.561;[mm]
Dýþ Çap;71.510;[mm]
Dýþ Çap;71.479;[mm]
Dýþ Çap;71.502;[mm]
Dýþ Çap;71.388;[mm]
Dýþ Çap;71.521;[mm]
Dýþ Çap;71.293;[mm]
Dýþ Çap;71.476;[mm]
Dýþ Çap;71.396;[mm]
Dýþ Çap;71.479;[mm]
Dýþ Çap;71.530;[mm]
Dýþ Çap;71.395;[mm]
Dýþ Çap;71.461;[mm]
Dýþ Çap;71.504;[mm]
Dýþ Çap;71.490;[mm]
Dýþ Çap;71.492;[mm]
Dýþ Çap;71.464;[mm]
Dýþ Çap;71.518;[mm]
Dýþ Çap;71.444;[mm]
Dýþ Çap;71.487;[mm]
Dýþ Çap;71.347;[mm]
Dýþ Çap;71.427;[mm]
Dýþ Çap;71.637;[mm]
Dýþ Çap;71.531;[mm]
Dýþ Çap;71.486;[mm]
Dýþ Çap;71.457;[mm]
Dýþ Çap;71.391;[mm]
Dýþ Çap;71.520;[mm]
Dýþ Çap;71.465;[mm]
Dýþ Çap;71.449;[mm]
Dýþ Çap;71.467;[mm]
Dýþ Çap;71.416;[mm]
Dýþ Çap;71.285;[mm]
Dýþ Çap;71.449;[mm]
Dýþ Çap;71.424;[mm]
Dýþ Çap;73.008;[mm]
Dýþ Çap;71.477;[mm]
Dýþ Çap;71.373;[mm]
Dýþ Çap;71.461;[mm]
Dýþ Çap;71.491;[mm]
Dýþ Çap;71.505;[mm]
Dýþ Çap;71.516;[mm]
Dýþ Çap;71.422;[mm]
Dýþ Çap;71.430;[mm]
Dýþ Çap;71.514;[mm]
Dýþ Çap;71.530;[mm]
Dýþ Çap;71.427;[mm]
Dýþ Çap;71.492;[mm]
Dýþ Çap;71.443;[mm]
Dýþ Çap;71.440;[mm]
Dýþ Çap;71.410;[mm]
Dýþ Çap;71.365;[mm]
Dýþ Çap;71.425;[mm]
Dýþ Çap;71.445;[mm]
Dýþ Çap;71.495;[mm]
Dýþ Çap;71.468;[mm]
Dýþ Çap;71.520;[mm]
Dýþ Çap;71.464;[mm]
Dýþ Çap;71.470;[mm]
Dýþ Çap;71.517;[mm]
Dýþ Çap;71.505;[mm]
Dýþ Çap;71.457;[mm]
Dýþ Çap;71.517;[mm]
Dýþ Çap;71.493;[mm]
Dýþ Çap;71.526;[mm]
Dýþ Çap;71.426;[mm]
Dýþ Çap;71.441;[mm]
Dýþ Çap;71.510;[mm]
Dýþ Çap;71.477;[mm]
Dýþ Çap;71.406;[mm]
Dýþ Çap;71.454;[mm]
Dýþ Çap;71.362;[mm]
Dýþ Çap;71.500;[mm]
Dýþ Çap;71.519;[mm]
Dýþ Çap;71.466;[mm]
Dýþ Çap;71.343;[mm]
Dýþ Çap;71.458;[mm]
Dýþ Çap;71.498;[mm]
Dýþ Çap;71.433;[mm]
Dýþ Çap;71.444;[mm]
Dýþ Çap;71.465;[mm]
Dýþ Çap;71.432;[mm]
Dýþ Çap;71.467;[mm]
Dýþ Çap;71.526;[mm]
Dýþ Çap;71.508;[mm]
Dýþ Çap;71.393;[mm]
Dýþ Çap;71.503;[mm]
Dýþ Çap;71.440;[mm]
Dýþ Çap;71.435;[mm]
Dýþ Çap;71.478;[mm]
Dýþ Çap;71.522;[mm]
Dýþ Çap;71.566;[mm]
Dýþ Çap;71.408;[mm]
Dýþ Çap;71.480;[mm]
Dýþ Çap;71.454;[mm]
Dýþ Çap;71.463;[mm]
Dýþ Çap;71.480;[mm]
Dýþ Çap;71.509;[mm]
Dýþ Çap;71.476;[mm]
Dýþ Çap;71.398;[mm]
Dýþ Çap;71.427;[mm]
Dýþ Çap;71.452;[mm]
Dýþ Çap;71.439;[mm]
Dýþ Çap;71.365;[mm]
Dýþ Çap;71.297;[mm]
Dýþ Çap;71.440;[mm]
Dýþ Çap;71.458;[mm]
Dýþ Çap;71.507;[mm]
Dýþ Çap;71.396;[mm]
Dýþ Çap;71.466;[mm]
Dýþ Çap;71.208;[mm]
Dýþ Çap;71.509;[mm]
Dýþ Çap;71.448;[mm]
Dýþ Çap;71.459;[mm]
Dýþ Çap;71.500;[mm]
Dýþ Çap;71.471;[mm]
Dýþ Çap;71.410;[mm]
Dýþ Çap;71.405;[mm]
Dýþ Çap;71.420;[mm]
Dýþ Çap;71.443;[mm]
Dýþ Çap;71.521;[mm]
Dýþ Çap;71.468;[mm]
Dýþ Çap;71.477;[mm]
Dýþ Çap;71.481;[mm]
Dýþ Çap;71.544;[mm]
Dýþ Çap;71.475;[mm]
Dýþ Çap;71.530;[mm]
Dýþ Çap;71.503;[mm]
Dýþ Çap;71.520;[mm]
Dýþ Çap;71.469;[mm]
Dýþ Çap;71.382;[mm]
Dýþ Çap;71.403;[mm]
Dýþ Çap;71.482;[mm]
Dýþ Çap;71.485;[mm]
Dýþ Çap;71.436;[mm]
Dýþ Çap;71.410;[mm]
Dýþ Çap;71.358;[mm]
Dýþ Çap;71.522;[mm]
Dýþ Çap;71.394;[mm]
Dýþ Çap;71.475;[mm]
Dýþ Çap;71.398;[mm]
Dýþ Çap;71.398;[mm]
Dýþ Çap;71.472;[mm]
Dýþ Çap;71.498;[mm]
Dýþ Çap;71.497;[mm]
Dýþ Çap;71.461;[mm]
Dýþ Çap;71.420;[mm]
Dýþ Çap;71.537;[mm]
Dýþ Çap;71.432;[mm]
Dýþ Çap;71.467;[mm]
Dýþ Çap;71.551;[mm]
Dýþ Çap;71.487;[mm]
Dýþ Çap;71.364;[mm]
Dýþ Çap;71.421;[mm]
Dýþ Çap;71.399;[mm]
Dýþ Çap;71.514;[mm]
Dýþ Çap;71.511;[mm]
Dýþ Çap;71.393;[mm]
Dýþ Çap;71.408;[mm]
Dýþ Çap;71.144;[mm]
Dýþ Çap;71.466;[mm]
Dýþ Çap;71.463;[mm]
Dýþ Çap;71.525;[mm]
Dýþ Çap;71.404;[mm]
Dýþ Çap;71.576;[mm]
Dýþ Çap;71.665;[mm]
Dýþ Çap;71.554;[mm]
Dýþ Çap;71.529;[mm]
Dýþ Çap;71.494;[mm]
Dýþ Çap;71.514;[mm]
Dýþ Çap;71.505;[mm]
Dýþ Çap;71.456;[mm]
Dýþ Çap;71.434;[mm]
Dýþ Çap;71.468;[mm]
Dýþ Çap;71.518;[mm]
Dýþ Çap;71.511;[mm]
Dýþ Çap;71.438;[mm]
Dýþ Çap;71.425;[mm]
Dýþ Çap;71.545;[mm]
Dýþ Çap;71.393;[mm]
Dýþ Çap;71.503;[mm]
Dýþ Çap;71.542;[mm]
Dýþ Çap;71.386;[mm]
Dýþ Çap;71.434;[mm]
Dýþ Çap;71.493;[mm]
Dýþ Çap;71.432;[mm]
Dýþ Çap;71.482;[mm]
Dýþ Çap;71.495;[mm]
Dýþ Çap;71.338;[mm]
Dýþ Çap;71.493;[mm]
Dýþ Çap;71.583;[mm]
Dýþ Çap;71.475;[mm]
Dýþ Çap;71.367;[mm]
Dýþ Çap;71.440;[mm]
Dýþ Çap;71.460;[mm]
Dýþ Çap;71.532;[mm]
Dýþ Çap;71.499;[mm]
Dýþ Çap;71.409;[mm]
Dýþ Çap;71.449;[mm]
Dýþ Çap;71.486;[mm]
Dýþ Çap;71.496;[mm]
Dýþ Çap;71.360;[mm]
Dýþ Çap;71.452;[mm]
Dýþ Çap;71.488;[mm]
Dýþ Çap;71.397;[mm]
Dýþ Çap;71.480;[mm]
Dýþ Çap;71.398;[mm]
Dýþ Çap;71.391;[mm]
Dýþ Çap;71.457;[mm]
Dýþ Çap;71.561;[mm]
Dýþ Çap;71.485;[mm]
Dýþ Çap;71.417;[mm]
Dýþ Çap;71.603;[mm]
Dýþ Çap;71.465;[mm]
Dýþ Çap;71.500;[mm]
Dýþ Çap;71.468;[mm]
Dýþ Çap;71.440;[mm]
Dýþ Çap;71.548;[mm]
Dýþ Çap;71.400;[mm]
Dýþ Çap;71.412;[mm]
Dýþ Çap;71.537;[mm]
Dýþ Çap;71.504;[mm]
Dýþ Çap;71.482;[mm]
Dýþ Çap;71.447;[mm]
Dýþ Çap;71.432;[mm]
Dýþ Çap;71.443;[mm]
Dýþ Çap;71.478;[mm]
Dýþ Çap;71.411;[mm]
Dýþ Çap;71.499;[mm]
Dýþ Çap;71.448;[mm]
Dýþ Çap;71.485;[mm]
Dýþ Çap;71.529;[mm]
Dýþ Çap;71.361;[mm]
Dýþ Çap;71.421;[mm]
Dýþ Çap;71.522;[mm]
Dýþ Çap;71.400;[mm]
Dýþ Çap;71.585;[mm]
Dýþ Çap;71.495;[mm]
Dýþ Çap;71.428;[mm]
Dýþ Çap;71.429;[mm]
Dýþ Çap;71.457;[mm]
Dýþ Çap;71.497;[mm]
Dýþ Çap;71.514;[mm]
Dýþ Çap;71.394;[mm]
Dýþ Çap;71.511;[mm]
Dýþ Çap;71.461;[mm]
Dýþ Çap;71.408;[mm]
Dýþ Çap;71.499;[mm]
Dýþ Çap;71.331;[mm]
Dýþ Çap;71.383;[mm]
Dýþ Çap;71.506;[mm]
Dýþ Çap;71.443;[mm]
Dýþ Çap;71.412;[mm]
Dýþ Çap;71.448;[mm]
Dýþ Çap;71.432;[mm]
Dýþ Çap;71.420;[mm]
Dýþ Çap;71.606;[mm]
Dýþ Çap;73.113;[mm]
Dýþ Çap;71.541;[mm]
Dýþ Çap;71.460;[mm]
Dýþ Çap;71.472;[mm]
Dýþ Çap;71.419;[mm]
Dýþ Çap;71.367;[mm]
Dýþ Çap;71.426;[mm]
Dýþ Çap;71.466;[mm]
Dýþ Çap;71.413;[mm]
Dýþ Çap;71.442;[mm]
Dýþ Çap;71.447;[mm]
Dýþ Çap;71.514;[mm]
Dýþ Çap;71.445;[mm]
Dýþ Çap;71.553;[mm]
Dýþ Çap;71.440;[mm]
Dýþ Çap;71.487;[mm]
Dýþ Çap;71.447;[mm]
Dýþ Çap;71.641;[mm]
Dýþ Çap;71.455;[mm]
Dýþ Çap;71.423;[mm]
Dýþ Çap;71.438;[mm]
Dýþ Çap;71.341;[mm]
Dýþ Çap;71.479;[mm]
Dýþ Çap;71.464;[mm]
Dýþ Çap;71.512;[mm]
Dýþ Çap;71.402;[mm]
Dýþ Çap;71.436;[mm]
Dýþ Çap;71.513;[mm]
Dýþ Çap;71.595;[mm]
Dýþ Çap;71.417;[mm]
Dýþ Çap;71.584;[mm]
Dýþ Çap;71.437;[mm]
Dýþ Çap;71.383;[mm]
Dýþ Çap;71.433;[mm]
Dýþ Çap;71.403;[mm]
Dýþ Çap;71.542;[mm]
Dýþ Çap;71.426;[mm]
Dýþ Çap;71.513;[mm]
Dýþ Çap;71.523;[mm]
Dýþ Çap;71.446;[mm]
Dýþ Çap;71.571;[mm]
Dýþ Çap;71.441;[mm]
Dýþ Çap;71.441;[mm]
Dýþ Çap;71.375;[mm]
Dýþ Çap;71.509;[mm]
Dýþ Çap; ; 
Dýþ Çap;71.367;[mm]
Dýþ Çap;71.461;[mm]
Dýþ Çap;71.336;[mm]
Dýþ Çap;71.538;[mm]
Dýþ Çap;71.519;[mm]
Dýþ Çap;71.470;[mm]
Dýþ Çap;71.390;[mm]
Dýþ Çap;71.418;[mm]
Dýþ Çap;71.464;[mm]
Dýþ Çap;71.497;[mm]
Dýþ Çap;71.467;[mm]
Dýþ Çap;71.375;[mm]
Dýþ Çap;71.543;[mm]
Dýþ Çap;71.570;[mm]
Dýþ Çap;71.602;[mm]
Dýþ Çap;71.361;[mm]
Dýþ Çap;71.510;[mm]
Dýþ Çap;71.519;[mm]
Dýþ Çap;71.402;[mm]
Dýþ Çap;71.372;[mm]
Dýþ Çap;71.481;[mm]
Dýþ Çap;71.286;[mm]
Dýþ Çap;71.513;[mm]
Dýþ Çap;71.411;[mm]
Dýþ Çap;71.632;[mm]
Dýþ Çap;71.581;[mm]
Dýþ Çap;71.560;[mm]
Dýþ Çap;71.477;[mm]
Dýþ Çap;71.430;[mm]
Dýþ Çap;71.206;[mm]
Dýþ Çap;71.501;[mm]
Dýþ Çap;71.405;[mm]
Dýþ Çap;71.390;[mm]
Dýþ Çap;71.406;[mm]
Dýþ Çap;71.485;[mm]
Dýþ Çap;71.479;[mm]
Dýþ Çap;71.450;[mm]
Dýþ Çap;71.385;[mm]
Dýþ Çap;71.490;[mm]
Dýþ Çap;71.380;[mm]
Dýþ Çap;71.501;[mm]
Dýþ Çap;71.477;[mm]
Dýþ Çap;71.501;[mm]
Dýþ Çap;71.506;[mm]
Dýþ Çap;71.461;[mm]
Dýþ Çap;71.464;[mm]
Dýþ Çap;71.312;[mm]
Dýþ Çap;71.475;[mm]
Dýþ Çap;71.485;[mm]
Dýþ Çap;71.380;[mm]
Dýþ Çap;71.395;[mm]
Dýþ Çap;71.483;[mm]
Dýþ Çap;71.296;[mm]
Dýþ Çap;71.360;[mm]
Dýþ Çap;71.487;[mm]
Dýþ Çap;71.500;[mm]
Dýþ Çap;71.435;[mm]
Dýþ Çap;71.566;[mm]
Dýþ Çap;71.447;[mm]
Dýþ Çap;71.546;[mm]
Dýþ Çap;71.465;[mm]
Dýþ Çap;71.432;[mm]
Dýþ Çap;71.532;[mm]
Dýþ Çap;71.353;[mm]
Dýþ Çap;71.248;[mm]
Dýþ Çap;71.421;[mm]
Dýþ Çap;71.569;[mm]
Dýþ Çap;71.359;[mm]
Dýþ Çap;71.267;[mm]
Dýþ Çap;71.398;[mm]
Dýþ Çap;71.479;[mm]
Dýþ Çap;71.467;[mm]
Dýþ Çap;71.383;[mm]
Dýþ Çap;71.410;[mm]
Dýþ Çap;71.407;[mm]
Dýþ Çap;71.284;[mm]
Dýþ Çap;71.447;[mm]
Dýþ Çap;71.397;[mm]
Dýþ Çap;71.588;[mm]
Dýþ Çap;71.466;[mm]
Dýþ Çap;71.455;[mm]
Dýþ Çap;71.402;[mm]
Dýþ Çap;71.428;[mm]
Dýþ Çap;71.515;[mm]
Dýþ Çap;71.376;[mm]
Dýþ Çap;71.458;[mm]
Dýþ Çap;71.411;[mm]
Dýþ Çap;71.416;[mm]
Dýþ Çap;71.467;[mm]
Dýþ Çap;71.426;[mm]
Dýþ Çap;71.471;[mm]
Dýþ Çap;71.486;[mm]
Dýþ Çap;71.477;[mm]
Dýþ Çap;71.447;[mm]
Dýþ Çap;71.512;[mm]
Dýþ Çap;71.487;[mm]
Dýþ Çap;71.507;[mm]
Dýþ Çap;71.454;[mm]
Dýþ Çap;71.433;[mm]
Dýþ Çap;71.501;[mm]
Dýþ Çap;71.468;[mm]
Dýþ Çap;71.396;[mm]
Dýþ Çap;71.553;[mm]
Dýþ Çap;71.587;[mm]
Dýþ Çap;71.372;[mm]
Dýþ Çap;71.503;[mm]
Dýþ Çap;71.550;[mm]
Dýþ Çap;71.579;[mm]
Dýþ Çap;71.447;[mm]
Dýþ Çap;71.457;[mm]
Dýþ Çap;71.529;[mm]
Dýþ Çap;71.449;[mm]
Dýþ Çap;71.394;[mm]
Dýþ Çap;71.373;[mm]
Dýþ Çap;71.318;[mm]
Dýþ Çap;71.446;[mm]
Dýþ Çap;71.416;[mm]
Dýþ Çap;71.415;[mm]
Dýþ Çap;71.374;[mm]
Dýþ Çap;71.367;[mm]
Dýþ Çap;71.465;[mm]
Dýþ Çap;71.451;[mm]
Dýþ Çap;71.394;[mm]
Dýþ Çap;71.435;[mm]
Dýþ Çap;71.423;[mm]
Dýþ Çap;71.461;[mm]
Dýþ Çap;71.483;[mm]
Dýþ Çap;71.545;[mm]
Dýþ Çap;71.529;[mm]
Dýþ Çap;71.543;[mm]
Dýþ Çap;71.416;[mm]
Dýþ Çap;71.407;[mm]
Dýþ Çap;71.577;[mm]
Dýþ Çap;71.485;[mm]
Dýþ Çap;71.394;[mm]
Dýþ Çap;71.553;[mm]
Dýþ Çap;71.442;[mm]
Dýþ Çap;71.463;[mm]
Dýþ Çap;71.419;[mm]
Dýþ Çap;71.443;[mm]
Dýþ Çap;71.456;[mm]
Dýþ Çap;71.451;[mm]
Dýþ Çap;71.435;[mm]
Dýþ Çap;71.507;[mm]
Dýþ Çap;71.430;[mm]
Dýþ Çap;71.473;[mm]
Dýþ Çap;71.446;[mm]
Dýþ Çap;71.503;[mm]
Dýþ Çap;71.437;[mm]
Dýþ Çap;71.342;[mm]
Dýþ Çap;71.513;[mm]
Dýþ Çap;71.558;[mm]
Dýþ Çap;71.456;[mm]
Dýþ Çap;71.438;[mm]
Dýþ Çap;71.216;[mm]
Dýþ Çap;71.436;[mm]
Dýþ Çap;71.386;[mm]
Dýþ Çap;71.432;[mm]
Dýþ Çap;71.494;[mm]
Dýþ Çap;71.620;[mm]
Dýþ Çap;71.384;[mm]
Dýþ Çap;71.497;[mm]
Dýþ Çap;71.459;[mm]
Dýþ Çap;71.468;[mm]
Dýþ Çap;71.382;[mm]
Dýþ Çap;71.349;[mm]
Dýþ Çap;71.416;[mm]
Dýþ Çap;71.433;[mm]
Dýþ Çap;71.393;[mm]
Dýþ Çap;71.468;[mm]
Dýþ Çap;71.443;[mm]
Dýþ Çap;71.426;[mm]
Dýþ Çap;71.495;[mm]
Dýþ Çap;71.189;[mm]
Dýþ Çap;71.474;[mm]
Dýþ Çap;71.471;[mm]
Dýþ Çap;71.526;[mm]
Dýþ Çap;71.467;[mm]
Dýþ Çap;71.392;[mm]
Dýþ Çap;71.454;[mm]
Dýþ Çap;71.401;[mm]
Dýþ Çap;71.468;[mm]
Dýþ Çap;71.550;[mm]
Dýþ Çap;71.530;[mm]
Dýþ Çap;71.425;[mm]
Dýþ Çap;71.474;[mm]
Dýþ Çap;71.394;[mm]
Dýþ Çap;71.390;[mm]
Dýþ Çap;71.409;[mm]
Dýþ Çap;71.490;[mm]
Dýþ Çap;71.548;[mm]
Dýþ Çap;71.425;[mm]
Dýþ Çap;71.482;[mm]
Dýþ Çap;71.425;[mm]
Dýþ Çap;71.401;[mm]
Dýþ Çap;71.518;[mm]
Dýþ Çap;71.532;[mm]
Dýþ Çap;71.557;[mm]
Dýþ Çap;71.391;[mm]
Dýþ Çap;71.377;[mm]
Dýþ Çap;71.442;[mm]
Dýþ Çap;71.450;[mm]
Dýþ Çap;71.385;[mm]
Dýþ Çap;71.480;[mm]
Dýþ Çap;71.486;[mm]
Dýþ Çap;71.472;[mm]
Dýþ Çap;71.474;[mm]
Dýþ Çap;71.438;[mm]
Dýþ Çap;71.425;[mm]
Dýþ Çap;72.907;[mm]
Dýþ Çap;71.307;[mm]
Dýþ Çap;71.487;[mm]
Dýþ Çap;71.437;[mm]
Dýþ Çap;71.493;[mm]
Dýþ Çap;71.496;[mm]
Dýþ Çap;71.508;[mm]
Dýþ Çap;71.367;[mm]
Dýþ Çap;71.503;[mm]
Dýþ Çap;71.647;[mm]
Dýþ Çap;71.397;[mm]
Dýþ Çap;71.543;[mm]
Dýþ Çap;71.552;[mm]
Dýþ Çap;71.506;[mm]
Dýþ Çap;71.430;[mm]
Dýþ Çap;71.456;[mm]
Dýþ Çap;71.380;[mm]
Dýþ Çap;71.468;[mm]
Dýþ Çap;71.443;[mm]
Dýþ Çap;71.520;[mm]
Dýþ Çap;71.568;[mm]
Dýþ Çap;71.519;[mm]
Dýþ Çap;71.487;[mm]
Dýþ Çap;71.481;[mm]
Dýþ Çap;71.435;[mm]
Dýþ Çap;71.494;[mm]
Dýþ Çap;71.374;[mm]
Dýþ Çap;71.453;[mm]
Dýþ Çap;71.519;[mm]
Dýþ Çap;71.234;[mm]
Dýþ Çap;71.355;[mm]
Dýþ Çap;71.500;[mm]
Dýþ Çap;71.460;[mm]
Dýþ Çap;71.537;[mm]
Dýþ Çap;71.583;[mm]
Dýþ Çap;71.450;[mm]
Dýþ Çap;71.379;[mm]
Dýþ Çap;71.382;[mm]
Dýþ Çap;71.487;[mm]
Dýþ Çap;71.403;[mm]
Dýþ Çap;71.474;[mm]
Dýþ Çap;71.453;[mm]
Dýþ Çap;71.477;[mm]
Dýþ Çap;71.407;[mm]
Dýþ Çap;71.455;[mm]
Dýþ Çap;71.406;[mm]
Dýþ Çap;71.471;[mm]
Dýþ Çap;71.428;[mm]
Dýþ Çap;71.388;[mm]
Dýþ Çap;71.432;[mm]
Dýþ Çap;71.539;[mm]
Dýþ Çap;71.472;[mm]
Dýþ Çap;71.473;[mm]
Dýþ Çap;71.391;[mm]
Dýþ Çap;71.444;[mm]
Dýþ Çap;71.468;[mm]
Dýþ Çap;71.497;[mm]
Dýþ Çap;71.480;[mm]
Dýþ Çap;71.410;[mm]
Dýþ Çap;71.519;[mm]
Dýþ Çap;71.353;[mm]
Dýþ Çap;71.322;[mm]
Dýþ Çap;71.451;[mm]
Dýþ Çap;71.523;[mm]
Dýþ Çap;71.494;[mm]
Dýþ Çap;71.415;[mm]
Dýþ Çap;71.487;[mm]
Dýþ Çap;71.455;[mm]
Dýþ Çap;71.446;[mm]
Dýþ Çap;71.381;[mm]
Dýþ Çap;71.469;[mm]
Dýþ Çap;71.439;[mm]
Dýþ Çap;71.496;[mm]
Dýþ Çap;71.484;[mm]
Dýþ Çap;71.376;[mm]
Dýþ Çap;71.432;[mm]
Dýþ Çap;71.494;[mm]
Dýþ Çap;71.330;[mm]
Dýþ Çap;71.360;[mm]
Dýþ Çap;71.420;[mm]
Dýþ Çap;71.444;[mm]
Dýþ Çap;71.578;[mm]
Dýþ Çap;71.415;[mm]
Dýþ Çap;71.439;[mm]
Dýþ Çap;71.319;[mm]
Dýþ Çap;71.493;[mm]
Dýþ Çap;71.386;[mm]
Dýþ Çap;71.268;[mm]
Dýþ Çap;71.471;[mm]
Dýþ Çap;71.238;[mm]
Dýþ Çap;71.488;[mm]
Dýþ Çap;71.476;[mm]
Dýþ Çap;71.439;[mm]
Dýþ Çap;71.427;[mm]
Dýþ Çap;71.428;[mm]
Dýþ Çap;71.480;[mm]
Dýþ Çap;71.472;[mm]
Dýþ Çap;71.499;[mm]
Dýþ Çap;71.452;[mm]
Dýþ Çap;71.502;[mm]
Dýþ Çap;71.450;[mm]
Dýþ Çap;71.417;[mm]
Dýþ Çap;71.435;[mm]
Dýþ Çap;71.444;[mm]
Dýþ Çap;71.425;[mm]
Dýþ Çap;71.404;[mm]
Dýþ Çap;71.530;[mm]
Dýþ Çap;71.401;[mm]
Dýþ Çap;71.416;[mm]
Dýþ Çap;71.553;[mm]
Dýþ Çap;71.373;[mm]
Dýþ Çap;71.500;[mm]
Dýþ Çap;71.474;[mm]
Dýþ Çap;71.373;[mm]
Dýþ Çap;71.388;[mm]
Dýþ Çap;71.484;[mm]
Dýþ Çap;71.386;[mm]
Dýþ Çap;71.340;[mm]
Dýþ Çap;71.394;[mm]
Dýþ Çap;71.423;[mm]
Dýþ Çap; ; 
Dýþ Çap;71.364;[mm]
Dýþ Çap;71.529;[mm]
Dýþ Çap;71.248;[mm]
Dýþ Çap;71.400;[mm]
Dýþ Çap;71.512;[mm]
Dýþ Çap;71.421;[mm]
Dýþ Çap;71.457;[mm]
Dýþ Çap;71.333;[mm]
Dýþ Çap;71.411;[mm]
Dýþ Çap;71.495;[mm]
Dýþ Çap;71.420;[mm]
Dýþ Çap;71.465;[mm]
Dýþ Çap;71.447;[mm]
Dýþ Çap;71.465;[mm]
Dýþ Çap;71.541;[mm]
Dýþ Çap;71.499;[mm]
Dýþ Çap;71.481;[mm]
Dýþ Çap;71.391;[mm]
Dýþ Çap;71.469;[mm]
Dýþ Çap;71.472;[mm]
Dýþ Çap;71.426;[mm]
Dýþ Çap;71.388;[mm]
Dýþ Çap;71.485;[mm]
Dýþ Çap;71.516;[mm]
Dýþ Çap;71.390;[mm]
Dýþ Çap;71.255;[mm]
Dýþ Çap;71.412;[mm]
Dýþ Çap;71.480;[mm]
Dýþ Çap;71.348;[mm]
Dýþ Çap;71.418;[mm]
Dýþ Çap;71.483;[mm]
Dýþ Çap;71.406;[mm]
Dýþ Çap;71.420;[mm]
Dýþ Çap;71.488;[mm]
Dýþ Çap;71.367;[mm]
Dýþ Çap;71.411;[mm]
Dýþ Çap;71.455;[mm]
Dýþ Çap;71.416;[mm]
Dýþ Çap;71.462;[mm]
Dýþ Çap;71.550;[mm]
Dýþ Çap;71.433;[mm]
Dýþ Çap;71.432;[mm]
Dýþ Çap;71.436;[mm]
Dýþ Çap;71.445;[mm]
Dýþ Çap;71.421;[mm]
Dýþ Çap;71.550;[mm]
Dýþ Çap;71.448;[mm]
Dýþ Çap;71.422;[mm]
Dýþ Çap;71.420;[mm]
Dýþ Çap;71.553;[mm]
Dýþ Çap;71.486;[mm]
Dýþ Çap;71.384;[mm]
Dýþ Çap;71.371;[mm]
Dýþ Çap;71.209;[mm]
Dýþ Çap;71.384;[mm]
Dýþ Çap;71.468;[mm]
Dýþ Çap;71.397;[mm]
Dýþ Çap;71.420;[mm]
Dýþ Çap;71.510;[mm]
Dýþ Çap;71.554;[mm]
Dýþ Çap;71.409;[mm]
Dýþ Çap;71.449;[mm]
Dýþ Çap;71.395;[mm]
Dýþ Çap;71.530;[mm]
Dýþ Çap;71.448;[mm]
Dýþ Çap;71.285;[mm]
Dýþ Çap;71.498;[mm]
Dýþ Çap;71.383;[mm]
Dýþ Çap;71.391;[mm]
Dýþ Çap;71.452;[mm]
Dýþ Çap;71.480;[mm]
Dýþ Çap;71.467;[mm]
Dýþ Çap;71.468;[mm]
Dýþ Çap;71.474;[mm]
Dýþ Çap;71.396;[mm]
Dýþ Çap;71.516;[mm]
Dýþ Çap;71.500;[mm]
Dýþ Çap;71.486;[mm]
Dýþ Çap;71.467;[mm]
Dýþ Çap;71.395;[mm]
Dýþ Çap;71.386;[mm]
Dýþ Çap;71.520;[mm]
Dýþ Çap;71.471;[mm]
Dýþ Çap;71.488;[mm]
Dýþ Çap;71.460;[mm]
Dýþ Çap;71.489;[mm]
Dýþ Çap;71.429;[mm]
Dýþ Çap;71.466;[mm]
Dýþ Çap;71.540;[mm]
Dýþ Çap;71.364;[mm]
Dýþ Çap;71.457;[mm]
Dýþ Çap;71.569;[mm]
Dýþ Çap;71.445;[mm]
Dýþ Çap;71.458;[mm]
Dýþ Çap;71.522;[mm]
Dýþ Çap;71.403;[mm]
Dýþ Çap;71.467;[mm]
Dýþ Çap;71.633;[mm]
Dýþ Çap;71.494;[mm]
Dýþ Çap;71.418;[mm]
Dýþ Çap;71.477;[mm]
Dýþ Çap;71.495;[mm]
Dýþ Çap;71.464;[mm]
Dýþ Çap;71.370;[mm]
Dýþ Çap;71.495;[mm]
Dýþ Çap;71.446;[mm]
Dýþ Çap;71.403;[mm]
Dýþ Çap;71.471;[mm]
Dýþ Çap;71.492;[mm]
Dýþ Çap;71.402;[mm]
Dýþ Çap;71.424;[mm]
Dýþ Çap;71.250;[mm]
Dýþ Çap;71.380;[mm]
Dýþ Çap;71.508;[mm]
Dýþ Çap;71.403;[mm]
Dýþ Çap;71.218;[mm]
Dýþ Çap;71.425;[mm]
Dýþ Çap;71.495;[mm]
Dýþ Çap;71.410;[mm]
Dýþ Çap;71.496;[mm]
Dýþ Çap;71.387;[mm]
Dýþ Çap;71.457;[mm]
Dýþ Çap;71.509;[mm]
Dýþ Çap;71.301;[mm]
Dýþ Çap;71.384;[mm]
Dýþ Çap;71.379;[mm]
Dýþ Çap;71.414;[mm]
Dýþ Çap;71.402;[mm]
Dýþ Çap;71.434;[mm]
Dýþ Çap;71.382;[mm]
Dýþ Çap;71.573;[mm]
Dýþ Çap;71.446;[mm]
Dýþ Çap;71.578;[mm]
Dýþ Çap;71.493;[mm]
Dýþ Çap;71.515;[mm]
Dýþ Çap;71.406;[mm]
Dýþ Çap;71.404;[mm]
Dýþ Çap;71.378;[mm]
Dýþ Çap;71.417;[mm]
Dýþ Çap;71.500;[mm]
Dýþ Çap;71.593;[mm]
Dýþ Çap;71.380;[mm]
Dýþ Çap;71.546;[mm]
Dýþ Çap;71.372;[mm]
Dýþ Çap;71.397;[mm]
Dýþ Çap;71.465;[mm]
Dýþ Çap;71.458;[mm]
Dýþ Çap;71.417;[mm]
Dýþ Çap;71.544;[mm]
Dýþ Çap;71.456;[mm]
Dýþ Çap;71.443;[mm]
Dýþ Çap;71.377;[mm]
Dýþ Çap;71.418;[mm]
Dýþ Çap;71.492;[mm]
Dýþ Çap;71.586;[mm]
Dýþ Çap;71.369;[mm]
Dýþ Çap;71.405;[mm]
Dýþ Çap;71.493;[mm]
Dýþ Çap;71.466;[mm]
Dýþ Çap;71.516;[mm]
Dýþ Çap;71.343;[mm]
Dýþ Çap;71.420;[mm]
Dýþ Çap;71.483;[mm]
Dýþ Çap;71.570;[mm]
Dýþ Çap;71.478;[mm]
Dýþ Çap;71.632;[mm]
Dýþ Çap;71.346;[mm]
Dýþ Çap;71.463;[mm]
Dýþ Çap;71.506;[mm]
Dýþ Çap;71.450;[mm]
Dýþ Çap;71.471;[mm]
Dýþ Çap;71.429;[mm]
Dýþ Çap; ; 
Dýþ Çap;71.503;[mm]
Dýþ Çap;71.447;[mm]
Dýþ Çap;71.461;[mm]
Dýþ Çap;71.433;[mm]
Dýþ Çap;71.428;[mm]
Dýþ Çap;71.516;[mm]
Dýþ Çap;71.429;[mm]
Dýþ Çap;71.425;[mm]
Dýþ Çap;71.455;[mm]
Dýþ Çap;71.496;[mm]
Dýþ Çap;71.439;[mm]
Dýþ Çap;71.515;[mm]
Dýþ Çap;71.559;[mm]
Dýþ Çap;71.493;[mm]
Dýþ Çap;71.467;[mm]
Dýþ Çap;71.471;[mm]
Dýþ Çap;71.394;[mm]
Dýþ Çap;71.455;[mm]
Dýþ Çap;71.413;[mm]
Dýþ Çap;71.401;[mm]
Dýþ Çap;71.476;[mm]
Dýþ Çap;71.421;[mm]
Dýþ Çap;71.508;[mm]
Dýþ Çap;71.447;[mm]
Dýþ Çap;71.456;[mm]
Dýþ Çap;71.482;[mm]
Dýþ Çap;71.555;[mm]
Dýþ Çap;71.440;[mm]
Dýþ Çap;71.385;[mm]
Dýþ Çap;71.537;[mm]
Dýþ Çap;71.500;[mm]
Dýþ Çap;71.418;[mm]
Dýþ Çap;71.467;[mm]
Dýþ Çap;71.486;[mm]
Dýþ Çap;71.437;[mm]
Dýþ Çap;71.393;[mm]
Dýþ Çap;71.443;[mm]
Dýþ Çap;71.375;[mm]
Dýþ Çap;71.406;[mm]
Dýþ Çap;71.467;[mm]
Dýþ Çap;71.419;[mm]
Dýþ Çap;71.391;[mm]
Dýþ Çap;71.388;[mm]
Dýþ Çap;71.479;[mm]
Dýþ Çap;71.513;[mm]
Dýþ Çap;71.510;[mm]
Dýþ Çap;71.428;[mm]
Dýþ Çap;71.372;[mm]
Dýþ Çap;71.448;[mm]
Dýþ Çap;71.360;[mm]
Dýþ Çap;71.510;[mm]
Dýþ Çap;71.416;[mm]
Dýþ Çap;71.427;[mm]
Dýþ Çap;71.470;[mm]
Dýþ Çap;71.394;[mm]
Dýþ Çap;71.491;[mm]
Dýþ Çap;71.412;[mm]
Dýþ Çap;71.362;[mm]
Dýþ Çap;71.393;[mm]
Dýþ Çap;71.440;[mm]
Dýþ Çap;71.480;[mm]
Dýþ Çap;71.395;[mm]
Dýþ Çap;71.428;[mm]
Dýþ Çap;71.488;[mm]
Dýþ Çap;71.440;[mm]
Dýþ Çap;71.474;[mm]
Dýþ Çap;71.450;[mm]
Dýþ Çap;71.506;[mm]
Dýþ Çap;72.911;[mm]
Dýþ Çap;71.487;[mm]
Dýþ Çap;71.379;[mm]
Dýþ Çap;71.496;[mm]
Dýþ Çap;71.450;[mm]
Dýþ Çap;71.564;[mm]
Dýþ Çap;71.347;[mm]
Dýþ Çap;71.450;[mm]
Dýþ Çap;71.385;[mm]
Dýþ Çap;71.587;[mm]
Dýþ Çap;71.369;[mm]
Dýþ Çap;71.401;[mm]
Dýþ Çap;71.469;[mm]
Dýþ Çap;71.443;[mm]
Dýþ Çap;71.468;[mm]
Dýþ Çap;71.459;[mm]
Dýþ Çap;71.538;[mm]
Dýþ Çap;71.439;[mm]
Dýþ Çap;71.340;[mm]
Dýþ Çap;71.496;[mm]
Dýþ Çap;71.386;[mm]
Dýþ Çap;71.489;[mm]
Dýþ Çap;71.512;[mm]
Dýþ Çap;71.540;[mm]
Dýþ Çap;71.469;[mm]
Dýþ Çap;71.397;[mm]
Dýþ Çap;71.393;[mm]
Dýþ Çap;71.424;[mm]
Dýþ Çap;71.497;[mm]
Dýþ Çap;71.440;[mm]
Dýþ Çap;71.533;[mm]
Dýþ Çap;71.436;[mm]
Dýþ Çap;71.450;[mm]
Dýþ Çap;71.335;[mm]
Dýþ Çap;71.437;[mm]
Dýþ Çap;71.518;[mm]
Dýþ Çap;71.387;[mm]
Dýþ Çap;71.475;[mm]
Dýþ Çap;71.486;[mm]
Dýþ Çap;71.452;[mm]
Dýþ Çap;71.284;[mm]
Dýþ Çap;71.441;[mm]
Dýþ Çap;71.485;[mm]
Dýþ Çap;71.498;[mm]
Dýþ Çap;71.504;[mm]
Dýþ Çap;71.503;[mm]
Dýþ Çap;71.430;[mm]
Dýþ Çap;71.440;[mm]
Dýþ Çap;71.432;[mm]
Dýþ Çap;71.483;[mm]
Dýþ Çap; ; 
Dýþ Çap;71.423;[mm]
Dýþ Çap;71.493;[mm]
Dýþ Çap;71.421;[mm]
Dýþ Çap;71.533;[mm]
Dýþ Çap;71.385;[mm]
Dýþ Çap;71.570;[mm]
Dýþ Çap;71.484;[mm]
Dýþ Çap;71.312;[mm]
Dýþ Çap;71.374;[mm]
Dýþ Çap;71.449;[mm]
Dýþ Çap;71.440;[mm]
Dýþ Çap;71.432;[mm]
Dýþ Çap;71.448;[mm]
Dýþ Çap;71.405;[mm]
Dýþ Çap;71.520;[mm]
Dýþ Çap; ; 
Dýþ Çap;71.307;[mm]
Dýþ Çap;71.483;[mm]
Dýþ Çap;71.456;[mm]
Dýþ Çap;71.400;[mm]
Dýþ Çap;71.508;[mm]
Dýþ Çap;71.464;[mm]
Dýþ Çap;71.453;[mm]
Dýþ Çap;71.479;[mm]
Dýþ Çap;71.398;[mm]
Dýþ Çap;71.459;[mm]
Dýþ Çap;71.402;[mm]
Dýþ Çap;71.401;[mm]
Dýþ Çap;71.535;[mm]
Dýþ Çap;71.488;[mm]
Dýþ Çap;71.374;[mm]
Dýþ Çap;71.466;[mm]
Dýþ Çap;71.461;[mm]
Dýþ Çap;71.381;[mm]
Dýþ Çap;71.566;[mm]
Dýþ Çap;71.407;[mm]
Dýþ Çap;71.545;[mm]
Dýþ Çap;71.412;[mm]
Dýþ Çap;71.498;[mm]
Dýþ Çap;71.329;[mm]
Dýþ Çap;71.517;[mm]
Dýþ Çap;71.445;[mm]
Dýþ Çap;71.440;[mm]
Dýþ Çap;71.457;[mm]
Dýþ Çap;71.324;[mm]
Dýþ Çap;71.428;[mm]
Dýþ Çap;71.418;[mm]
Dýþ Çap;71.426;[mm]
Dýþ Çap;71.385;[mm]
Dýþ Çap;71.454;[mm]
Dýþ Çap;71.416;[mm]
Dýþ Çap;71.449;[mm]
Dýþ Çap;71.436;[mm]
Dýþ Çap;71.474;[mm]
Dýþ Çap;71.545;[mm]
Dýþ Çap;71.475;[mm]
Dýþ Çap;71.459;[mm]
Dýþ Çap;71.448;[mm]
Dýþ Çap;71.502;[mm]
Dýþ Çap;71.358;[mm]
Dýþ Çap;71.423;[mm]
Dýþ Çap;71.476;[mm]
Dýþ Çap;71.462;[mm]
Dýþ Çap;71.455;[mm]
Dýþ Çap;71.454;[mm]
Dýþ Çap;71.474;[mm]
Dýþ Çap;71.448;[mm]
Dýþ Çap;71.499;[mm]
Dýþ Çap;71.439;[mm]
Dýþ Çap;71.370;[mm]
Dýþ Çap;71.452;[mm]
Dýþ Çap;71.655;[mm]
Dýþ Çap;71.412;[mm]
Dýþ Çap;71.277;[mm]
Dýþ Çap;71.431;[mm]
Dýþ Çap;71.439;[mm]
Dýþ Çap;71.424;[mm]
Dýþ Çap;71.424;[mm]
Dýþ Çap;71.616;[mm]
Dýþ Çap;71.383;[mm]
Dýþ Çap;71.453;[mm]
Dýþ Çap;71.430;[mm]
Dýþ Çap;71.453;[mm]
Dýþ Çap;71.607;[mm]
Dýþ Çap;71.491;[mm]
Dýþ Çap;71.384;[mm]
Dýþ Çap;71.439;[mm]
Dýþ Çap;71.427;[mm]
Dýþ Çap;71.425;[mm]
Dýþ Çap;71.485;[mm]
Dýþ Çap;71.545;[mm]
Dýþ Çap;71.414;[mm]
Dýþ Çap;71.468;[mm]
Dýþ Çap;71.420;[mm]
Dýþ Çap;71.470;[mm]
Dýþ Çap;71.493;[mm]
Dýþ Çap;71.516;[mm]
Dýþ Çap;71.453;[mm]
Dýþ Çap;71.508;[mm]
Dýþ Çap;71.447;[mm]
Dýþ Çap;71.440;[mm]
Dýþ Çap;73.086;[mm]
Dýþ Çap;71.367;[mm]
Dýþ Çap;71.488;[mm]
Dýþ Çap;71.490;[mm]
Dýþ Çap;71.478;[mm]
Dýþ Çap;71.444;[mm]
Dýþ Çap;71.513;[mm]
Dýþ Çap;71.333;[mm]
Dýþ Çap;71.317;[mm]
Dýþ Çap;71.468;[mm]
Dýþ Çap;71.360;[mm]
Dýþ Çap;71.499;[mm]
Dýþ Çap;71.576;[mm]
Dýþ Çap;71.406;[mm]
Dýþ Çap;71.376;[mm]
Dýþ Çap;71.385;[mm]
Dýþ Çap;71.434;[mm]
Dýþ Çap;71.482;[mm]
Dýþ Çap;71.492;[mm]
Dýþ Çap;71.439;[mm]
Dýþ Çap;71.382;[mm]
Dýþ Çap;71.464;[mm]
Dýþ Çap;71.288;[mm]
Dýþ Çap;71.454;[mm]
Dýþ Çap;71.437;[mm]
Dýþ Çap;71.459;[mm]
Dýþ Çap;71.435;[mm]
Dýþ Çap;71.402;[mm]
Dýþ Çap;71.480;[mm]
Dýþ Çap;71.453;[mm]
Dýþ Çap;71.440;[mm]
Dýþ Çap;71.223;[mm]
Dýþ Çap;71.497;[mm]
Dýþ Çap;71.508;[mm]
Dýþ Çap;71.537;[mm]
Dýþ Çap;71.415;[mm]
Dýþ Çap;71.423;[mm]
Dýþ Çap;71.450;[mm]
Dýþ Çap;71.537;[mm]
Dýþ Çap;71.374;[mm]
Dýþ Çap;71.497;[mm]
Dýþ Çap;71.384;[mm]
Dýþ Çap;71.425;[mm]
Dýþ Çap;71.480;[mm]
Dýþ Çap;71.480;[mm]
Dýþ Çap;71.411;[mm]
Dýþ Çap;71.430;[mm]
Dýþ Çap;71.390;[mm]
Dýþ Çap;71.397;[mm]
Dýþ Çap;71.423;[mm]
Dýþ Çap;71.420;[mm]
Dýþ Çap;71.475;[mm]
Dýþ Çap;71.374;[mm]
Dýþ Çap;71.505;[mm]
Dýþ Çap;71.449;[mm]
Dýþ Çap;71.387;[mm]
Dýþ Çap;71.445;[mm]
Dýþ Çap;71.476;[mm]
Dýþ Çap;71.610;[mm]
Dýþ Çap;71.507;[mm]
Dýþ Çap;71.523;[mm]
Dýþ Çap;71.426;[mm]
Dýþ Çap;71.497;[mm]
Dýþ Çap;71.556;[mm]
Dýþ Çap;71.418;[mm]
Dýþ Çap;71.501;[mm]
Dýþ Çap;71.541;[mm]
Dýþ Çap; ; 
Dýþ Çap;71.341;[mm]
Dýþ Çap;71.040;[mm]
Dýþ Çap;71.392;[mm]
Dýþ Çap;71.458;[mm]
Dýþ Çap;71.683;[mm]
Dýþ Çap;71.361;[mm]
Dýþ Çap;71.459;[mm]
Dýþ Çap;71.351;[mm]
Dýþ Çap;71.429;[mm]
Dýþ Çap;71.370;[mm]
Dýþ Çap; ; 
Dýþ Çap;71.357;[mm]
Dýþ Çap;71.416;[mm]
Dýþ Çap;71.407;[mm]
Dýþ Çap;71.429;[mm]
Dýþ Çap;71.470;[mm]
Dýþ Çap;71.446;[mm]
Dýþ Çap;71.375;[mm]
Dýþ Çap;71.596;[mm]
Dýþ Çap;71.535;[mm]
Dýþ Çap;71.350;[mm]
Dýþ Çap;71.372;[mm]
Dýþ Çap;71.454;[mm]
Dýþ Çap;71.471;[mm]
Dýþ Çap;71.488;[mm]
Dýþ Çap;71.437;[mm]
Dýþ Çap;71.462;[mm]
Dýþ Çap;71.451;[mm]
Dýþ Çap;71.389;[mm]
Dýþ Çap;71.453;[mm]
Dýþ Çap;71.443;[mm]
Dýþ Çap;71.467;[mm]
Dýþ Çap;71.482;[mm]
Dýþ Çap;71.358;[mm]
Dýþ Çap;71.528;[mm]
Dýþ Çap;71.374;[mm]
Dýþ Çap;71.409;[mm]
Dýþ Çap;71.400;[mm]
Dýþ Çap;71.510;[mm]
Dýþ Çap;71.395;[mm]
Dýþ Çap;71.415;[mm]
Dýþ Çap;71.439;[mm]
Dýþ Çap;71.435;[mm]
Dýþ Çap;71.319;[mm]
Dýþ Çap;71.610;[mm]
Dýþ Çap;71.484;[mm]
Dýþ Çap;71.376;[mm]
Dýþ Çap;71.451;[mm]
Dýþ Çap;71.454;[mm]
Dýþ Çap;71.434;[mm]
Dýþ Çap;71.411;[mm]
Dýþ Çap;71.414;[mm]
Dýþ Çap;71.326;[mm]
Dýþ Çap;71.519;[mm]
Dýþ Çap;71.524;[mm]
Dýþ Çap;71.473;[mm]
Dýþ Çap;71.564;[mm]
Dýþ Çap;71.373;[mm]
Dýþ Çap;71.388;[mm]
Dýþ Çap;71.512;[mm]
Dýþ Çap;71.459;[mm]
Dýþ Çap;71.485;[mm]
Dýþ Çap;71.479;[mm]
Dýþ Çap;71.360;[mm]
Dýþ Çap;71.377;[mm]
Dýþ Çap;71.417;[mm]
Dýþ Çap;71.325;[mm]
Dýþ Çap;71.473;[mm]
Dýþ Çap;71.419;[mm]
Dýþ Çap;71.429;[mm]
Dýþ Çap;71.518;[mm]
Dýþ Çap;71.546;[mm]
Dýþ Çap;71.467;[mm]
Dýþ Çap;71.492;[mm]
Dýþ Çap;71.439;[mm]
Dýþ Çap;71.455;[mm]
Dýþ Çap;71.420;[mm]
Dýþ Çap;71.396;[mm]
Dýþ Çap;71.486;[mm]
Dýþ Çap;71.295;[mm]
Dýþ Çap;71.506;[mm]
Dýþ Çap;71.403;[mm]
Dýþ Çap;71.465;[mm]
Dýþ Çap;71.438;[mm]
Dýþ Çap;71.478;[mm]
Dýþ Çap;71.395;[mm]
Dýþ Çap;71.420;[mm]
Dýþ Çap;71.410;[mm]
Dýþ Çap;71.457;[mm]
Dýþ Çap;71.505;[mm]
Dýþ Çap;71.507;[mm]
Dýþ Çap;71.451;[mm]
Dýþ Çap;71.411;[mm]
Dýþ Çap;71.506;[mm]
Dýþ Çap;71.419;[mm]
Dýþ Çap;71.411;[mm]
Dýþ Çap;71.422;[mm]
Dýþ Çap;71.462;[mm]
Dýþ Çap;71.363;[mm]
Dýþ Çap;71.420;[mm]
Dýþ Çap;71.511;[mm]
Dýþ Çap;71.422;[mm]
Dýþ Çap;71.506;[mm]
Dýþ Çap;71.420;[mm]
Dýþ Çap;71.390;[mm]
Dýþ Çap;71.471;[mm]
Dýþ Çap;71.386;[mm]
Dýþ Çap;71.519;[mm]
Dýþ Çap;71.409;[mm]
Dýþ Çap;71.418;[mm]
Dýþ Çap;71.451;[mm]
Dýþ Çap;71.486;[mm]
Dýþ Çap;71.445;[mm]
Dýþ Çap;71.450;[mm]
Dýþ Çap;71.372;[mm]
Dýþ Çap;71.462;[mm]
Dýþ Çap;71.382;[mm]
Dýþ Çap;71.424;[mm]
Dýþ Çap;71.321;[mm]
Dýþ Çap;71.414;[mm]
Dýþ Çap;71.377;[mm]
Dýþ Çap;71.471;[mm]
Dýþ Çap;71.530;[mm]
Dýþ Çap;71.481;[mm]
Dýþ Çap;71.472;[mm]
Dýþ Çap;71.464;[mm]
Dýþ Çap;71.399;[mm]
Dýþ Çap;71.439;[mm]
Dýþ Çap;71.457;[mm]
Dýþ Çap; ; 
Dýþ Çap;71.382;[mm]
Dýþ Çap;71.481;[mm]
Dýþ Çap;71.430;[mm]
Dýþ Çap;71.485;[mm]
Dýþ Çap;71.516;[mm]
Dýþ Çap;71.372;[mm]
Dýþ Çap;71.453;[mm]
Dýþ Çap;71.390;[mm]
Dýþ Çap;71.547;[mm]
Dýþ Çap;71.401;[mm]
Dýþ Çap;71.486;[mm]
Dýþ Çap;71.492;[mm]
Dýþ Çap;71.391;[mm]
Dýþ Çap;71.487;[mm]
Dýþ Çap;71.382;[mm]
Dýþ Çap;71.505;[mm]
Dýþ Çap;71.430;[mm]
Dýþ Çap;71.410;[mm]
Dýþ Çap;71.523;[mm]
Dýþ Çap;71.423;[mm]
Dýþ Çap;71.383;[mm]
Dýþ Çap;71.434;[mm]
Dýþ Çap;71.415;[mm]
Dýþ Çap;71.443;[mm]
Dýþ Çap;71.480;[mm]
Dýþ Çap;71.579;[mm]
Dýþ Çap;71.496;[mm]
Dýþ Çap;71.486;[mm]
Dýþ Çap;71.433;[mm]
Dýþ Çap;71.447;[mm]
Dýþ Çap;71.411;[mm]
Dýþ Çap;71.391;[mm]
Dýþ Çap;71.382;[mm]
Dýþ Çap;71.395;[mm]
Dýþ Çap;71.527;[mm]
Dýþ Çap;71.496;[mm]
Dýþ Çap;71.381;[mm]
Dýþ Çap;71.457;[mm]
Dýþ Çap;71.363;[mm]
Dýþ Çap;71.557;[mm]
Dýþ Çap;71.447;[mm]
Dýþ Çap;71.443;[mm]
Dýþ Çap;71.480;[mm]
Dýþ Çap;71.391;[mm]
Dýþ Çap;71.413;[mm]
Dýþ Çap;71.480;[mm]
Dýþ Çap;71.523;[mm]
Dýþ Çap;71.382;[mm]
Dýþ Çap;71.469;[mm]
Dýþ Çap;71.396;[mm]
Dýþ Çap;71.488;[mm]
Dýþ Çap;71.462;[mm]
Dýþ Çap;71.448;[mm]
Dýþ Çap;71.500;[mm]
Dýþ Çap;71.465;[mm]
Dýþ Çap;71.422;[mm]
Dýþ Çap;71.425;[mm]
Dýþ Çap;71.361;[mm]
Dýþ Çap;71.522;[mm]
Dýþ Çap;71.360;[mm]
Dýþ Çap;71.418;[mm]
Dýþ Çap;71.474;[mm]
Dýþ Çap;71.411;[mm]
Dýþ Çap;71.400;[mm]
Dýþ Çap;71.510;[mm]
Dýþ Çap;71.473;[mm]
Dýþ Çap;71.417;[mm]
Dýþ Çap;71.589;[mm]
Dýþ Çap;71.400;[mm]
Dýþ Çap;71.395;[mm]
Dýþ Çap;71.529;[mm]
Dýþ Çap;71.475;[mm]
Dýþ Çap;71.282;[mm]
Dýþ Çap;71.397;[mm]
Dýþ Çap;71.461;[mm]
Dýþ Çap;71.393;[mm]
Dýþ Çap;71.463;[mm]
Dýþ Çap;71.510;[mm]
Dýþ Çap;71.431;[mm]
Dýþ Çap;71.557;[mm]
Dýþ Çap;71.481;[mm]
Dýþ Çap;71.397;[mm]
Dýþ Çap;71.537;[mm]
Dýþ Çap;71.544;[mm]
Dýþ Çap;71.471;[mm]
Dýþ Çap;71.441;[mm]
Dýþ Çap;71.439;[mm]
Dýþ Çap;71.488;[mm]
Dýþ Çap;71.412;[mm]
Dýþ Çap;71.553;[mm]
Dýþ Çap;71.501;[mm]
Dýþ Çap;71.461;[mm]
Dýþ Çap;71.433;[mm]
Dýþ Çap;71.469;[mm]
Dýþ Çap;71.417;[mm]
Dýþ Çap;71.495;[mm]
Dýþ Çap;71.430;[mm]
Dýþ Çap;71.363;[mm]
Dýþ Çap;71.374;[mm]
Dýþ Çap;71.356;[mm]
Dýþ Çap;71.432;[mm]
Dýþ Çap;71.546;[mm]
Dýþ Çap;71.453;[mm]
Dýþ Çap;71.388;[mm]
Dýþ Çap;71.432;[mm]
Dýþ Çap;71.416;[mm]
Dýþ Çap;71.520;[mm]
Dýþ Çap;71.392;[mm]
Dýþ Çap;71.359;[mm]
Dýþ Çap;71.434;[mm]
Dýþ Çap;71.462;[mm]
Dýþ Çap;71.379;[mm]
Dýþ Çap;71.459;[mm]
Dýþ Çap;71.398;[mm]
Dýþ Çap;71.437;[mm]
Dýþ Çap;71.507;[mm]
Dýþ Çap;71.324;[mm]
Dýþ Çap;71.347;[mm]
Dýþ Çap;71.452;[mm]
Dýþ Çap;71.370;[mm]
Dýþ Çap;71.504;[mm]
Dýþ Çap;71.465;[mm]
Dýþ Çap;71.503;[mm]
Dýþ Çap;71.461;[mm]
Dýþ Çap;71.452;[mm]
Dýþ Çap;71.372;[mm]
Dýþ Çap;71.482;[mm]
Dýþ Çap;71.471;[mm]
Dýþ Çap;71.288;[mm]
Dýþ Çap;71.426;[mm]
Dýþ Çap;71.508;[mm]
Dýþ Çap;71.441;[mm]
Dýþ Çap;71.440;[mm]
Dýþ Çap;71.488;[mm]
Dýþ Çap;71.462;[mm]
Dýþ Çap;71.334;[mm]
Dýþ Çap;71.486;[mm]
Dýþ Çap;71.399;[mm]
Dýþ Çap;71.375;[mm]
Dýþ Çap;71.459;[mm]
Dýþ Çap;71.391;[mm]
Dýþ Çap;71.355;[mm]
Dýþ Çap;71.427;[mm]
Dýþ Çap;71.365;[mm]
Dýþ Çap;71.427;[mm]
Dýþ Çap;71.403;[mm]
Dýþ Çap;71.430;[mm]
Dýþ Çap;71.510;[mm]
Dýþ Çap;71.417;[mm]
Dýþ Çap;71.451;[mm]
Dýþ Çap;71.450;[mm]
Dýþ Çap;71.380;[mm]
Dýþ Çap;71.395;[mm]
Dýþ Çap;71.390;[mm]
Dýþ Çap;71.522;[mm]
Dýþ Çap;71.457;[mm]
Dýþ Çap;71.447;[mm]
Dýþ Çap;71.388;[mm]
Dýþ Çap;71.453;[mm]
Dýþ Çap;71.374;[mm]
Dýþ Çap;71.461;[mm]
Dýþ Çap;71.447;[mm]
Dýþ Çap;71.422;[mm]
Dýþ Çap;71.371;[mm]
Dýþ Çap;71.565;[mm]
Dýþ Çap;71.313;[mm]
Dýþ Çap;71.384;[mm]
Dýþ Çap;71.502;[mm]
Dýþ Çap;71.435;[mm]
Dýþ Çap;71.481;[mm]
Dýþ Çap;71.377;[mm]
Dýþ Çap;71.408;[mm]
Dýþ Çap;71.524;[mm]
Dýþ Çap;71.467;[mm]
Dýþ Çap;71.380;[mm]
Dýþ Çap;71.491;[mm]
Dýþ Çap;71.490;[mm]
Dýþ Çap;71.466;[mm]
Dýþ Çap;71.444;[mm]
Dýþ Çap;71.359;[mm]
Dýþ Çap;71.417;[mm]
Dýþ Çap;71.436;[mm]
Dýþ Çap;71.409;[mm]
Dýþ Çap;71.422;[mm]
Dýþ Çap;71.492;[mm]
Dýþ Çap;71.344;[mm]
Dýþ Çap;71.375;[mm]
Dýþ Çap;71.427;[mm]
Dýþ Çap;71.471;[mm]
Dýþ Çap;71.415;[mm]
Dýþ Çap;71.476;[mm]
Dýþ Çap;71.469;[mm]
Dýþ Çap;71.363;[mm]
Dýþ Çap; ; 
Dýþ Çap;71.442;[mm]
Dýþ Çap;71.393;[mm]
Dýþ Çap;71.445;[mm]
Dýþ Çap;71.503;[mm]
Dýþ Çap;71.556;[mm]
Dýþ Çap;71.345;[mm]
Dýþ Çap;71.467;[mm]
Dýþ Çap;71.368;[mm]
Dýþ Çap;71.423;[mm]
Dýþ Çap;71.457;[mm]
Dýþ Çap;71.462;[mm]
Dýþ Çap;71.410;[mm]
Dýþ Çap;71.504;[mm]
Dýþ Çap;71.402;[mm]
Dýþ Çap;71.384;[mm]
Dýþ Çap;71.389;[mm]
Dýþ Çap;71.500;[mm]
Dýþ Çap;71.455;[mm]
Dýþ Çap;71.374;[mm]
Dýþ Çap;71.429;[mm]
Dýþ Çap;71.399;[mm]
Dýþ Çap;71.384;[mm]
Dýþ Çap;71.271;[mm]
Dýþ Çap;71.376;[mm]
Dýþ Çap;71.446;[mm]
Dýþ Çap;71.525;[mm]
Dýþ Çap;71.469;[mm]
Dýþ Çap;71.446;[mm]
Dýþ Çap;71.403;[mm]
Dýþ Çap;71.418;[mm]
Dýþ Çap;71.520;[mm]
Dýþ Çap;71.450;[mm]
Dýþ Çap;71.439;[mm]
Dýþ Çap;71.529;[mm]
Dýþ Çap;71.438;[mm]
Dýþ Çap;71.467;[mm]
Dýþ Çap;71.445;[mm]
Dýþ Çap;71.400;[mm]
Dýþ Çap;71.440;[mm]
Dýþ Çap;71.421;[mm]
Dýþ Çap;71.467;[mm]
Dýþ Çap;71.386;[mm]
Dýþ Çap;71.458;[mm]
Dýþ Çap;71.465;[mm]
Dýþ Çap;71.403;[mm]
Dýþ Çap;71.363;[mm]
Dýþ Çap;71.373;[mm]
Dýþ Çap;71.405;[mm]
Dýþ Çap;71.440;[mm]
Dýþ Çap;71.434;[mm]
Dýþ Çap;71.432;[mm]
Dýþ Çap;71.483;[mm]
Dýþ Çap;71.448;[mm]
Dýþ Çap;71.389;[mm]
Dýþ Çap;71.451;[mm]
Dýþ Çap;71.370;[mm]
Dýþ Çap;71.416;[mm]
Dýþ Çap;71.354;[mm]
Dýþ Çap;71.450;[mm]
Dýþ Çap;71.409;[mm]
Dýþ Çap;71.460;[mm]
Dýþ Çap;71.462;[mm]
Dýþ Çap;71.435;[mm]
Dýþ Çap;71.457;[mm]
Dýþ Çap;71.447;[mm]
Dýþ Çap;71.535;[mm]
Dýþ Çap;71.260;[mm]
Dýþ Çap;71.462;[mm]
Dýþ Çap;71.357;[mm]
Dýþ Çap;71.468;[mm]
Dýþ Çap;71.446;[mm]
Dýþ Çap;71.397;[mm]
Dýþ Çap;71.317;[mm]
Dýþ Çap;71.368;[mm]
Dýþ Çap;71.405;[mm]
Dýþ Çap;71.426;[mm]
Dýþ Çap;71.399;[mm]
Dýþ Çap;71.405;[mm]
Dýþ Çap;71.469;[mm]
Dýþ Çap;71.333;[mm]
Dýþ Çap;71.447;[mm]
Dýþ Çap;71.433;[mm]
Dýþ Çap;71.528;[mm]
Dýþ Çap;71.423;[mm]
Dýþ Çap;71.498;[mm]
Dýþ Çap;71.493;[mm]
Dýþ Çap;71.460;[mm]
Dýþ Çap;71.393;[mm]
Dýþ Çap;71.401;[mm]
Dýþ Çap;71.482;[mm]
Dýþ Çap;71.372;[mm]
Dýþ Çap;71.488;[mm]
Dýþ Çap;71.439;[mm]
Dýþ Çap;71.404;[mm]
Dýþ Çap;71.424;[mm]
Dýþ Çap;71.466;[mm]
Dýþ Çap;71.417;[mm]
Dýþ Çap;71.427;[mm]
Dýþ Çap;71.346;[mm]
Dýþ Çap;71.408;[mm]
Dýþ Çap;71.402;[mm]
Dýþ Çap;71.428;[mm]
Dýþ Çap;71.471;[mm]
Dýþ Çap;71.493;[mm]
Dýþ Çap;71.368;[mm]
Dýþ Çap;71.486;[mm]
Dýþ Çap;71.362;[mm]
Dýþ Çap;71.493;[mm]
Dýþ Çap;71.303;[mm]
Dýþ Çap;71.433;[mm]
Dýþ Çap;71.422;[mm]
Dýþ Çap;71.430;[mm]
Dýþ Çap;71.422;[mm]
Dýþ Çap;71.389;[mm]
Dýþ Çap;71.472;[mm]
Dýþ Çap;71.360;[mm]
Dýþ Çap;71.472;[mm]
Dýþ Çap;71.477;[mm]
Dýþ Çap;71.463;[mm]
Dýþ Çap;71.461;[mm]
Dýþ Çap;71.449;[mm]
Dýþ Çap;71.231;[mm]
Dýþ Çap;71.471;[mm]
Dýþ Çap;72.781;[mm]
Dýþ Çap;71.403;[mm]
Dýþ Çap;71.452;[mm]
Dýþ Çap;71.369;[mm]
Dýþ Çap;71.441;[mm]
Dýþ Çap;71.421;[mm]
Dýþ Çap;71.294;[mm]
Dýþ Çap;71.413;[mm]
Dýþ Çap;71.423;[mm]
Dýþ Çap;71.467;[mm]
Dýþ Çap;71.423;[mm]
Dýþ Çap;71.464;[mm]
Dýþ Çap;71.455;[mm]
Dýþ Çap;71.478;[mm]
Dýþ Çap;71.379;[mm]
Dýþ Çap;71.459;[mm]
Dýþ Çap;71.489;[mm]
Dýþ Çap;71.478;[mm]
Dýþ Çap;71.549;[mm]
Dýþ Çap;71.430;[mm]
Dýþ Çap;71.447;[mm]
Dýþ Çap;71.470;[mm]
Dýþ Çap;71.437;[mm]
Dýþ Çap;71.450;[mm]
Dýþ Çap;71.482;[mm]
Dýþ Çap;71.390;[mm]
Dýþ Çap;71.483;[mm]
Dýþ Çap;71.404;[mm]
Dýþ Çap;71.535;[mm]
Dýþ Çap;71.458;[mm]
Dýþ Çap;71.481;[mm]
Dýþ Çap;71.489;[mm]
Dýþ Çap;71.561;[mm]
Dýþ Çap;71.383;[mm]
Dýþ Çap;71.422;[mm]
Dýþ Çap;71.453;[mm]
Dýþ Çap;71.456;[mm]
Dýþ Çap;71.419;[mm]
Dýþ Çap;71.361;[mm]
Dýþ Çap;71.351;[mm]
Dýþ Çap;71.393;[mm]
Dýþ Çap;71.367;[mm]
Dýþ Çap;71.356;[mm]
Dýþ Çap;71.335;[mm]
Dýþ Çap;71.344;[mm]
Dýþ Çap;71.439;[mm]
Dýþ Çap;71.449;[mm]
Dýþ Çap;71.377;[mm]
Dýþ Çap;71.527;[mm]
Dýþ Çap;71.512;[mm]
Dýþ Çap;71.470;[mm]
Dýþ Çap;71.424;[mm]
Dýþ Çap;71.487;[mm]
Dýþ Çap;71.410;[mm]
Dýþ Çap;71.395;[mm]
Dýþ Çap;71.444;[mm]
Dýþ Çap;71.448;[mm]
Dýþ Çap;71.468;[mm]
Dýþ Çap;71.335;[mm]
Dýþ Çap;71.445;[mm]
Dýþ Çap;71.436;[mm]
Dýþ Çap;71.292;[mm]
Dýþ Çap;71.416;[mm]
Dýþ Çap;71.419;[mm]
Dýþ Çap;71.416;[mm]
Dýþ Çap;71.573;[mm]
Dýþ Çap;71.473;[mm]
Dýþ Çap;71.488;[mm]
Dýþ Çap;71.477;[mm]
Dýþ Çap;71.619;[mm]
Dýþ Çap;71.399;[mm]
Dýþ Çap;71.418;[mm]
Dýþ Çap;71.471;[mm]
Dýþ Çap;71.495;[mm]
Dýþ Çap;71.490;[mm]
Dýþ Çap;71.439;[mm]
Dýþ Çap;71.425;[mm]
Dýþ Çap;71.520;[mm]
Dýþ Çap;71.283;[mm]
Dýþ Çap;71.430;[mm]
Dýþ Çap;71.485;[mm]
Dýþ Çap;71.487;[mm]
Dýþ Çap;71.439;[mm]
Dýþ Çap;71.381;[mm]
Dýþ Çap;71.399;[mm]
Dýþ Çap;71.453;[mm]
Dýþ Çap;72.848;[mm]
Dýþ Çap;71.541;[mm]
Dýþ Çap;71.491;[mm]
Dýþ Çap;71.377;[mm]
Dýþ Çap;71.559;[mm]
Dýþ Çap;71.374;[mm]
Dýþ Çap;71.476;[mm]
Dýþ Çap;71.461;[mm]
Dýþ Çap;71.482;[mm]
Dýþ Çap;71.499;[mm]
Dýþ Çap;71.445;[mm]
Dýþ Çap;71.494;[mm]
Dýþ Çap;71.473;[mm]
Dýþ Çap;71.445;[mm]
Dýþ Çap;71.426;[mm]
Dýþ Çap;71.426;[mm]
Dýþ Çap;71.388;[mm]
Dýþ Çap;71.393;[mm]
Dýþ Çap;71.424;[mm]
Dýþ Çap;71.393;[mm]
Dýþ Çap;71.474;[mm]
Dýþ Çap;71.503;[mm]
Dýþ Çap;71.251;[mm]
Dýþ Çap;71.467;[mm]
Dýþ Çap;71.422;[mm]
Dýþ Çap;71.416;[mm]
Dýþ Çap;71.335;[mm]
Dýþ Çap;71.547;[mm]
Dýþ Çap;71.429;[mm]
Dýþ Çap;71.515;[mm]
Dýþ Çap;71.420;[mm]
Dýþ Çap;71.521;[mm]
Dýþ Çap;71.373;[mm]
Dýþ Çap;71.495;[mm]
Dýþ Çap;71.474;[mm]
Dýþ Çap;71.445;[mm]
Dýþ Çap;71.578;[mm]
Dýþ Çap;71.370;[mm]
Dýþ Çap; ; 
Dýþ Çap;71.375;[mm]
Dýþ Çap;71.410;[mm]
Dýþ Çap;71.531;[mm]
Dýþ Çap;71.438;[mm]
Dýþ Çap;71.426;[mm]
Dýþ Çap;71.445;[mm]
Dýþ Çap;71.415;[mm]
Dýþ Çap;71.440;[mm]
Dýþ Çap;71.401;[mm]
Dýþ Çap;71.549;[mm]
Dýþ Çap;71.419;[mm]
Dýþ Çap;71.406;[mm]
Dýþ Çap;71.426;[mm]
Dýþ Çap;71.540;[mm]
Dýþ Çap;71.433;[mm]
Dýþ Çap;71.470;[mm]
Dýþ Çap;71.439;[mm]
Dýþ Çap;71.469;[mm]
Dýþ Çap;71.394;[mm]
Dýþ Çap;71.322;[mm]
Dýþ Çap;71.388;[mm]
Dýþ Çap;71.458;[mm]
Dýþ Çap;71.484;[mm]
Dýþ Çap;71.485;[mm]
Dýþ Çap;71.482;[mm]
Dýþ Çap;71.472;[mm]
Dýþ Çap;71.466;[mm]
Dýþ Çap;71.475;[mm]
Dýþ Çap;71.478;[mm]
Dýþ Çap;71.490;[mm]
Dýþ Çap;71.395;[mm]
Dýþ Çap;71.447;[mm]
Dýþ Çap;71.398;[mm]
Dýþ Çap;71.461;[mm]
Dýþ Çap;71.512;[mm]
Dýþ Çap;71.419;[mm]
Dýþ Çap;71.379;[mm]
Dýþ Çap;71.385;[mm]
Dýþ Çap;71.466;[mm]
Dýþ Çap;71.475;[mm]
Dýþ Çap;71.387;[mm]
Dýþ Çap;71.549;[mm]
Dýþ Çap;71.443;[mm]
Dýþ Çap;71.573;[mm]
Dýþ Çap;71.403;[mm]
Dýþ Çap;71.189;[mm]
Dýþ Çap;71.445;[mm]
Dýþ Çap;71.333;[mm]
Dýþ Çap;71.461;[mm]
Dýþ Çap;71.309;[mm]
Dýþ Çap;71.411;[mm]
Dýþ Çap;71.427;[mm]
Dýþ Çap;71.446;[mm]
Dýþ Çap;71.534;[mm]
Dýþ Çap;71.442;[mm]
Dýþ Çap;71.402;[mm]
Dýþ Çap;71.466;[mm]
Dýþ Çap;71.461;[mm]
Dýþ Çap;71.416;[mm]
Dýþ Çap;71.413;[mm]
Dýþ Çap;71.437;[mm]
Dýþ Çap;71.459;[mm]
Dýþ Çap;71.440;[mm]
Dýþ Çap;71.529;[mm]
Dýþ Çap;71.631;[mm]
Dýþ Çap;71.481;[mm]
Dýþ Çap;71.488;[mm]
Dýþ Çap;71.399;[mm]
Dýþ Çap;71.376;[mm]
Dýþ Çap;71.469;[mm]
Dýþ Çap;71.377;[mm]
Dýþ Çap;71.475;[mm]
Dýþ Çap;71.432;[mm]
Dýþ Çap;71.464;[mm]
Dýþ Çap;71.480;[mm]
Dýþ Çap;71.413;[mm]
Dýþ Çap;71.448;[mm]
Dýþ Çap;71.486;[mm]
Dýþ Çap;71.494;[mm]
Dýþ Çap;71.447;[mm]
Dýþ Çap;71.396;[mm]
Dýþ Çap;71.492;[mm]
Dýþ Çap;71.376;[mm]
Dýþ Çap;71.403;[mm]
Dýþ Çap;71.436;[mm]
Dýþ Çap;71.446;[mm]
Dýþ Çap;71.444;[mm]
Dýþ Çap;71.388;[mm]
Dýþ Çap;71.359;[mm]
Dýþ Çap;71.375;[mm]
Dýþ Çap;71.459;[mm]
Dýþ Çap;71.462;[mm]
Dýþ Çap;71.478;[mm]
Dýþ Çap;71.493;[mm]
Dýþ Çap;71.429;[mm]
Dýþ Çap;71.519;[mm]
Dýþ Çap;71.572;[mm]
Dýþ Çap;71.399;[mm]
Dýþ Çap;71.452;[mm]
Dýþ Çap;71.457;[mm]
Dýþ Çap;71.403;[mm]
Dýþ Çap;71.482;[mm]
Dýþ Çap;71.395;[mm]
Dýþ Çap;71.487;[mm]
Dýþ Çap;71.348;[mm]
Dýþ Çap;71.462;[mm]
Dýþ Çap;71.354;[mm]
Dýþ Çap;71.511;[mm]
Dýþ Çap;71.368;[mm]
Dýþ Çap;71.414;[mm]
Dýþ Çap;71.372;[mm]
Dýþ Çap;71.443;[mm]
Dýþ Çap;71.406;[mm]
Dýþ Çap;71.479;[mm]
Dýþ Çap;71.403;[mm]
Dýþ Çap;71.377;[mm]
Dýþ Çap;71.393;[mm]
Dýþ Çap;71.470;[mm]
Dýþ Çap;71.486;[mm]
Dýþ Çap;71.368;[mm]
Dýþ Çap;71.433;[mm]
Dýþ Çap;71.487;[mm]
Dýþ Çap;71.442;[mm]
Dýþ Çap;71.434;[mm]
Dýþ Çap;71.497;[mm]
Dýþ Çap;71.468;[mm]
Dýþ Çap;71.358;[mm]
Dýþ Çap;71.323;[mm]
Dýþ Çap;71.389;[mm]
Dýþ Çap;71.442;[mm]
Dýþ Çap;71.449;[mm]
Dýþ Çap;71.473;[mm]
Dýþ Çap;71.451;[mm]
Dýþ Çap;71.440;[mm]
Dýþ Çap;71.484;[mm]
Dýþ Çap;71.484;[mm]
Dýþ Çap;71.483;[mm]
Dýþ Çap;71.385;[mm]
Dýþ Çap;71.382;[mm]
Dýþ Çap;71.462;[mm]
Dýþ Çap;71.439;[mm]
Dýþ Çap;71.437;[mm]
Dýþ Çap;71.419;[mm]
Dýþ Çap;71.474;[mm]
Dýþ Çap;71.445;[mm]
Dýþ Çap;71.427;[mm]
Dýþ Çap;71.416;[mm]
Dýþ Çap;71.389;[mm]
Dýþ Çap;71.230;[mm]
Dýþ Çap;71.554;[mm]
Dýþ Çap;71.413;[mm]
Dýþ Çap;71.358;[mm]
Dýþ Çap;71.485;[mm]
Dýþ Çap;71.496;[mm]
Dýþ Çap;71.466;[mm]
Dýþ Çap;71.495;[mm]
Dýþ Çap;71.491;[mm]
Dýþ Çap;71.416;[mm]
Dýþ Çap;71.362;[mm]
Dýþ Çap;71.418;[mm]
Dýþ Çap;71.469;[mm]
Dýþ Çap;71.425;[mm]
Dýþ Çap;71.514;[mm]
Dýþ Çap;71.359;[mm]
Dýþ Çap;71.506;[mm]
Dýþ Çap;71.476;[mm]
Dýþ Çap;71.437;[mm]
Dýþ Çap;71.506;[mm]
Dýþ Çap;71.562;[mm]
Dýþ Çap;71.412;[mm]
Dýþ Çap;71.419;[mm]
Dýþ Çap;71.416;[mm]
Dýþ Çap;71.428;[mm]
Dýþ Çap;71.499;[mm]
Dýþ Çap;71.488;[mm]
Dýþ Çap;71.526;[mm]
Dýþ Çap;71.470;[mm]
Dýþ Çap;71.502;[mm]
Dýþ Çap;71.512;[mm]
Dýþ Çap;71.437;[mm]
Dýþ Çap;71.357;[mm]
Dýþ Çap;71.396;[mm]
Dýþ Çap;71.441;[mm]
Dýþ Çap;71.409;[mm]
Dýþ Çap;71.416;[mm]
Dýþ Çap;71.456;[mm]
Dýþ Çap;71.400;[mm]
Dýþ Çap;71.366;[mm]
Dýþ Çap;71.396;[mm]
Dýþ Çap;71.385;[mm]
Dýþ Çap;71.350;[mm]
Dýþ Çap;71.377;[mm]
Dýþ Çap;71.450;[mm]
Dýþ Çap;71.244;[mm]
Dýþ Çap;71.384;[mm]
Dýþ Çap;71.437;[mm]
Dýþ Çap;71.239;[mm]
Dýþ Çap;71.393;[mm]
Dýþ Çap;71.445;[mm]
Dýþ Çap;71.379;[mm]
Dýþ Çap;71.356;[mm]
Dýþ Çap;71.448;[mm]
Dýþ Çap;71.513;[mm]
Dýþ Çap;71.203;[mm]
Dýþ Çap;71.406;[mm]
Dýþ Çap;71.409;[mm]
Dýþ Çap;71.527;[mm]
Dýþ Çap;71.388;[mm]
Dýþ Çap;71.482;[mm]
Dýþ Çap;71.453;[mm]
Dýþ Çap;71.408;[mm]
Dýþ Çap;71.503;[mm]
Dýþ Çap;71.419;[mm]
Dýþ Çap;71.370;[mm]
Dýþ Çap;71.357;[mm]
Dýþ Çap;71.329;[mm]
Dýþ Çap;71.416;[mm]
Dýþ Çap;71.432;[mm]
Dýþ Çap;71.398;[mm]
Dýþ Çap;71.440;[mm]
Dýþ Çap;71.497;[mm]
Dýþ Çap;71.492;[mm]
Dýþ Çap;71.428;[mm]
Dýþ Çap;71.523;[mm]
Dýþ Çap;71.471;[mm]
Dýþ Çap;71.407;[mm]
Dýþ Çap;71.411;[mm]
Dýþ Çap;71.443;[mm]
Dýþ Çap;71.437;[mm]
Dýþ Çap;71.357;[mm]
Dýþ Çap;71.464;[mm]
Dýþ Çap;71.469;[mm]
Dýþ Çap;71.519;[mm]
Dýþ Çap;71.359;[mm]
Dýþ Çap;71.448;[mm]
Dýþ Çap;71.455;[mm]
Dýþ Çap;71.345;[mm]
Dýþ Çap;71.427;[mm]
Dýþ Çap;71.407;[mm]
Dýþ Çap;71.436;[mm]
Dýþ Çap;71.486;[mm]
Dýþ Çap;71.464;[mm]
Dýþ Çap;71.470;[mm]
Dýþ Çap;71.331;[mm]
Dýþ Çap;71.568;[mm]
Dýþ Çap;71.397;[mm]
Dýþ Çap;71.378;[mm]
Dýþ Çap;71.432;[mm]
Dýþ Çap;71.372;[mm]
Dýþ Çap;71.462;[mm]
Dýþ Çap;71.388;[mm]
Dýþ Çap;71.446;[mm]
Dýþ Çap;71.389;[mm]
Dýþ Çap;71.427;[mm]
Dýþ Çap;71.363;[mm]
Dýþ Çap;71.419;[mm]
Dýþ Çap;71.437;[mm]
Dýþ Çap;71.460;[mm]
Dýþ Çap;71.574;[mm]
Dýþ Çap;71.516;[mm]
Dýþ Çap;71.461;[mm]
Dýþ Çap;71.368;[mm]
Dýþ Çap;71.429;[mm]
Dýþ Çap;71.365;[mm]
Dýþ Çap;71.403;[mm]
Dýþ Çap;71.415;[mm]
Dýþ Çap;71.491;[mm]
Dýþ Çap;71.408;[mm]
Dýþ Çap;71.405;[mm]
Dýþ Çap;71.417;[mm]
Dýþ Çap;71.347;[mm]
Dýþ Çap;71.289;[mm]
Dýþ Çap;71.453;[mm]
Dýþ Çap;71.463;[mm]
Dýþ Çap;71.497;[mm]
Dýþ Çap;71.355;[mm]
Dýþ Çap;71.392;[mm]
Dýþ Çap;71.460;[mm]
Dýþ Çap;71.390;[mm]
Dýþ Çap;71.398;[mm]
Dýþ Çap;71.547;[mm]
Dýþ Çap;71.381;[mm]
Dýþ Çap;71.527;[mm]
Dýþ Çap;71.401;[mm]
Dýþ Çap;71.292;[mm]
Dýþ Çap;71.391;[mm]
Dýþ Çap;71.316;[mm]
Dýþ Çap;71.384;[mm]
Dýþ Çap;71.389;[mm]
Dýþ Çap;71.435;[mm]
Dýþ Çap;71.381;[mm]
Dýþ Çap;71.456;[mm]
Dýþ Çap;71.411;[mm]
Dýþ Çap;71.408;[mm]
Dýþ Çap;71.476;[mm]
Dýþ Çap;71.418;[mm]
Dýþ Çap;71.395;[mm]
Dýþ Çap;71.625;[mm]
Dýþ Çap;71.467;[mm]
Dýþ Çap;71.406;[mm]
Dýþ Çap;71.392;[mm]
Dýþ Çap;71.407;[mm]
Dýþ Çap;71.370;[mm]
Dýþ Çap;71.274;[mm]
Dýþ Çap;72.016;[mm]
Dýþ Çap;71.432;[mm]
Dýþ Çap;71.419;[mm]
Dýþ Çap;71.521;[mm]
Dýþ Çap;71.397;[mm]
Dýþ Çap;71.550;[mm]
Dýþ Çap;71.343;[mm]
Dýþ Çap;71.355;[mm]
Dýþ Çap;71.390;[mm]
Dýþ Çap;71.321;[mm]
Dýþ Çap;71.440;[mm]
Dýþ Çap;71.549;[mm]
Dýþ Çap;71.428;[mm]
Dýþ Çap;71.504;[mm]
Dýþ Çap;71.375;[mm]
Dýþ Çap;71.509;[mm]
Dýþ Çap;71.474;[mm]
Dýþ Çap;71.357;[mm]
Dýþ Çap;71.487;[mm]
Dýþ Çap;71.294;[mm]
Dýþ Çap;71.429;[mm]
Dýþ Çap;71.474;[mm]
Dýþ Çap;71.444;[mm]
Dýþ Çap;71.414;[mm]
Dýþ Çap;71.398;[mm]
Dýþ Çap;71.442;[mm]
Dýþ Çap;71.402;[mm]
Dýþ Çap;71.396;[mm]
Dýþ Çap;71.505;[mm]
Dýþ Çap;71.531;[mm]
Dýþ Çap;71.588;[mm]
Dýþ Çap;71.494;[mm]
Dýþ Çap;71.501;[mm]
Dýþ Çap;71.442;[mm]
Dýþ Çap;71.392;[mm]
Dýþ Çap;71.514;[mm]
Dýþ Çap;71.462;[mm]
Dýþ Çap;71.367;[mm]
Dýþ Çap;71.492;[mm]
Dýþ Çap;71.480;[mm]
Dýþ Çap;71.471;[mm]
Dýþ Çap;71.470;[mm]
Dýþ Çap;71.377;[mm]
Dýþ Çap;71.358;[mm]
Dýþ Çap;71.550;[mm]
Dýþ Çap;71.446;[mm]
Dýþ Çap;71.414;[mm]
Dýþ Çap;71.366;[mm]
Dýþ Çap;71.491;[mm]
Dýþ Çap;71.443;[mm]
Dýþ Çap;71.445;[mm]
Dýþ Çap;71.419;[mm]
Dýþ Çap;71.399;[mm]
Dýþ Çap;71.395;[mm]
Dýþ Çap;71.359;[mm]
Dýþ Çap;71.440;[mm]
Dýþ Çap;71.396;[mm]
Dýþ Çap;71.421;[mm]
Dýþ Çap;71.490;[mm]
Dýþ Çap;71.448;[mm]
Dýþ Çap;71.399;[mm]
Dýþ Çap;71.392;[mm]
Dýþ Çap;71.489;[mm]
Dýþ Çap;71.445;[mm]
Dýþ Çap;71.416;[mm]
Dýþ Çap;71.484;[mm]
Dýþ Çap;71.481;[mm]
Dýþ Çap;71.315;[mm]
Dýþ Çap;71.411;[mm]
Dýþ Çap;71.411;[mm]
Dýþ Çap;71.393;[mm]
Dýþ Çap;71.513;[mm]
Dýþ Çap;71.390;[mm]
Dýþ Çap;71.410;[mm]
Dýþ Çap;71.475;[mm]
Dýþ Çap;71.320;[mm]
Dýþ Çap;71.386;[mm]
Dýþ Çap;71.535;[mm]
Dýþ Çap;71.400;[mm]
Dýþ Çap;71.406;[mm]
Dýþ Çap;71.425;[mm]
Dýþ Çap;71.386;[mm]
Dýþ Çap;71.446;[mm]
Dýþ Çap;71.410;[mm]
Dýþ Çap;71.292;[mm]
Dýþ Çap;71.451;[mm]
Dýþ Çap;71.472;[mm]
Dýþ Çap;71.420;[mm]
Dýþ Çap;71.339;[mm]
Dýþ Çap;71.420;[mm]
Dýþ Çap;71.478;[mm]
Dýþ Çap;71.473;[mm]
Dýþ Çap;71.381;[mm]
Dýþ Çap;71.362;[mm]
Dýþ Çap;71.372;[mm]
Dýþ Çap;71.486;[mm]
Dýþ Çap;71.585;[mm]
Dýþ Çap;71.410;[mm]
Dýþ Çap;71.434;[mm]
Dýþ Çap;71.403;[mm]
Dýþ Çap;71.534;[mm]
Dýþ Çap;71.455;[mm]
Dýþ Çap;71.388;[mm]
Dýþ Çap;71.386;[mm]
Dýþ Çap;71.430;[mm]
Dýþ Çap;71.549;[mm]
Dýþ Çap;71.426;[mm]
Dýþ Çap;71.427;[mm]
Dýþ Çap;71.372;[mm]
Dýþ Çap;71.442;[mm]
Dýþ Çap;71.399;[mm]
Dýþ Çap;71.402;[mm]
Dýþ Çap;71.503;[mm]
Dýþ Çap;71.399;[mm]
Dýþ Çap;71.362;[mm]
Dýþ Çap;71.399;[mm]
Dýþ Çap;71.403;[mm]
Dýþ Çap;71.488;[mm]
Dýþ Çap;71.366;[mm]
Dýþ Çap;71.484;[mm]
Dýþ Çap;71.455;[mm]
Dýþ Çap;71.409;[mm]
Dýþ Çap;71.675;[mm]
Dýþ Çap;71.330;[mm]
Dýþ Çap;71.427;[mm]
Dýþ Çap;71.435;[mm]
Dýþ Çap;71.428;[mm]
Dýþ Çap;71.399;[mm]
Dýþ Çap;71.486;[mm]
Dýþ Çap;71.364;[mm]
Dýþ Çap;71.348;[mm]
Dýþ Çap;71.407;[mm]
Dýþ Çap;71.384;[mm]
Dýþ Çap;71.442;[mm]
Dýþ Çap;71.365;[mm]
Dýþ Çap;71.440;[mm]
Dýþ Çap;71.444;[mm]
Dýþ Çap;71.380;[mm]
Dýþ Çap;71.469;[mm]
Dýþ Çap;71.310;[mm]
Dýþ Çap;71.433;[mm]
Dýþ Çap;71.434;[mm]
Dýþ Çap;71.532;[mm]
Dýþ Çap;71.389;[mm]
Dýþ Çap;71.388;[mm]
Dýþ Çap;71.494;[mm]
Dýþ Çap;71.353;[mm]
Dýþ Çap;71.389;[mm]
Dýþ Çap;71.414;[mm]
Dýþ Çap;71.491;[mm]
Dýþ Çap;71.443;[mm]
Dýþ Çap;71.462;[mm]
Dýþ Çap;71.449;[mm]
Dýþ Çap;71.373;[mm]
Dýþ Çap;71.530;[mm]
Dýþ Çap;71.395;[mm]
Dýþ Çap;71.397;[mm]
Dýþ Çap;71.468;[mm]
Dýþ Çap;71.389;[mm]
Dýþ Çap;71.469;[mm]
Dýþ Çap;71.364;[mm]
Dýþ Çap;71.420;[mm]
Dýþ Çap;71.504;[mm]
Dýþ Çap;71.441;[mm]
Dýþ Çap;71.392;[mm]
Dýþ Çap;71.362;[mm]
Dýþ Çap;71.426;[mm]
Dýþ Çap;71.469;[mm]
Dýþ Çap;71.413;[mm]
Dýþ Çap;71.474;[mm]
Dýþ Çap;71.366;[mm]
Dýþ Çap;71.484;[mm]
Dýþ Çap;71.407;[mm]
Dýþ Çap;71.430;[mm]
Dýþ Çap;71.446;[mm]
Dýþ Çap;71.545;[mm]
Dýþ Çap;71.443;[mm]
Dýþ Çap;71.404;[mm]
Dýþ Çap;71.409;[mm]
Dýþ Çap;71.496;[mm]
Dýþ Çap;71.440;[mm]
Dýþ Çap;71.499;[mm]
Dýþ Çap;71.402;[mm]
Dýþ Çap;71.412;[mm]
Dýþ Çap;71.445;[mm]
Dýþ Çap;71.336;[mm]
Dýþ Çap;71.500;[mm]
Dýþ Çap;71.383;[mm]
Dýþ Çap;71.492;[mm]
Dýþ Çap;71.456;[mm]
Dýþ Çap;71.479;[mm]
Dýþ Çap;71.530;[mm]
Dýþ Çap;71.329;[mm]
Dýþ Çap;71.360;[mm]
Dýþ Çap;71.338;[mm]
Dýþ Çap;71.491;[mm]
Dýþ Çap;71.422;[mm]
Dýþ Çap;71.411;[mm]
Dýþ Çap;71.543;[mm]
Dýþ Çap;71.395;[mm]
Dýþ Çap;71.462;[mm]
Dýþ Çap;71.498;[mm]
Dýþ Çap;71.468;[mm]
Dýþ Çap;71.498;[mm]
Dýþ Çap;71.588;[mm]
Dýþ Çap;71.364;[mm]
Dýþ Çap;71.392;[mm]
Dýþ Çap;71.446;[mm]
Dýþ Çap;71.447;[mm]
Dýþ Çap;71.322;[mm]
Dýþ Çap;71.475;[mm]
Dýþ Çap;71.362;[mm]
Dýþ Çap;71.346;[mm]
Dýþ Çap;71.455;[mm]
Dýþ Çap;71.392;[mm]
Dýþ Çap;71.472;[mm]
Dýþ Çap;71.437;[mm]
Dýþ Çap;71.407;[mm]
Dýþ Çap;71.465;[mm]
Dýþ Çap;71.437;[mm]
Dýþ Çap;71.468;[mm]
Dýþ Çap;71.434;[mm]
Dýþ Çap;71.443;[mm]
Dýþ Çap;71.418;[mm]
Dýþ Çap;71.385;[mm]
Dýþ Çap;71.448;[mm]
Dýþ Çap;71.610;[mm]
Dýþ Çap;71.470;[mm]
Dýþ Çap;71.411;[mm]
Dýþ Çap;71.402;[mm]
Dýþ Çap;71.378;[mm]
Dýþ Çap;71.384;[mm]
Dýþ Çap;71.495;[mm]
Dýþ Çap;71.477;[mm]
Dýþ Çap;71.432;[mm]
Dýþ Çap;71.350;[mm]
Dýþ Çap;71.381;[mm]
Dýþ Çap;71.531;[mm]
Dýþ Çap;71.436;[mm]
Dýþ Çap;71.434;[mm]
Dýþ Çap;71.498;[mm]
Dýþ Çap;71.446;[mm]
Dýþ Çap;71.529;[mm]
Dýþ Çap;71.373;[mm]
Dýþ Çap;71.447;[mm]
Dýþ Çap;71.427;[mm]
Dýþ Çap;71.554;[mm]
Dýþ Çap;71.370;[mm]
Dýþ Çap;71.451;[mm]
Dýþ Çap;71.486;[mm]
Dýþ Çap;71.392;[mm]
Dýþ Çap;71.457;[mm]
Dýþ Çap;71.281;[mm]
Dýþ Çap;71.495;[mm]
Dýþ Çap;71.491;[mm]
Dýþ Çap;71.459;[mm]
Dýþ Çap;71.408;[mm]
Dýþ Çap;71.483;[mm]
Dýþ Çap;71.393;[mm]
Dýþ Çap;71.451;[mm]
Dýþ Çap;71.505;[mm]
Dýþ Çap;71.434;[mm]
Dýþ Çap;71.465;[mm]
Dýþ Çap;71.377;[mm]
Dýþ Çap;71.365;[mm]
Dýþ Çap; ; 
Dýþ Çap;71.535;[mm]
Dýþ Çap;71.409;[mm]
Dýþ Çap;71.446;[mm]
Dýþ Çap;71.454;[mm]
Dýþ Çap;71.453;[mm]
Dýþ Çap;71.400;[mm]
Dýþ Çap;71.390;[mm]
Dýþ Çap;71.340;[mm]
Dýþ Çap;71.460;[mm]
Dýþ Çap;71.417;[mm]
Dýþ Çap;71.458;[mm]
Dýþ Çap;71.413;[mm]
Dýþ Çap;71.426;[mm]
Dýþ Çap;71.410;[mm]
Dýþ Çap;71.449;[mm]
Dýþ Çap;71.372;[mm]
Dýþ Çap;71.356;[mm]
Dýþ Çap;71.486;[mm]
Dýþ Çap;71.550;[mm]
Dýþ Çap;71.418;[mm]
Dýþ Çap;71.460;[mm]
Dýþ Çap;71.438;[mm]
Dýþ Çap;71.444;[mm]
Dýþ Çap;71.432;[mm]
Dýþ Çap;71.460;[mm]
Dýþ Çap;71.537;[mm]
Dýþ Çap;71.274;[mm]
Dýþ Çap;71.483;[mm]
Dýþ Çap;71.518;[mm]
Dýþ Çap;71.352;[mm]
Dýþ Çap;71.434;[mm]
Dýþ Çap;71.435;[mm]
Dýþ Çap;71.604;[mm]
Dýþ Çap;71.481;[mm]
Dýþ Çap;71.364;[mm]
Dýþ Çap;71.445;[mm]
Dýþ Çap;71.414;[mm]
Dýþ Çap;71.331;[mm]
Dýþ Çap;71.440;[mm]
Dýþ Çap;71.444;[mm]
Dýþ Çap;71.478;[mm]
Dýþ Çap;71.355;[mm]
Dýþ Çap;71.401;[mm]
Dýþ Çap;71.407;[mm]
Dýþ Çap;71.407;[mm]
Dýþ Çap;71.366;[mm]
Dýþ Çap;71.464;[mm]
Dýþ Çap;71.429;[mm]
Dýþ Çap;71.469;[mm]
Dýþ Çap;71.409;[mm]
Dýþ Çap;71.436;[mm]
Dýþ Çap;71.411;[mm]
Dýþ Çap;71.339;[mm]
Dýþ Çap;71.385;[mm]
Dýþ Çap;71.470;[mm]
Dýþ Çap;71.435;[mm]
Dýþ Çap;71.373;[mm]
Dýþ Çap;71.491;[mm]
Dýþ Çap;71.358;[mm]
Dýþ Çap;71.330;[mm]
Dýþ Çap;71.476;[mm]
Dýþ Çap;71.387;[mm]
Dýþ Çap;71.530;[mm]
Dýþ Çap;71.486;[mm]
Dýþ Çap;71.459;[mm]
Dýþ Çap;71.492;[mm]
Dýþ Çap;71.451;[mm]
Dýþ Çap;71.438;[mm]
Dýþ Çap;71.405;[mm]
Dýþ Çap;71.395;[mm]
Dýþ Çap;71.444;[mm]
Dýþ Çap;71.456;[mm]
Dýþ Çap;71.337;[mm]
Dýþ Çap;71.382;[mm]
Dýþ Çap;71.445;[mm]
Dýþ Çap;71.395;[mm]
Dýþ Çap;71.479;[mm]
Dýþ Çap;71.238;[mm]
Dýþ Çap;71.613;[mm]
Dýþ Çap;71.373;[mm]
Dýþ Çap;71.416;[mm]
Dýþ Çap;71.439;[mm]
Dýþ Çap;71.371;[mm]
Dýþ Çap;71.433;[mm]
Dýþ Çap;71.362;[mm]
Dýþ Çap;71.513;[mm]
Dýþ Çap;71.348;[mm]
Dýþ Çap;71.403;[mm]
Dýþ Çap;71.451;[mm]
Dýþ Çap;71.458;[mm]
Dýþ Çap;71.489;[mm]
Dýþ Çap;71.400;[mm]
Dýþ Çap;71.480;[mm]
Dýþ Çap;71.365;[mm]
Dýþ Çap;71.329;[mm]
Dýþ Çap;71.546;[mm]
Dýþ Çap;71.429;[mm]
Dýþ Çap;71.439;[mm]
Dýþ Çap;71.469;[mm]
Dýþ Çap;71.429;[mm]
Dýþ Çap;71.418;[mm]
Dýþ Çap;71.407;[mm]
Dýþ Çap;71.424;[mm]
Dýþ Çap;71.460;[mm]
Dýþ Çap;71.328;[mm]
Dýþ Çap;71.350;[mm]
Dýþ Çap;71.483;[mm]
Dýþ Çap;71.422;[mm]
Dýþ Çap;71.453;[mm]
Dýþ Çap;71.364;[mm]
Dýþ Çap;71.422;[mm]
Dýþ Çap;71.392;[mm]
Dýþ Çap;71.452;[mm]
Dýþ Çap;71.415;[mm]
Dýþ Çap;71.409;[mm]
Dýþ Çap;71.546;[mm]
Dýþ Çap;71.359;[mm]
Dýþ Çap;71.472;[mm]
Dýþ Çap;71.394;[mm]
Dýþ Çap;71.427;[mm]
Dýþ Çap;71.402;[mm]
Dýþ Çap;71.394;[mm]
Dýþ Çap;71.486;[mm]
Dýþ Çap;71.383;[mm]
Dýþ Çap;71.503;[mm]
Dýþ Çap;71.372;[mm]
Dýþ Çap;71.547;[mm]
Dýþ Çap;71.541;[mm]
Dýþ Çap;71.342;[mm]
Dýþ Çap;71.447;[mm]
Dýþ Çap;71.488;[mm]
Dýþ Çap;71.326;[mm]
Dýþ Çap;71.453;[mm]
Dýþ Çap;71.375;[mm]
Dýþ Çap;71.468;[mm]
Dýþ Çap;71.361;[mm]
Dýþ Çap;71.427;[mm]
Dýþ Çap;71.585;[mm]
Dýþ Çap;71.404;[mm]
Dýþ Çap;71.482;[mm]
Dýþ Çap;71.327;[mm]
Dýþ Çap;71.405;[mm]
Dýþ Çap;71.394;[mm]
Dýþ Çap;71.454;[mm]
Dýþ Çap;71.490;[mm]
Dýþ Çap;71.336;[mm]
Dýþ Çap;71.367;[mm]
Dýþ Çap;71.434;[mm]
Dýþ Çap;71.360;[mm]
Dýþ Çap;71.377;[mm]
Dýþ Çap;71.450;[mm]
Dýþ Çap;71.418;[mm]
Dýþ Çap;71.336;[mm]
Dýþ Çap;71.456;[mm]
Dýþ Çap;71.305;[mm]
Dýþ Çap;71.336;[mm]
Dýþ Çap;71.446;[mm]
Dýþ Çap;71.437;[mm]
Dýþ Çap;71.539;[mm]
Dýþ Çap;71.405;[mm]
Dýþ Çap;71.419;[mm]
Dýþ Çap;71.378;[mm]
Dýþ Çap;71.355;[mm]
Dýþ Çap;71.514;[mm]
Dýþ Çap;71.477;[mm]
Dýþ Çap;71.377;[mm]
Dýþ Çap;71.461;[mm]
Dýþ Çap;71.394;[mm]
Dýþ Çap;71.468;[mm]
Dýþ Çap;71.428;[mm]
Dýþ Çap;71.397;[mm]
Dýþ Çap;71.371;[mm]
Dýþ Çap;71.517;[mm]
Dýþ Çap;71.386;[mm]
Dýþ Çap;71.475;[mm]
Dýþ Çap;71.390;[mm]
Dýþ Çap;71.473;[mm]
Dýþ Çap;71.360;[mm]
Dýþ Çap;71.563;[mm]
Dýþ Çap;71.443;[mm]
Dýþ Çap;71.409;[mm]
Dýþ Çap;71.483;[mm]
Dýþ Çap;71.457;[mm]
Dýþ Çap;71.431;[mm]
Dýþ Çap;71.450;[mm]
Dýþ Çap;71.432;[mm]
Dýþ Çap;71.448;[mm]
Dýþ Çap;71.419;[mm]
Dýþ Çap;71.392;[mm]
Dýþ Çap;71.423;[mm]
Dýþ Çap;71.429;[mm]
Dýþ Çap;71.416;[mm]
Dýþ Çap;71.405;[mm]
Dýþ Çap;71.392;[mm]
Dýþ Çap;71.474;[mm]
Dýþ Çap;71.433;[mm]
Dýþ Çap;71.394;[mm]
Dýþ Çap;71.469;[mm]
Dýþ Çap;71.452;[mm]
Dýþ Çap;71.480;[mm]
Dýþ Çap;71.492;[mm]
Dýþ Çap;71.380;[mm]
Dýþ Çap;71.438;[mm]
Dýþ Çap;71.450;[mm]
Dýþ Çap;71.388;[mm]
Dýþ Çap;71.366;[mm]
Dýþ Çap;71.406;[mm]
Dýþ Çap;71.364;[mm]
Dýþ Çap;71.366;[mm]
Dýþ Çap;71.363;[mm]
Dýþ Çap;71.389;[mm]
Dýþ Çap;71.328;[mm]
Dýþ Çap;71.540;[mm]
Dýþ Çap;71.437;[mm]
Dýþ Çap;71.443;[mm]
Dýþ Çap;71.353;[mm]
Dýþ Çap;71.403;[mm]
Dýþ Çap;71.466;[mm]
Dýþ Çap;71.397;[mm]
Dýþ Çap;71.422;[mm]
Dýþ Çap;71.427;[mm]
Dýþ Çap;71.496;[mm]
Dýþ Çap;71.389;[mm]
Dýþ Çap;71.488;[mm]
Dýþ Çap;71.432;[mm]
Dýþ Çap;71.345;[mm]
Dýþ Çap;71.434;[mm]
Dýþ Çap;71.457;[mm]
Dýþ Çap;71.437;[mm]
Dýþ Çap;71.435;[mm]
Dýþ Çap;71.360;[mm]
Dýþ Çap;71.511;[mm]
Dýþ Çap;71.389;[mm]
Dýþ Çap;71.486;[mm]
Dýþ Çap;71.407;[mm]
Dýþ Çap;71.386;[mm]
Dýþ Çap;71.443;[mm]
Dýþ Çap;71.472;[mm]
Dýþ Çap;71.363;[mm]
Dýþ Çap;71.489;[mm]
Dýþ Çap;71.411;[mm]
Dýþ Çap;71.284;[mm]
Dýþ Çap;71.388;[mm]
Dýþ Çap;71.528;[mm]
Dýþ Çap;71.419;[mm]
Dýþ Çap;71.479;[mm]
Dýþ Çap;71.465;[mm]
Dýþ Çap;71.337;[mm]
Dýþ Çap;71.372;[mm]
Dýþ Çap;71.456;[mm]
Dýþ Çap;71.490;[mm]
Dýþ Çap;71.349;[mm]
Dýþ Çap;71.462;[mm]
Dýþ Çap;71.377;[mm]
Dýþ Çap;71.364;[mm]
Dýþ Çap;71.411;[mm]
Dýþ Çap;71.357;[mm]
Dýþ Çap;71.367;[mm]
Dýþ Çap;71.367;[mm]
Dýþ Çap;71.387;[mm]
Dýþ Çap;71.400;[mm]
Dýþ Çap;71.378;[mm]
Dýþ Çap;71.383;[mm]
Dýþ Çap;71.523;[mm]
Dýþ Çap;71.535;[mm]
Dýþ Çap;71.432;[mm]
Dýþ Çap;71.472;[mm]
Dýþ Çap;71.510;[mm]
Dýþ Çap;71.452;[mm]
Dýþ Çap;71.461;[mm]
Dýþ Çap;71.467;[mm]
Dýþ Çap;71.452;[mm]
Dýþ Çap;71.356;[mm]
Dýþ Çap;71.352;[mm]
Dýþ Çap;71.491;[mm]
Dýþ Çap;71.427;[mm]
Dýþ Çap;71.263;[mm]
Dýþ Çap;71.333;[mm]
Dýþ Çap;71.435;[mm]
Dýþ Çap;71.450;[mm]
Dýþ Çap;71.511;[mm]
Dýþ Çap;71.490;[mm]
Dýþ Çap;71.443;[mm]
Dýþ Çap;71.360;[mm]
Dýþ Çap;71.415;[mm]
Dýþ Çap;71.464;[mm]
Dýþ Çap;71.464;[mm]
Dýþ Çap;71.379;[mm]
Dýþ Çap;71.365;[mm]
Dýþ Çap;71.480;[mm]
Dýþ Çap;71.422;[mm]
Dýþ Çap;71.486;[mm]
Dýþ Çap;71.458;[mm]
Dýþ Çap;71.474;[mm]
Dýþ Çap;71.442;[mm]
Dýþ Çap;71.454;[mm]
Dýþ Çap;71.378;[mm]
Dýþ Çap;71.385;[mm]
Dýþ Çap;71.448;[mm]
Dýþ Çap;71.502;[mm]
Dýþ Çap;71.352;[mm]
Dýþ Çap;71.441;[mm]
Dýþ Çap;71.387;[mm]
Dýþ Çap;71.454;[mm]
Dýþ Çap;71.436;[mm]
Dýþ Çap;71.398;[mm]
Dýþ Çap;71.419;[mm]
Dýþ Çap;71.398;[mm]
Dýþ Çap;71.502;[mm]
Dýþ Çap;71.459;[mm]
Dýþ Çap;71.536;[mm]
Dýþ Çap;71.445;[mm]
Dýþ Çap;71.378;[mm]
Dýþ Çap;71.445;[mm]
Dýþ Çap;71.437;[mm]
Dýþ Çap;71.449;[mm]
Dýþ Çap;71.433;[mm]
Dýþ Çap;71.461;[mm]
Dýþ Çap;71.399;[mm]
Dýþ Çap;71.349;[mm]
Dýþ Çap;71.396;[mm]
Dýþ Çap;71.458;[mm]
Dýþ Çap;71.458;[mm]
Dýþ Çap;71.404;[mm]
Dýþ Çap;71.416;[mm]
Dýþ Çap;71.429;[mm]
Dýþ Çap;71.317;[mm]
Dýþ Çap;71.404;[mm]
Dýþ Çap;71.474;[mm]
Dýþ Çap;71.478;[mm]
Dýþ Çap;71.453;[mm]
Dýþ Çap;71.493;[mm]
Dýþ Çap;71.309;[mm]
Dýþ Çap;71.392;[mm]
Dýþ Çap;71.414;[mm]
Dýþ Çap;71.460;[mm]
Dýþ Çap;71.464;[mm]
Dýþ Çap;71.421;[mm]
Dýþ Çap;71.395;[mm]
Dýþ Çap;71.406;[mm]
Dýþ Çap;71.422;[mm]
Dýþ Çap;71.412;[mm]
Dýþ Çap;71.525;[mm]
Dýþ Çap;71.497;[mm]
Dýþ Çap;71.451;[mm]
Dýþ Çap;71.460;[mm]
Dýþ Çap;71.214;[mm]
Dýþ Çap;71.346;[mm]
Dýþ Çap;71.353;[mm]
Dýþ Çap;71.429;[mm]
Dýþ Çap;71.332;[mm]
Dýþ Çap;71.436;[mm]
Dýþ Çap;71.484;[mm]
Dýþ Çap;71.378;[mm]
Dýþ Çap;71.348;[mm]
Dýþ Çap;71.384;[mm]
Dýþ Çap;71.441;[mm]
Dýþ Çap;71.424;[mm]
Dýþ Çap;71.446;[mm]
Dýþ Çap;71.415;[mm]
Dýþ Çap;71.420;[mm]
Dýþ Çap;71.404;[mm]
Dýþ Çap;71.401;[mm]
Dýþ Çap;71.451;[mm]
Dýþ Çap;71.378;[mm]
Dýþ Çap;71.456;[mm]
Dýþ Çap;71.356;[mm]
Dýþ Çap;71.296;[mm]
Dýþ Çap;71.347;[mm]
Dýþ Çap;71.433;[mm]
Dýþ Çap;71.419;[mm]
Dýþ Çap;71.425;[mm]
Dýþ Çap;71.445;[mm]
Dýþ Çap;71.400;[mm]
Dýþ Çap;71.372;[mm]
Dýþ Çap;71.422;[mm]
Dýþ Çap;71.417;[mm]
Dýþ Çap;71.467;[mm]
Dýþ Çap;71.518;[mm]
Dýþ Çap;71.350;[mm]
Dýþ Çap;71.377;[mm]
Dýþ Çap;71.352;[mm]
Dýþ Çap;71.488;[mm]
Dýþ Çap;71.466;[mm]
Dýþ Çap;71.518;[mm]
Dýþ Çap;71.340;[mm]
Dýþ Çap;71.344;[mm]
Dýþ Çap;71.499;[mm]
Dýþ Çap;71.442;[mm]
Dýþ Çap;71.403;[mm]
Dýþ Çap;71.464;[mm]
Dýþ Çap;71.447;[mm]
Dýþ Çap;71.437;[mm]
Dýþ Çap;71.494;[mm]
Dýþ Çap;71.431;[mm]
Dýþ Çap;71.432;[mm]
Dýþ Çap;71.401;[mm]
Dýþ Çap;71.462;[mm]
Dýþ Çap;71.361;[mm]
Dýþ Çap;71.389;[mm]
Dýþ Çap;71.512;[mm]
Dýþ Çap;71.417;[mm]
Dýþ Çap;71.434;[mm]
Dýþ Çap;71.409;[mm]
Dýþ Çap;71.410;[mm]
Dýþ Çap;71.451;[mm]
Dýþ Çap;71.436;[mm]
Dýþ Çap;71.293;[mm]
Dýþ Çap;71.505;[mm]
Dýþ Çap;71.426;[mm]
Dýþ Çap;71.526;[mm]
Dýþ Çap;71.343;[mm]
Dýþ Çap;71.431;[mm]
Dýþ Çap;71.343;[mm]
Dýþ Çap;71.412;[mm]
Dýþ Çap;71.433;[mm]
Dýþ Çap;71.416;[mm]
Dýþ Çap;71.450;[mm]
Dýþ Çap;71.426;[mm]
Dýþ Çap;71.383;[mm]
Dýþ Çap;71.523;[mm]
Dýþ Çap;71.303;[mm]
Dýþ Çap;71.556;[mm]
Dýþ Çap;71.354;[mm]
Dýþ Çap;71.396;[mm]
Dýþ Çap;71.428;[mm]
Dýþ Çap;71.415;[mm]
Dýþ Çap;71.488;[mm]
Dýþ Çap;71.732;[mm]
Dýþ Çap;71.431;[mm]
Dýþ Çap;71.430;[mm]
Dýþ Çap;71.450;[mm]
Dýþ Çap;71.389;[mm]
Dýþ Çap;71.326;[mm]
Dýþ Çap;71.476;[mm]
Dýþ Çap;71.469;[mm]
Dýþ Çap;71.381;[mm]
Dýþ Çap;71.540;[mm]
Dýþ Çap;71.584;[mm]
Dýþ Çap;71.410;[mm]
Dýþ Çap;71.472;[mm]
Dýþ Çap;71.356;[mm]
Dýþ Çap;71.372;[mm]
Dýþ Çap;71.569;[mm]
Dýþ Çap;71.429;[mm]
Dýþ Çap;71.552;[mm]
Dýþ Çap;71.388;[mm]
Dýþ Çap;71.390;[mm]
Dýþ Çap;71.454;[mm]
Dýþ Çap;71.441;[mm]
Dýþ Çap;71.431;[mm]
Dýþ Çap; ; 
Dýþ Çap;71.408;[mm]
Dýþ Çap;71.365;[mm]
Dýþ Çap;71.458;[mm]
Dýþ Çap;71.439;[mm]
Dýþ Çap;71.369;[mm]
Dýþ Çap;71.475;[mm]
Dýþ Çap;71.377;[mm]
Dýþ Çap;71.473;[mm]
Dýþ Çap;71.426;[mm]
Dýþ Çap;71.466;[mm]
Dýþ Çap;71.455;[mm]
Dýþ Çap;71.450;[mm]
Dýþ Çap;71.420;[mm]
Dýþ Çap;71.443;[mm]
Dýþ Çap;71.365;[mm]
Dýþ Çap;71.442;[mm]
Dýþ Çap;71.465;[mm]
Dýþ Çap;71.351;[mm]
Dýþ Çap;71.497;[mm]
Dýþ Çap;71.308;[mm]
Dýþ Çap;71.183;[mm]
Dýþ Çap;71.467;[mm]
Dýþ Çap;71.392;[mm]
Dýþ Çap;71.427;[mm]
Dýþ Çap;71.355;[mm]
Dýþ Çap;71.475;[mm]
Dýþ Çap;71.354;[mm]
Dýþ Çap;71.466;[mm]
Dýþ Çap;71.437;[mm]
Dýþ Çap;71.428;[mm]
Dýþ Çap;71.379;[mm]
Dýþ Çap;71.354;[mm]
Dýþ Çap;71.467;[mm]
Dýþ Çap;71.465;[mm]
Dýþ Çap;71.611;[mm]
Dýþ Çap;71.333;[mm]
Dýþ Çap;71.431;[mm]
Dýþ Çap;71.463;[mm]
Dýþ Çap;71.473;[mm]
Dýþ Çap;71.331;[mm]
Dýþ Çap;71.439;[mm]
Dýþ Çap;71.441;[mm]
Dýþ Çap;71.389;[mm]
Dýþ Çap;71.405;[mm]
Dýþ Çap;71.449;[mm]
Dýþ Çap;71.358;[mm]
Dýþ Çap;71.403;[mm]
Dýþ Çap;71.234;[mm]
Dýþ Çap;71.395;[mm]
Dýþ Çap;71.441;[mm]
Dýþ Çap;71.453;[mm]
Dýþ Çap;71.461;[mm]
Dýþ Çap;71.477;[mm]
Dýþ Çap;71.545;[mm]
Dýþ Çap;71.439;[mm]
Dýþ Çap;71.473;[mm]
Dýþ Çap;71.361;[mm]
Dýþ Çap;71.365;[mm]
Dýþ Çap;71.342;[mm]
Dýþ Çap;71.392;[mm]
Dýþ Çap;71.396;[mm]
Dýþ Çap;71.528;[mm]
Dýþ Çap;71.436;[mm]
Dýþ Çap;71.562;[mm]
Dýþ Çap;71.438;[mm]
Dýþ Çap;71.254;[mm]
Dýþ Çap;71.440;[mm]
Dýþ Çap;71.432;[mm]
Dýþ Çap;71.410;[mm]
Dýþ Çap;71.471;[mm]
Dýþ Çap;71.370;[mm]
Dýþ Çap;71.350;[mm]
Dýþ Çap;71.517;[mm]
Dýþ Çap;71.346;[mm]
Dýþ Çap;71.362;[mm]
Dýþ Çap;71.445;[mm]
Dýþ Çap;71.393;[mm]
Dýþ Çap;71.427;[mm]
Dýþ Çap;71.504;[mm]
Dýþ Çap;71.370;[mm]
Dýþ Çap;71.505;[mm]
Dýþ Çap;71.401;[mm]
Dýþ Çap;71.445;[mm]
Dýþ Çap;71.443;[mm]
Dýþ Çap;71.453;[mm]
Dýþ Çap;71.326;[mm]
Dýþ Çap;71.450;[mm]
Dýþ Çap;71.483;[mm]
Dýþ Çap;71.460;[mm]
Dýþ Çap;71.488;[mm]
Dýþ Çap;71.427;[mm]
Dýþ Çap;71.445;[mm]
Dýþ Çap;71.356;[mm]
Dýþ Çap;71.478;[mm]
Dýþ Çap;71.315;[mm]
Dýþ Çap;71.326;[mm]
Dýþ Çap;71.412;[mm]
Dýþ Çap;71.548;[mm]
Dýþ Çap;71.414;[mm]
Dýþ Çap;71.444;[mm]
Dýþ Çap;71.436;[mm]
Dýþ Çap;71.086;[mm]
Dýþ Çap;71.494;[mm]
Dýþ Çap;71.441;[mm]
Dýþ Çap;71.468;[mm]
Dýþ Çap;71.350;[mm]
Dýþ Çap;71.437;[mm]
Dýþ Çap;71.466;[mm]
Dýþ Çap;71.415;[mm]
Dýþ Çap;71.329;[mm]
Dýþ Çap;71.353;[mm]
Dýþ Çap;71.424;[mm]
Dýþ Çap;71.392;[mm]
Dýþ Çap;71.289;[mm]
Dýþ Çap;71.380;[mm]
Dýþ Çap;71.425;[mm]
Dýþ Çap;71.474;[mm]
Dýþ Çap;71.495;[mm]
Dýþ Çap;71.399;[mm]
Dýþ Çap;71.404;[mm]
Dýþ Çap;71.320;[mm]
Dýþ Çap;71.370;[mm]
Dýþ Çap;71.353;[mm]
Dýþ Çap;71.429;[mm]
Dýþ Çap;71.373;[mm]
Dýþ Çap;71.329;[mm]
Dýþ Çap;71.487;[mm]
Dýþ Çap;71.325;[mm]
Dýþ Çap;71.408;[mm]
Dýþ Çap;71.505;[mm]
Dýþ Çap;71.516;[mm]
Dýþ Çap;71.452;[mm]
Dýþ Çap;71.468;[mm]
Dýþ Çap;71.513;[mm]
Dýþ Çap;71.443;[mm]
Dýþ Çap;71.391;[mm]
Dýþ Çap;71.438;[mm]
Dýþ Çap;71.440;[mm]
Dýþ Çap;71.455;[mm]
Dýþ Çap;71.455;[mm]
Dýþ Çap;71.352;[mm]
Dýþ Çap;71.362;[mm]
Dýþ Çap;71.458;[mm]
Dýþ Çap;71.427;[mm]
Dýþ Çap;71.460;[mm]
Dýþ Çap;71.326;[mm]
Dýþ Çap;71.439;[mm]
Dýþ Çap;71.407;[mm]
Dýþ Çap;71.430;[mm]
Dýþ Çap;71.371;[mm]
Dýþ Çap;71.483;[mm]
Dýþ Çap;71.136;[mm]
Dýþ Çap;71.298;[mm]
Dýþ Çap;71.432;[mm]
Dýþ Çap;71.562;[mm]
Dýþ Çap;71.531;[mm]
Dýþ Çap;71.447;[mm]
Dýþ Çap;71.498;[mm]
Dýþ Çap;71.401;[mm]
Dýþ Çap;71.373;[mm]
Dýþ Çap;71.392;[mm]
Dýþ Çap;71.432;[mm]
Dýþ Çap;71.331;[mm]
Dýþ Çap;71.410;[mm]
Dýþ Çap;71.477;[mm]
Dýþ Çap;71.366;[mm]
Dýþ Çap;71.361;[mm]
Dýþ Çap;71.335;[mm]
Dýþ Çap;71.369;[mm]
Dýþ Çap;71.506;[mm]
Dýþ Çap;71.408;[mm]
Dýþ Çap;71.345;[mm]
Dýþ Çap;71.435;[mm]
Dýþ Çap;71.298;[mm]
Dýþ Çap;71.434;[mm]
Dýþ Çap;71.436;[mm]
Dýþ Çap;71.481;[mm]
Dýþ Çap;71.468;[mm]
Dýþ Çap;71.362;[mm]
Dýþ Çap;71.313;[mm]
Dýþ Çap;71.417;[mm]
Dýþ Çap;71.332;[mm]
Dýþ Çap;71.247;[mm]
Dýþ Çap;71.512;[mm]
Dýþ Çap;71.439;[mm]
Dýþ Çap;71.453;[mm]
Dýþ Çap;71.411;[mm]
Dýþ Çap;71.404;[mm]
Dýþ Çap;71.474;[mm]
Dýþ Çap;71.346;[mm]
Dýþ Çap;71.409;[mm]
Dýþ Çap;71.399;[mm]
Dýþ Çap;71.346;[mm]
Dýþ Çap;71.446;[mm]
Dýþ Çap;71.343;[mm]
Dýþ Çap;71.431;[mm]
Dýþ Çap;71.461;[mm]
Dýþ Çap;71.509;[mm]
Dýþ Çap;71.400;[mm]
Dýþ Çap;71.469;[mm]
Dýþ Çap;71.409;[mm]
Dýþ Çap;71.482;[mm]
Dýþ Çap;71.351;[mm]
Dýþ Çap;71.446;[mm]
Dýþ Çap;71.353;[mm]
Dýþ Çap;71.349;[mm]
Dýþ Çap;71.418;[mm]
Dýþ Çap;71.424;[mm]
Dýþ Çap;71.341;[mm]
Dýþ Çap;71.387;[mm]
Dýþ Çap;71.391;[mm]
Dýþ Çap;71.358;[mm]
Dýþ Çap;71.442;[mm]
Dýþ Çap;71.351;[mm]
Dýþ Çap;71.428;[mm]
Dýþ Çap;71.429;[mm]
Dýþ Çap;71.495;[mm]
Dýþ Çap;71.245;[mm]
Dýþ Çap;71.525;[mm]
Dýþ Çap;71.350;[mm]
Dýþ Çap;71.436;[mm]
Dýþ Çap;71.449;[mm]
Dýþ Çap;71.380;[mm]
Dýþ Çap;71.435;[mm]
Dýþ Çap;71.393;[mm]
Dýþ Çap;71.433;[mm]
Dýþ Çap;71.448;[mm]
Dýþ Çap;71.402;[mm]
Dýþ Çap;71.440;[mm]
Dýþ Çap;71.402;[mm]
Dýþ Çap;71.564;[mm]
Dýþ Çap;71.448;[mm]
Dýþ Çap;71.416;[mm]
Dýþ Çap;71.481;[mm]
Dýþ Çap;71.413;[mm]
Dýþ Çap;71.513;[mm]
Dýþ Çap;71.361;[mm]
Dýþ Çap;71.452;[mm]
Dýþ Çap;71.405;[mm]
Dýþ Çap;71.352;[mm]
Dýþ Çap;71.431;[mm]
Dýþ Çap;71.455;[mm]
Dýþ Çap;71.406;[mm]
Dýþ Çap;71.429;[mm]
Dýþ Çap;71.379;[mm]
Dýþ Çap;71.455;[mm]
Dýþ Çap;71.464;[mm]
Dýþ Çap;71.393;[mm]
Dýþ Çap;71.472;[mm]
Dýþ Çap;71.447;[mm]
Dýþ Çap;71.372;[mm]
Dýþ Çap;71.443;[mm]
Dýþ Çap;71.498;[mm]
Dýþ Çap;71.444;[mm]
Dýþ Çap;71.408;[mm]
Dýþ Çap;71.508;[mm]
Dýþ Çap;71.445;[mm]
Dýþ Çap; ; 
Dýþ Çap;71.421;[mm]
Dýþ Çap;71.437;[mm]
Dýþ Çap;71.315;[mm]
Dýþ Çap;71.418;[mm]
Dýþ Çap;71.471;[mm]
Dýþ Çap;71.391;[mm]
Dýþ Çap;71.454;[mm]
Dýþ Çap;71.389;[mm]
Dýþ Çap;71.424;[mm]
Dýþ Çap;71.349;[mm]
Dýþ Çap;71.432;[mm]
Dýþ Çap;71.428;[mm]
Dýþ Çap;71.424;[mm]
Dýþ Çap;71.403;[mm]
Dýþ Çap;71.415;[mm]
Dýþ Çap;71.462;[mm]
Dýþ Çap;71.359;[mm]
Dýþ Çap;71.393;[mm]
Dýþ Çap;71.432;[mm]
Dýþ Çap;71.365;[mm]
Dýþ Çap;71.497;[mm]
Dýþ Çap;71.385;[mm]
Dýþ Çap;71.393;[mm]
Dýþ Çap;71.391;[mm]
Dýþ Çap;70.514;[mm]
Dýþ Çap;71.447;[mm]
Dýþ Çap;71.424;[mm]
Dýþ Çap;71.473;[mm]
Dýþ Çap;71.454;[mm]
Dýþ Çap;71.415;[mm]
Dýþ Çap;71.459;[mm]
Dýþ Çap;71.478;[mm]
Dýþ Çap;71.342;[mm]
Dýþ Çap;71.291;[mm]
Dýþ Çap;71.337;[mm]
Dýþ Çap;71.453;[mm]
Dýþ Çap;71.508;[mm]
Dýþ Çap;71.378;[mm]
Dýþ Çap;71.302;[mm]
Dýþ Çap;71.238;[mm]
Dýþ Çap;71.340;[mm]
Dýþ Çap;71.398;[mm]
Dýþ Çap;71.243;[mm]
Dýþ Çap;71.452;[mm]
Dýþ Çap;71.303;[mm]
Dýþ Çap;71.452;[mm]
Dýþ Çap;71.423;[mm]
Dýþ Çap;71.451;[mm]
Dýþ Çap;71.443;[mm]
Dýþ Çap;71.456;[mm]
Dýþ Çap;71.429;[mm]
Dýþ Çap;71.377;[mm]
Dýþ Çap;71.395;[mm]
Dýþ Çap;71.434;[mm]
Dýþ Çap;71.496;[mm]
Dýþ Çap;71.479;[mm]
Dýþ Çap;71.528;[mm]
Dýþ Çap;71.440;[mm]
Dýþ Çap;71.457;[mm]
Dýþ Çap;71.426;[mm]
Dýþ Çap;71.442;[mm]
Dýþ Çap;71.455;[mm]
Dýþ Çap;71.461;[mm]
Dýþ Çap;71.440;[mm]
Dýþ Çap;71.565;[mm]
Dýþ Çap;71.413;[mm]
Dýþ Çap;71.396;[mm]
Dýþ Çap;71.520;[mm]
Dýþ Çap;71.496;[mm]
Dýþ Çap;71.364;[mm]
Dýþ Çap;71.435;[mm]
Dýþ Çap;71.403;[mm]
Dýþ Çap;71.410;[mm]
Dýþ Çap;71.440;[mm]
Dýþ Çap;71.478;[mm]
Dýþ Çap;71.334;[mm]
Dýþ Çap;71.368;[mm]
Dýþ Çap;71.458;[mm]
Dýþ Çap;71.464;[mm]
Dýþ Çap;71.420;[mm]
Dýþ Çap;71.427;[mm]
Dýþ Çap;71.449;[mm]
Dýþ Çap;71.346;[mm]
Dýþ Çap;71.422;[mm]
Dýþ Çap;71.428;[mm]
Dýþ Çap;71.315;[mm]
Dýþ Çap;71.426;[mm]
Dýþ Çap;71.384;[mm]
Dýþ Çap;71.466;[mm]
Dýþ Çap;71.507;[mm]
Dýþ Çap;71.455;[mm]
Dýþ Çap;71.342;[mm]
Dýþ Çap;71.450;[mm]
Dýþ Çap;71.397;[mm]
Dýþ Çap;71.452;[mm]
Dýþ Çap;71.433;[mm]
Dýþ Çap;71.444;[mm]
Dýþ Çap;71.448;[mm]
Dýþ Çap;71.386;[mm]
Dýþ Çap;71.372;[mm]
Dýþ Çap;71.306;[mm]
Dýþ Çap;71.355;[mm]
Dýþ Çap;71.437;[mm]
Dýþ Çap;71.459;[mm]
Dýþ Çap;71.350;[mm]
Dýþ Çap;71.443;[mm]
Dýþ Çap;71.390;[mm]
Dýþ Çap;71.493;[mm]
Dýþ Çap;71.407;[mm]
Dýþ Çap;71.457;[mm]
Dýþ Çap;71.418;[mm]
Dýþ Çap;71.397;[mm]
Dýþ Çap;71.348;[mm]
Dýþ Çap;71.435;[mm]
Dýþ Çap;71.365;[mm]
Dýþ Çap;71.434;[mm]
Dýþ Çap;71.293;[mm]
Dýþ Çap;71.407;[mm]
Dýþ Çap;71.440;[mm]
Dýþ Çap;71.461;[mm]
Dýþ Çap;71.292;[mm]
Dýþ Çap;71.375;[mm]
Dýþ Çap;71.417;[mm]
Dýþ Çap;71.419;[mm]
Dýþ Çap;71.406;[mm]
Dýþ Çap;71.311;[mm]
Dýþ Çap;71.367;[mm]
Dýþ Çap;71.503;[mm]
Dýþ Çap;71.472;[mm]
Dýþ Çap;71.354;[mm]
Dýþ Çap;71.377;[mm]
Dýþ Çap;71.474;[mm]
Dýþ Çap;71.467;[mm]
Dýþ Çap;71.410;[mm]
Dýþ Çap;71.493;[mm]
Dýþ Çap;71.346;[mm]
Dýþ Çap;71.323;[mm]
Dýþ Çap;71.412;[mm]
Dýþ Çap;71.369;[mm]
Dýþ Çap;71.553;[mm]
Dýþ Çap;71.399;[mm]
Dýþ Çap;71.362;[mm]
Dýþ Çap;71.417;[mm]
Dýþ Çap;71.358;[mm]
Dýþ Çap;71.362;[mm]
Dýþ Çap;71.406;[mm]
Dýþ Çap;71.469;[mm]
Dýþ Çap;71.482;[mm]
Dýþ Çap;71.369;[mm]
Dýþ Çap;71.051;[mm]
Dýþ Çap;71.389;[mm]
Dýþ Çap;71.474;[mm]
Dýþ Çap;71.498;[mm]
Dýþ Çap;71.436;[mm]
Dýþ Çap;71.384;[mm]
Dýþ Çap;71.348;[mm]
Dýþ Çap;71.392;[mm]
Dýþ Çap;71.487;[mm]
Dýþ Çap;71.427;[mm]
Dýþ Çap;71.391;[mm]
Dýþ Çap;71.300;[mm]
Dýþ Çap;71.483;[mm]
Dýþ Çap;71.386;[mm]
Dýþ Çap;71.286;[mm]
Dýþ Çap;71.406;[mm]
Dýþ Çap;71.366;[mm]
Dýþ Çap;71.513;[mm]
Dýþ Çap;71.436;[mm]
Dýþ Çap;71.426;[mm]
Dýþ Çap;71.492;[mm]
Dýþ Çap;71.437;[mm]
Dýþ Çap;71.249;[mm]
Dýþ Çap;71.359;[mm]
Dýþ Çap;71.325;[mm]
Dýþ Çap;71.355;[mm]
Dýþ Çap;71.339;[mm]
Dýþ Çap;71.378;[mm]
Dýþ Çap;71.362;[mm]
Dýþ Çap;71.394;[mm]
Dýþ Çap;71.509;[mm]
Dýþ Çap;71.444;[mm]
Dýþ Çap;71.406;[mm]
Dýþ Çap;71.375;[mm]
Dýþ Çap;71.513;[mm]
Dýþ Çap;71.342;[mm]
Dýþ Çap;71.366;[mm]
Dýþ Çap;71.422;[mm]
Dýþ Çap;71.476;[mm]
Dýþ Çap;71.433;[mm]
Dýþ Çap;71.480;[mm]
Dýþ Çap;71.334;[mm]
Dýþ Çap;71.387;[mm]
Dýþ Çap;71.370;[mm]
Dýþ Çap;71.409;[mm]
Dýþ Çap;71.414;[mm]
Dýþ Çap;71.342;[mm]
Dýþ Çap;71.358;[mm]
Dýþ Çap;71.411;[mm]
Dýþ Çap;71.333;[mm]
Dýþ Çap;71.366;[mm]
Dýþ Çap;71.459;[mm]
Dýþ Çap;71.527;[mm]
Dýþ Çap;71.391;[mm]
Dýþ Çap;71.431;[mm]
Dýþ Çap;71.525;[mm]
Dýþ Çap;71.453;[mm]
Dýþ Çap;71.515;[mm]
Dýþ Çap;71.434;[mm]
Dýþ Çap;71.418;[mm]
Dýþ Çap;71.377;[mm]
Dýþ Çap;71.360;[mm]
Dýþ Çap;71.441;[mm]
Dýþ Çap;71.424;[mm]
Dýþ Çap;71.418;[mm]
Dýþ Çap;71.476;[mm]
Dýþ Çap;71.331;[mm]
Dýþ Çap;71.571;[mm]
Dýþ Çap;71.471;[mm]
Dýþ Çap;71.497;[mm]
Dýþ Çap;71.488;[mm]
Dýþ Çap;71.387;[mm]
Dýþ Çap;71.366;[mm]
Dýþ Çap;71.450;[mm]
Dýþ Çap;71.390;[mm]
Dýþ Çap;71.580;[mm]
Dýþ Çap;71.298;[mm]
Dýþ Çap;71.475;[mm]
Dýþ Çap;71.409;[mm]
Dýþ Çap;71.340;[mm]
Dýþ Çap;71.354;[mm]
Dýþ Çap;71.425;[mm]
Dýþ Çap;71.378;[mm]
Dýþ Çap;71.407;[mm]
Dýþ Çap;71.323;[mm]
Dýþ Çap;71.467;[mm]
Dýþ Çap;71.385;[mm]
Dýþ Çap;71.412;[mm]
Dýþ Çap;71.395;[mm]
Dýþ Çap;71.373;[mm]
Dýþ Çap;71.343;[mm]
Dýþ Çap;71.434;[mm]
Dýþ Çap;71.464;[mm]
Dýþ Çap;71.463;[mm]
Dýþ Çap;71.333;[mm]
Dýþ Çap;71.438;[mm]
Dýþ Çap;71.351;[mm]
Dýþ Çap;71.344;[mm]
Dýþ Çap;71.325;[mm]
Dýþ Çap;71.387;[mm]
Dýþ Çap;71.501;[mm]
Dýþ Çap;71.476;[mm]
Dýþ Çap;71.428;[mm]
Dýþ Çap;71.483;[mm]
Dýþ Çap;71.376;[mm]
Dýþ Çap;71.434;[mm]
Dýþ Çap;71.320;[mm]
Dýþ Çap;71.415;[mm]
Dýþ Çap;71.447;[mm]
Dýþ Çap;71.488;[mm]
Dýþ Çap;71.364;[mm]
Dýþ Çap;71.439;[mm]
Dýþ Çap;71.339;[mm]
Dýþ Çap;71.381;[mm]
Dýþ Çap;71.386;[mm]
Dýþ Çap;71.324;[mm]
Dýþ Çap;71.289;[mm]
Dýþ Çap; ; 
Dýþ Çap;71.392;[mm]
Dýþ Çap;71.402;[mm]
Dýþ Çap;71.442;[mm]
Dýþ Çap;71.452;[mm]
Dýþ Çap;71.394;[mm]
Dýþ Çap;71.420;[mm]
Dýþ Çap;71.512;[mm]
Dýþ Çap;71.356;[mm]
Dýþ Çap;71.449;[mm]
Dýþ Çap;71.386;[mm]
Dýþ Çap;71.383;[mm]
Dýþ Çap;71.388;[mm]
Dýþ Çap;71.429;[mm]
Dýþ Çap;71.329;[mm]
Dýþ Çap;71.468;[mm]
Dýþ Çap;71.456;[mm]
Dýþ Çap;71.371;[mm]
Dýþ Çap;71.459;[mm]
Dýþ Çap;71.180;[mm]
Dýþ Çap;71.452;[mm]
Dýþ Çap;71.520;[mm]
Dýþ Çap;71.447;[mm]
Dýþ Çap;71.476;[mm]
Dýþ Çap;71.417;[mm]
Dýþ Çap;71.467;[mm]
Dýþ Çap;71.453;[mm]
Dýþ Çap;71.403;[mm]
Dýþ Çap;71.490;[mm]
Dýþ Çap;71.449;[mm]
Dýþ Çap;71.436;[mm]
Dýþ Çap;71.436;[mm]
Dýþ Çap;71.487;[mm]
Dýþ Çap;71.466;[mm]
Dýþ Çap;71.413;[mm]
Dýþ Çap;71.409;[mm]
Dýþ Çap;71.415;[mm]
Dýþ Çap;71.413;[mm]
Dýþ Çap;71.371;[mm]
Dýþ Çap;71.394;[mm]
Dýþ Çap;71.425;[mm]
Dýþ Çap;71.436;[mm]
Dýþ Çap;71.365;[mm]
Dýþ Çap;71.408;[mm]
Dýþ Çap;71.436;[mm]
Dýþ Çap;71.360;[mm]
Dýþ Çap;71.452;[mm]
Dýþ Çap;71.466;[mm]
Dýþ Çap;71.359;[mm]
Dýþ Çap;71.189;[mm]
Dýþ Çap;71.316;[mm]
Dýþ Çap;71.341;[mm]
Dýþ Çap;71.471;[mm]
Dýþ Çap;71.376;[mm]
Dýþ Çap;71.318;[mm]
Dýþ Çap;71.342;[mm]
Dýþ Çap;71.494;[mm]
Dýþ Çap;71.414;[mm]
Dýþ Çap;71.404;[mm]
Dýþ Çap;71.339;[mm]
Dýþ Çap;71.411;[mm]
Dýþ Çap;71.343;[mm]
Dýþ Çap;71.412;[mm]
Dýþ Çap;71.458;[mm]
Dýþ Çap;71.363;[mm]
Dýþ Çap;71.405;[mm]
Dýþ Çap;71.353;[mm]
Dýþ Çap;71.442;[mm]
Dýþ Çap;71.456;[mm]
Dýþ Çap;71.438;[mm]
Dýþ Çap;71.352;[mm]
Dýþ Çap;71.400;[mm]
Dýþ Çap;71.494;[mm]
Dýþ Çap;71.117;[mm]
Dýþ Çap;71.471;[mm]
Dýþ Çap;71.483;[mm]
Dýþ Çap;71.437;[mm]
Dýþ Çap;71.340;[mm]
Dýþ Çap;71.356;[mm]
Dýþ Çap;71.434;[mm]
Dýþ Çap;71.422;[mm]
Dýþ Çap;71.333;[mm]
Dýþ Çap;71.310;[mm]
Dýþ Çap;71.399;[mm]
Dýþ Çap;71.310;[mm]
Dýþ Çap;71.461;[mm]
Dýþ Çap;71.412;[mm]
Dýþ Çap;71.222;[mm]
Dýþ Çap;71.438;[mm]
Dýþ Çap;71.416;[mm]
Dýþ Çap;71.425;[mm]
Dýþ Çap;71.492;[mm]
Dýþ Çap;71.445;[mm]
Dýþ Çap;71.336;[mm]
Dýþ Çap;71.383;[mm]
Dýþ Çap;71.453;[mm]
Dýþ Çap;71.464;[mm]
Dýþ Çap;71.456;[mm]
Dýþ Çap;71.422;[mm]
Dýþ Çap;71.447;[mm]
Dýþ Çap;71.475;[mm]
Dýþ Çap;71.496;[mm]
Dýþ Çap;71.427;[mm]
Dýþ Çap;71.452;[mm]
Dýþ Çap;71.466;[mm]
Dýþ Çap;71.477;[mm]
Dýþ Çap;71.504;[mm]
Dýþ Çap;71.384;[mm]
Dýþ Çap;71.363;[mm]
Dýþ Çap;71.475;[mm]
Dýþ Çap;71.394;[mm]
Dýþ Çap;71.415;[mm]
Dýþ Çap;71.331;[mm]
Dýþ Çap;71.414;[mm]
Dýþ Çap;71.363;[mm]
Dýþ Çap;71.421;[mm]
Dýþ Çap;71.462;[mm]
Dýþ Çap;71.386;[mm]
Dýþ Çap;71.413;[mm]
Dýþ Çap;71.485;[mm]
Dýþ Çap;71.435;[mm]
Dýþ Çap;71.520;[mm]
Dýþ Çap;71.435;[mm]
Dýþ Çap;71.326;[mm]
Dýþ Çap;71.369;[mm]
Dýþ Çap;71.371;[mm]
Dýþ Çap;71.372;[mm]
Dýþ Çap;71.451;[mm]
Dýþ Çap;71.354;[mm]
Dýþ Çap;71.415;[mm]
Dýþ Çap;71.461;[mm]
Dýþ Çap;71.396;[mm]
Dýþ Çap;71.466;[mm]
Dýþ Çap;71.361;[mm]
Dýþ Çap;71.411;[mm]
Dýþ Çap;71.383;[mm]
Dýþ Çap;71.467;[mm]
Dýþ Çap;71.246;[mm]
Dýþ Çap;71.453;[mm]
Dýþ Çap;71.355;[mm]
Dýþ Çap;71.399;[mm]
Dýþ Çap;71.426;[mm]
Dýþ Çap;71.409;[mm]
Dýþ Çap;71.365;[mm]
Dýþ Çap;71.426;[mm]
Dýþ Çap;71.382;[mm]
Dýþ Çap;71.477;[mm]
Dýþ Çap;71.534;[mm]
Dýþ Çap;71.365;[mm]
Dýþ Çap;71.427;[mm]
Dýþ Çap;71.412;[mm]
Dýþ Çap;71.531;[mm]
Dýþ Çap;71.424;[mm]
Dýþ Çap;71.497;[mm]
Dýþ Çap;71.295;[mm]
Dýþ Çap;71.381;[mm]
Dýþ Çap;71.441;[mm]
Dýþ Çap;71.500;[mm]
Dýþ Çap;71.393;[mm]
Dýþ Çap;71.465;[mm]
Dýþ Çap;71.442;[mm]
Dýþ Çap;71.476;[mm]
Dýþ Çap;71.364;[mm]
Dýþ Çap;71.445;[mm]
Dýþ Çap;71.455;[mm]
Dýþ Çap;71.394;[mm]
Dýþ Çap;71.486;[mm]
Dýþ Çap;71.408;[mm]
Dýþ Çap;71.449;[mm]
Dýþ Çap;71.427;[mm]
Dýþ Çap;71.939;[mm]
Dýþ Çap;71.403;[mm]
Dýþ Çap;71.516;[mm]
Dýþ Çap;71.475;[mm]
Dýþ Çap;71.345;[mm]
Dýþ Çap;71.423;[mm]
Dýþ Çap;71.408;[mm]
Dýþ Çap;71.448;[mm]
Dýþ Çap;71.439;[mm]
Dýþ Çap;71.435;[mm]
Dýþ Çap;71.351;[mm]
Dýþ Çap;71.392;[mm]
Dýþ Çap;71.408;[mm]
Dýþ Çap;71.396;[mm]
Dýþ Çap;71.492;[mm]
Dýþ Çap;71.303;[mm]
Dýþ Çap;71.386;[mm]
Dýþ Çap;71.406;[mm]
Dýþ Çap;71.499;[mm]
Dýþ Çap;71.413;[mm]
Dýþ Çap;71.463;[mm]
Dýþ Çap;71.469;[mm]
Dýþ Çap;71.328;[mm]
Dýþ Çap;71.436;[mm]
Dýþ Çap;71.280;[mm]
Dýþ Çap;71.257;[mm]
Dýþ Çap;71.399;[mm]
Dýþ Çap;71.477;[mm]
Dýþ Çap;71.397;[mm]
Dýþ Çap;71.385;[mm]
Dýþ Çap;71.466;[mm]
Dýþ Çap;71.364;[mm]
Dýþ Çap;71.390;[mm]
Dýþ Çap;71.431;[mm]
Dýþ Çap;71.382;[mm]
Dýþ Çap;71.397;[mm]
Dýþ Çap;71.301;[mm]
Dýþ Çap;71.467;[mm]
Dýþ Çap;71.404;[mm]
Dýþ Çap;71.372;[mm]
Dýþ Çap;71.400;[mm]
Dýþ Çap;71.413;[mm]
Dýþ Çap;71.435;[mm]
Dýþ Çap;71.445;[mm]
Dýþ Çap;71.425;[mm]
Dýþ Çap;71.436;[mm]
Dýþ Çap;71.390;[mm]
Dýþ Çap;71.314;[mm]
Dýþ Çap;71.440;[mm]
Dýþ Çap;71.287;[mm]
Dýþ Çap;71.299;[mm]
Dýþ Çap;71.199;[mm]
Dýþ Çap;71.552;[mm]
Dýþ Çap;71.441;[mm]
Dýþ Çap;71.448;[mm]
Dýþ Çap;71.443;[mm]
Dýþ Çap;71.490;[mm]
Dýþ Çap;71.351;[mm]
Dýþ Çap;71.526;[mm]
Dýþ Çap;71.387;[mm]
Dýþ Çap;71.441;[mm]
Dýþ Çap;71.426;[mm]
Dýþ Çap;71.482;[mm]
Dýþ Çap;71.350;[mm]
Dýþ Çap;71.417;[mm]
Dýþ Çap;71.457;[mm]
Dýþ Çap;71.413;[mm]
Dýþ Çap;71.419;[mm]
Dýþ Çap;71.421;[mm]
Dýþ Çap;71.453;[mm]
Dýþ Çap;71.345;[mm]
Dýþ Çap;71.390;[mm]
Dýþ Çap;71.439;[mm]
Dýþ Çap;71.424;[mm]
Dýþ Çap;71.370;[mm]
Dýþ Çap;71.380;[mm]
Dýþ Çap;71.399;[mm]
Dýþ Çap;71.416;[mm]
Dýþ Çap;71.414;[mm]
Dýþ Çap;71.462;[mm]
Dýþ Çap;71.228;[mm]
Dýþ Çap;71.412;[mm]
Dýþ Çap;71.555;[mm]
Dýþ Çap;71.404;[mm]
Dýþ Çap;71.372;[mm]
Dýþ Çap;71.452;[mm]
Dýþ Çap;71.364;[mm]
Dýþ Çap;71.382;[mm]
Dýþ Çap;71.410;[mm]
Dýþ Çap;71.447;[mm]
Dýþ Çap;71.426;[mm]
Dýþ Çap;71.312;[mm]
Dýþ Çap;71.449;[mm]
Dýþ Çap;71.473;[mm]
Dýþ Çap;71.346;[mm]
Dýþ Çap;71.474;[mm]
Dýþ Çap;71.337;[mm]
Dýþ Çap;71.394;[mm]
Dýþ Çap;71.426;[mm]
Dýþ Çap;71.325;[mm]
Dýþ Çap;71.259;[mm]
Dýþ Çap;71.420;[mm]
Dýþ Çap;71.416;[mm]
Dýþ Çap;71.439;[mm]
Dýþ Çap;71.366;[mm]
Dýþ Çap;71.507;[mm]
Dýþ Çap;71.498;[mm]
Dýþ Çap;71.516;[mm]
Dýþ Çap;71.224;[mm]
Dýþ Çap;71.520;[mm]
Dýþ Çap;71.496;[mm]
Dýþ Çap;71.346;[mm]
Dýþ Çap;71.417;[mm]
Dýþ Çap;71.390;[mm]
Dýþ Çap;71.403;[mm]
Dýþ Çap;71.482;[mm]
Dýþ Çap;71.415;[mm]
Dýþ Çap;71.375;[mm]
Dýþ Çap;71.404;[mm]
Dýþ Çap;71.436;[mm]
Dýþ Çap;71.378;[mm]
Dýþ Çap;71.404;[mm]
Dýþ Çap;71.433;[mm]
Dýþ Çap;71.310;[mm]
Dýþ Çap;71.394;[mm]
Dýþ Çap;71.491;[mm]
Dýþ Çap;71.348;[mm]
Dýþ Çap;71.416;[mm]
Dýþ Çap;71.348;[mm]
Dýþ Çap;71.541;[mm]
Dýþ Çap;71.312;[mm]
Dýþ Çap;71.484;[mm]
Dýþ Çap;71.422;[mm]
Dýþ Çap;71.407;[mm]
Dýþ Çap;71.390;[mm]
Dýþ Çap;71.408;[mm]
Dýþ Çap;71.365;[mm]
Dýþ Çap;71.386;[mm]
Dýþ Çap;71.521;[mm]
Dýþ Çap;71.435;[mm]
Dýþ Çap;71.376;[mm]
Dýþ Çap;71.353;[mm]
Dýþ Çap;71.430;[mm]
Dýþ Çap;71.431;[mm]
Dýþ Çap;71.528;[mm]
Dýþ Çap;71.174;[mm]
Dýþ Çap;71.407;[mm]
Dýþ Çap;71.503;[mm]
Dýþ Çap;71.405;[mm]
Dýþ Çap;71.394;[mm]
Dýþ Çap;71.407;[mm]
Dýþ Çap;71.418;[mm]
Dýþ Çap;71.424;[mm]
Dýþ Çap;71.376;[mm]
Dýþ Çap;71.363;[mm]
Dýþ Çap;71.411;[mm]
Dýþ Çap;71.506;[mm]
Dýþ Çap;71.475;[mm]
Dýþ Çap;71.435;[mm]
Dýþ Çap;71.503;[mm]
Dýþ Çap;71.314;[mm]
Dýþ Çap;71.215;[mm]
Dýþ Çap;71.375;[mm]
Dýþ Çap;71.511;[mm]
Dýþ Çap;71.483;[mm]
Dýþ Çap;71.363;[mm]
Dýþ Çap;71.444;[mm]
Dýþ Çap;71.451;[mm]
Dýþ Çap;71.397;[mm]
Dýþ Çap;71.365;[mm]
Dýþ Çap;71.411;[mm]
Dýþ Çap;71.402;[mm]
Dýþ Çap;71.365;[mm]
Dýþ Çap;71.270;[mm]
Dýþ Çap;71.440;[mm]
Dýþ Çap;71.418;[mm]
Dýþ Çap;71.411;[mm]
Dýþ Çap;71.460;[mm]
Dýþ Çap;71.609;[mm]
Dýþ Çap;71.405;[mm]
Dýþ Çap;71.356;[mm]
Dýþ Çap;71.483;[mm]
Dýþ Çap;71.404;[mm]
Dýþ Çap;71.385;[mm]
Dýþ Çap;71.335;[mm]
Dýþ Çap;71.383;[mm]
Dýþ Çap;71.547;[mm]
Dýþ Çap;71.430;[mm]
Dýþ Çap;71.482;[mm]
Dýþ Çap;71.398;[mm]
Dýþ Çap;71.362;[mm]
Dýþ Çap;71.335;[mm]
Dýþ Çap;71.344;[mm]
Dýþ Çap;71.469;[mm]
Dýþ Çap;71.461;[mm]
Dýþ Çap;71.491;[mm]
Dýþ Çap;71.527;[mm]
Dýþ Çap;71.502;[mm]
Dýþ Çap;71.389;[mm]
Dýþ Çap;71.507;[mm]
Dýþ Çap;71.479;[mm]
Dýþ Çap;71.390;[mm]
Dýþ Çap;71.414;[mm]
Dýþ Çap;71.441;[mm]
Dýþ Çap;71.444;[mm]
Dýþ Çap;71.376;[mm]
Dýþ Çap;71.477;[mm]
Dýþ Çap;71.441;[mm]
Dýþ Çap;71.459;[mm]
Dýþ Çap;71.498;[mm]
Dýþ Çap;71.491;[mm]
Dýþ Çap;71.292;[mm]
Dýþ Çap;71.460;[mm]
Dýþ Çap;71.454;[mm]
Dýþ Çap;71.421;[mm]
Dýþ Çap;71.409;[mm]
Dýþ Çap;71.374;[mm]
Dýþ Çap;71.345;[mm]
Dýþ Çap;71.342;[mm]
Dýþ Çap;71.352;[mm]
Dýþ Çap;71.393;[mm]
Dýþ Çap;71.432;[mm]
Dýþ Çap;71.372;[mm]
Dýþ Çap;71.414;[mm]
Dýþ Çap;71.373;[mm]
Dýþ Çap;71.364;[mm]
Dýþ Çap;71.490;[mm]
Dýþ Çap;71.461;[mm]
Dýþ Çap;71.333;[mm]
Dýþ Çap;71.327;[mm]
Dýþ Çap;71.461;[mm]
Dýþ Çap;71.370;[mm]
Dýþ Çap;71.358;[mm]
Dýþ Çap;71.555;[mm]
Dýþ Çap;71.364;[mm]
Dýþ Çap;71.399;[mm]
Dýþ Çap;71.456;[mm]
Dýþ Çap;71.416;[mm]
Dýþ Çap;71.410;[mm]
Dýþ Çap;71.408;[mm]
Dýþ Çap;71.493;[mm]
Dýþ Çap;71.360;[mm]
Dýþ Çap;71.486;[mm]
Dýþ Çap;71.397;[mm]
Dýþ Çap;71.415;[mm]
Dýþ Çap;71.490;[mm]
Dýþ Çap;71.386;[mm]
Dýþ Çap;71.460;[mm]
Dýþ Çap;71.388;[mm]
Dýþ Çap;71.571;[mm]
Dýþ Çap;71.472;[mm]
Dýþ Çap;71.469;[mm]
Dýþ Çap;71.420;[mm]
Dýþ Çap;71.441;[mm]
Dýþ Çap;71.320;[mm]
Dýþ Çap;71.353;[mm]
Dýþ Çap;71.334;[mm]
Dýþ Çap;71.475;[mm]
Dýþ Çap;71.331;[mm]
Dýþ Çap;71.428;[mm]
Dýþ Çap;71.444;[mm]
Dýþ Çap;71.448;[mm]
Dýþ Çap;71.334;[mm]
Dýþ Çap;71.501;[mm]
Dýþ Çap;71.344;[mm]
Dýþ Çap;71.327;[mm]
Dýþ Çap;71.493;[mm]
Dýþ Çap;71.426;[mm]
Dýþ Çap;71.404;[mm]
Dýþ Çap;71.481;[mm]
Dýþ Çap;71.383;[mm]
Dýþ Çap;71.429;[mm]
Dýþ Çap;71.400;[mm]
Dýþ Çap;71.543;[mm]
Dýþ Çap;71.429;[mm]
Dýþ Çap;71.445;[mm]
Dýþ Çap;71.450;[mm]
Dýþ Çap;71.478;[mm]
Dýþ Çap;71.469;[mm]
Dýþ Çap;71.516;[mm]
Dýþ Çap;71.479;[mm]
Dýþ Çap;71.431;[mm]
Dýþ Çap;71.441;[mm]
Dýþ Çap;71.463;[mm]
Dýþ Çap;71.583;[mm]
Dýþ Çap;71.364;[mm]
Dýþ Çap;71.423;[mm]
Dýþ Çap;71.519;[mm]
Dýþ Çap;71.348;[mm]
Dýþ Çap;71.393;[mm]
Dýþ Çap;71.417;[mm]
Dýþ Çap;71.498;[mm]
Dýþ Çap;71.294;[mm]
Dýþ Çap;71.509;[mm]
Dýþ Çap;71.470;[mm]
Dýþ Çap;71.414;[mm]
Dýþ Çap;71.490;[mm]
Dýþ Çap;71.503;[mm]
Dýþ Çap;71.513;[mm]
Dýþ Çap;71.418;[mm]
